cheY	araF	fliS	pykF	motB	glnK	deoC	cheW	fliD	yhjH	aceF	yrdB	tyrA	flgN	yjdA	flgM	araE	nac	trg	cheZ	pck	motA	udp	cheA	yeeD	cbpM	ymgC	araA	appB	ucpA	ves	ccmD	yjjZ	tar	araH	ymgA	cheR	cadB	bglG	yjdI	flxA	fhuF	atpC	artQ	ksgA	flgL	ycgZ	araD	hyaE	dmsA	fliZ	modC	nupG	ryhB	cheB	cycA	appC	arnB	betA	yjcZ	tap	fliC	ycgR	ycdZ	yjjI	betI	tsr	modB	rimN	araB	hyaB	flgK	ygeA	flgD
9.9974500	8.7412000	9.8577500	10.6665000	8.8307000	7.2851500	9.4647000	10.7935000	10.2520000	10.4920000	11.9100000	8.5599000	8.0403500	11.0290000	8.6601500	11.3555000	8.3679500	6.8959500	9.1919500	9.5712000	11.9170000	9.0618000	10.6175000	10.7795000	7.7341000	8.3816500	6.3985500	8.9092000	7.5896000	10.3125000	8.5678000	7.5959000	6.1386500	10.6510000	8.0555000	10.2660000	8.6521500	7.8517000	6.2485000	9.1358000	8.9225500	7.7355000	11.1720000	9.4868500	10.4290000	10.1545000	10.2445000	8.6903000	7.4038500	7.9464500	11.0080000	8.4038000	8.2152500	7.3229500	9.0076500	9.3007500	8.3853500	7.1923000	9.7940500	8.5021000	9.2822500	11.8935000	9.4310000	8.3299500	7.5237000	10.2895000	9.5997000	9.4248500	9.6131500	8.6699000	7.9574500	9.9712000	8.2653000	12.7085000
9.4998000	7.6559000	8.6806000	8.9212000	11.0440000	7.1854000	8.3334000	10.5600000	9.0630000	11.7470000	10.3040000	9.0521000	8.3808000	12.7420000	10.2400000	12.7400000	7.5547000	7.3888000	9.1565000	9.6204000	9.7831000	11.7440000	8.9340000	11.2360000	7.2678000	8.5188000	7.7838000	7.0470000	6.6510000	9.1704000	10.1710000	6.7381000	7.3341000	10.4240000	7.5412000	10.8760000	8.9515000	7.2578000	6.0734000	7.6525000	13.4070000	12.4280000	10.6330000	7.7970000	8.7508000	10.8100000	10.6910000	8.0106000	6.2952000	8.0673000	9.9653000	8.9971000	7.3850000	9.5564000	8.8099000	9.6075000	7.4778000	7.4412000	10.3590000	8.7138000	10.0760000	12.7190000	10.0760000	9.9743000	7.0607000	10.8630000	11.0160000	10.2470000	8.8466000	7.4303000	6.8205000	10.0700000	7.4267000	10.0710000
