cheY	araF	fliS	pykF	motB	glnK	deoC	cheW	fliD	yhjH	aceF	yrdB	tyrA	flgN	yjdA	flgM	araE	nac	trg	cheZ	pck	motA	udp	cheA	yeeD	cbpM	ymgC	araA	appB	ucpA	ves	ccmD	yjjZ	tar	araH	ymgA	cheR	cadB	bglG	yjdI	flxA	fhuF	atpC	artQ	ksgA	flgL	ycgZ	araD	hyaE	dmsA	fliZ	modC	nupG	ryhB	cheB	cycA	appC	arnB	betA	yjcZ	tap	fliC	ycgR	ycdZ	yjjI	betI	tsr	modB	rimN	araB	hyaB	flgK	ygeA	flgD
11.2573333	8.2340000	10.7060000	10.4440000	10.8990000	7.8359333	9.6358333	11.9260000	10.9506667	12.0260000	10.9681333	8.3311667	8.1360000	11.8786667	10.1926667	11.9753333	8.0977000	7.1487667	10.4688333	11.2783333	9.9334000	11.1786667	12.1333333	11.9850000	9.1175000	8.5842000	4.3728667	7.9306333	7.9927333	10.2300667	10.4476667	7.3610333	6.6724000	11.9140000	7.5589333	8.2044000	9.7291667	7.4518333	6.3693000	8.3325000	11.3696667	8.5898000	11.7490000	9.0765333	9.6453667	10.7943333	7.5387000	9.0552000	7.9215333	8.2251000	10.5926667	9.1683333	9.3563333	8.2759333	10.3000000	8.8460000	8.5915000	7.2876333	9.1536333	9.8419000	10.7303333	13.1226667	9.7138333	11.6556667	7.8960000	9.0176667	11.6193333	9.9322333	8.9897000	8.4142667	8.6638667	10.5403333	7.7970000	12.0090000
8.4416000	7.9217000	7.5348000	10.1590000	6.9767000	7.0856000	9.0393000	8.3399000	6.5004000	8.3626000	10.7680000	8.7296000	9.5864000	7.9012000	7.4981000	8.0896000	7.7347000	7.2620000	8.2912000	7.9966000	10.6010000	7.0922000	10.3530000	7.9728000	12.8150000	8.3799000	4.3556000	7.8097000	7.6277000	9.2680000	8.1895000	7.7178000	6.8197000	8.4148000	7.2733000	8.3117000	7.8908000	7.1331000	6.5920000	7.9775000	7.0996000	9.2414000	12.9600000	9.0478000	9.0856000	7.9712000	7.8517000	8.5207000	7.4608000	9.7049000	6.7259000	8.1688000	7.9391000	8.3725000	7.5208000	10.2050000	8.5895000	7.3365000	8.5847000	8.1273000	8.4491000	8.8209000	6.0288000	9.4267000	8.1984000	8.6366000	8.7994000	8.5167000	9.5270000	8.0172000	8.2783000	6.9483000	7.9831000	8.2414000
