cheY	araF	fliS	pykF	motB	glnK	deoC	cheW	fliD	yhjH	aceF	yrdB	tyrA	flgN	yjdA	flgM	araE	nac	trg	cheZ	pck	motA	udp	cheA	yeeD	cbpM	ymgC	araA	appB	ucpA	ves	ccmD	yjjZ	tar	araH	ymgA	cheR	cadB	bglG	yjdI	flxA	fhuF	atpC	artQ	ksgA	flgL	ycgZ	araD	hyaE	dmsA	fliZ	modC	nupG	ryhB	cheB	cycA	appC	arnB	betA	yjcZ	tap	fliC	ycgR	ycdZ	yjjI	betI	tsr	modB	rimN	araB	hyaB	flgK	ygeA	flgD
7.6228000	7.0284333	6.8553000	10.7253333	7.0039333	7.7241667	9.4490333	7.6377000	5.6777667	7.9460667	9.9347333	8.6502000	9.0306000	6.3661667	5.8515000	6.9012333	8.9505333	7.6138000	7.2369333	7.6998667	8.5069333	7.2701667	10.4953333	7.7503667	11.7513333	10.6163333	4.6923333	7.7699333	11.2253333	8.6079667	7.2836667	8.4924000	6.4698667	7.7849333	8.1494333	6.0463333	7.8007667	7.5633333	5.6976333	9.1771000	6.9676000	8.3375667	11.1570000	10.0906667	10.2554333	8.3095333	6.9376333	7.3403333	11.0120000	9.4474333	6.3922667	8.1135000	7.7396333	7.4765333	7.1762333	10.5010000	11.6293333	7.9909667	7.5590000	7.8535000	6.8844333	8.8762000	6.8367667	9.6513000	7.4595000	6.9165667	7.6582667	8.7194000	9.5771000	7.5203000	10.5176667	6.3279333	8.4501000	7.2318333
8.4888000	7.6736000	7.9127000	11.3470000	7.0907000	12.6130000	9.0546333	8.4151000	7.0984000	8.6019333	11.1313333	8.5434333	8.6159667	8.1641333	7.1733333	7.9646333	8.5174333	13.3620000	8.9739333	8.3803000	9.1955000	7.5964000	8.9230667	8.0209000	10.8956667	9.2397667	7.2198667	8.3573000	8.6164333	9.0077667	8.6426000	7.3317000	6.7532667	8.9929333	8.2509667	11.8160000	8.1590667	7.5159333	7.0152000	8.7246000	8.0989000	8.7803333	9.4025333	9.6916667	9.8408333	8.5412333	10.4403333	9.3308000	7.7754000	8.0276333	7.0125333	8.5062667	7.2963667	8.5606000	7.4302333	9.1585333	9.9400333	7.9259667	9.3947000	8.2110667	8.8214333	8.5325667	6.7560000	8.0256000	7.8542000	10.1726667	9.2280667	8.4680667	9.3107000	8.3322000	8.2210000	7.1106000	7.9541000	8.3972333
