cheY	araF	fliS	pykF	motB	glnK	deoC	cheW	fliD	yhjH	aceF	yrdB	tyrA	flgN	yjdA	flgM	araE	nac	trg	cheZ	pck	motA	udp	cheA	yeeD	cbpM	ymgC	araA	appB	ucpA	ves	ccmD	yjjZ	tar	araH	ymgA	cheR	cadB	bglG	yjdI	flxA	fhuF	atpC	artQ	ksgA	flgL	ycgZ	araD	hyaE	dmsA	fliZ	modC	nupG	ryhB	cheB	cycA	appC	arnB	betA	yjcZ	tap	fliC	ycgR	ycdZ	yjjI	betI	tsr	modB	rimN	araB	hyaB	flgK	ygeA	flgD
11.3625000	8.8548000	11.5200000	10.6335000	10.9090000	7.7495000	10.1815000	11.4790000	11.9145000	12.2925000	11.3330000	8.6101500	7.7819500	12.6765000	11.2495000	12.7350000	8.2015500	7.5815000	10.4310000	11.5590000	10.9400000	11.3230000	10.3000000	11.9725000	8.0318500	10.5320000	4.5290000	8.5106500	9.7575500	10.2245000	10.0680000	7.8019000	6.7390500	13.1680000	7.8945000	8.1742000	10.6105000	10.6095000	6.2311500	10.7895000	10.2368500	7.7990500	9.1163500	8.7023000	10.4270000	11.0990000	7.9533000	8.8950500	11.0410000	10.8835000	10.8285000	9.4270000	7.2382000	7.7392000	10.9960000	8.4173000	11.0335000	7.6930500	8.6088500	10.4320000	11.4115000	13.7475000	10.7570000	8.1321500	9.6018000	8.8293500	9.8696500	10.2565000	8.8595000	8.4086000	12.3985000	11.8680000	7.9657500	8.7997500
8.0661500	10.5930000	7.4915500	11.1645000	6.8184500	7.9094500	10.4495000	7.7230000	7.0294500	8.7132500	12.5675000	9.5261500	7.6718000	7.8860500	7.9509500	7.7519500	12.3880000	6.8293500	8.3630000	7.7769000	11.0570000	7.0252500	11.7735000	8.0810000	7.7798500	7.9435500	4.5536000	13.5865000	7.3646500	10.3145000	7.9626500	7.0380000	7.1320000	8.0277000	10.5690000	7.8275000	7.3767000	8.6780000	8.2228500	9.2297000	7.5178000	8.1984500	10.2115000	8.4942000	9.3673500	7.8644500	7.5526000	12.9135000	7.6490500	8.1669000	6.7859000	7.6806000	8.4408000	8.0851500	7.4032000	8.4884000	8.5212500	6.9702000	8.5362500	8.4731000	7.9713000	7.7777500	6.5101500	7.8900000	7.4841000	8.0375000	9.0438500	8.2705000	9.7709500	13.7405000	8.3815500	6.5341000	11.1170000	7.4995500
