cheY	araF	fliS	pykF	motB	glnK	deoC	cheW	fliD	yhjH	aceF	yrdB	tyrA	flgN	yjdA	flgM	araE	nac	trg	cheZ	pck	motA	udp	cheA	yeeD	cbpM	ymgC	araA	appB	ucpA	ves	ccmD	yjjZ	tar	araH	ymgA	cheR	cadB	bglG	yjdI	flxA	fhuF	atpC	artQ	ksgA	flgL	ycgZ	araD	hyaE	dmsA	fliZ	modC	nupG	ryhB	cheB	cycA	appC	arnB	betA	yjcZ	tap	fliC	ycgR	ycdZ	yjjI	betI	tsr	modB	rimN	araB	hyaB	flgK	ygeA	flgD
8.9124667	8.6247000	7.9659667	11.0510000	7.9523000	7.6129667	9.9650333	8.9215667	7.2248000	8.3469000	10.0351000	8.4885667	8.2055333	8.8847333	7.4822667	9.1069667	8.5053333	7.2472333	9.0174000	8.4557667	9.9450667	8.0892667	13.1146667	8.6483333	9.6961333	8.7285000	5.2595000	7.8828667	7.9085000	9.6900333	8.8572667	7.0782333	9.8014000	9.6013333	8.1396667	9.8478333	8.0637000	7.0062000	6.1957667	9.4517667	8.3170000	11.0676667	9.8077000	10.1312333	10.3393333	8.7100000	9.5904667	8.8450333	7.8194667	7.9461000	7.2976000	8.0317000	9.6723667	10.7109667	8.0207000	9.6592333	8.5217333	7.6854333	9.4124333	8.1633667	9.1143000	10.0792000	7.3376333	12.1143333	7.4615667	9.7463000	9.3281000	8.2239000	8.9597000	8.1081000	8.2621667	7.6804667	8.0479667	9.1153333
9.1663000	8.1000000	8.8667000	8.7805000	7.9301000	7.9140000	8.8679000	8.8265000	6.9800000	8.5680000	9.9955000	8.3355000	8.0476000	8.1726000	7.6419000	8.6258000	8.0394000	7.4072000	9.4018000	8.1712000	9.9699000	7.3492000	8.9478000	8.6438000	9.6505000	8.9636000	4.6721000	8.7752000	7.7355000	11.0990000	9.0578000	7.0724000	8.4185000	9.5955000	7.3745000	8.1903000	8.0472000	7.5267000	6.7657000	8.5901000	8.0992000	9.1037000	10.0840000	8.2859000	8.9228000	8.2419000	8.0485000	9.4959000	8.0693000	8.5361000	6.6035000	8.3523000	7.6053000	9.7203000	8.6016000	10.0710000	9.1177000	7.3352000	9.4761000	9.0754000	9.4002000	8.6765000	7.3129000	9.1296000	7.9767000	8.9173000	9.8499000	7.9592000	9.2310000	8.9259000	8.9457000	7.3378000	7.9695000	9.2585000
