ymgC	modC	cheA	fhuF	hcaR	pykF	yjcZ	ybiT	fliS	modB	yjcH	deoC	yfcG	aceB	cheR	cheZ	fliC	flgK	gadA	cheW	aceK	udp	cheB	betA	artQ	flgM	isrA	ymgA	motA	cstA	motB	fadJ	ccmD	tar	fliZ	ycgZ	ynjH	trg	fliA	aceF	dadA	glnK	flgN	bioB	flxA	ryhB	cbpA	bcsE	artP	tap	ves	betI	rimN	yghZ	fadB	nupG	fecI	fadA	tsr	yrdB	cheY	bcsA	flgL	fliD	potA	ycgR	bioC	fliT	cycA	yhjH	actP	rbsB	yjdA
4.2281000	7.8178667	5.4722333	7.9892333	8.0284667	9.7514333	8.5594000	9.1428000	7.3966667	8.9844000	7.9544000	8.5435667	8.6604333	10.8056667	7.9944667	8.7342000	8.0834333	7.0391667	8.6056333	6.1688667	8.6278000	9.2226667	7.4092333	8.3301667	9.5573000	7.7783333	8.9181000	6.6250667	5.3057667	9.0104000	5.3658000	8.6616000	7.9303667	6.5702667	6.7014333	6.7599000	6.8001333	8.4548000	7.3239667	12.3510000	9.1520333	8.7917333	8.0320667	8.5751667	7.3090667	7.1908000	10.0078667	9.2696333	9.8211333	5.7008333	8.0977000	7.7316667	9.0535667	8.4150667	8.2898667	7.9193000	8.4284000	8.5478000	8.4415000	8.4259333	7.6271667	8.7564667	8.4767667	7.3707333	8.1100000	7.0708667	7.4826333	8.0863667	9.3624000	8.8228000	8.1975667	9.2139000	8.2218333
4.3465000	8.0430000	7.7965000	10.6050000	8.6796000	10.1850000	8.2970000	9.5346000	7.9132000	8.9673000	9.6742000	8.6708000	8.6294000	12.8180000	7.8142000	8.1079000	8.4311000	6.6133000	10.5360000	8.1825000	9.7160000	9.3807000	7.3873000	8.5640000	9.2488000	8.2547000	6.3933000	7.7578000	7.4871000	12.0810000	6.6705000	10.1980000	7.6986000	8.2242000	6.9362000	7.3923000	6.7514000	8.3261000	6.9296000	10.7890000	9.5107000	7.6400000	8.3722000	10.1570000	7.9199000	9.5060000	10.0990000	9.0386000	9.7376000	8.3498000	8.1158000	8.1144000	10.1450000	9.2354000	8.4687000	7.6775000	9.6888000	8.7766000	8.7984000	9.4068000	8.4029000	8.1402000	7.8933000	7.3164000	9.2784000	6.7760000	7.7882000	8.6919000	9.8758000	8.5247000	10.1450000	11.6190000	7.3451000
