ymgC	modC	cheA	fhuF	hcaR	pykF	yjcZ	ybiT	fliS	modB	yjcH	deoC	yfcG	aceB	cheR	cheZ	fliC	flgK	gadA	cheW	aceK	udp	cheB	betA	artQ	flgM	isrA	ymgA	motA	cstA	motB	fadJ	ccmD	tar	fliZ	ycgZ	ynjH	trg	fliA	aceF	dadA	glnK	flgN	bioB	flxA	ryhB	cbpA	bcsE	artP	tap	ves	betI	rimN	yghZ	fadB	nupG	fecI	fadA	tsr	yrdB	cheY	bcsA	flgL	fliD	potA	ycgR	bioC	fliT	cycA	yhjH	actP	rbsB	yjdA
4.7563000	8.3403000	7.8534667	10.0110333	8.2893000	10.6606667	7.9141000	9.4983000	7.7517000	8.4780333	8.7214333	9.1221333	8.4534667	12.8236667	7.8255667	7.9432000	8.2602333	7.1743667	8.8194667	8.2276000	9.1590000	9.7662000	7.6253667	9.0806667	9.2417333	8.4615000	9.2751000	8.4086667	7.0496333	10.3790000	7.4238667	9.3243000	7.4062000	8.4927333	6.7957000	8.1591000	7.2474333	8.5307667	7.4887333	11.6953333	9.0779000	8.7561667	8.3202333	10.7066667	7.6239333	8.7091333	10.2763333	9.0509333	10.5333333	8.6438667	8.3173000	9.2982333	9.6347000	8.4380000	9.1208667	7.1506333	9.1076667	8.5372667	8.6574333	8.7779667	8.6730333	7.8966000	8.0668000	7.1009667	9.7778333	6.5837333	9.0959667	8.3178333	9.0016667	7.7912000	8.0547667	10.5603333	7.1152667
4.3719000	7.9219000	5.2073333	8.5097000	8.4510667	9.9114000	8.6162667	8.9312667	7.8179333	9.0235667	9.9334000	9.1493333	9.0281333	13.9620000	7.9811333	9.1608000	8.5156000	7.4879333	10.8367667	6.1417000	9.9723000	9.1163667	7.4336667	8.1041000	8.7639333	8.1616333	9.6921000	6.9230000	5.2717333	10.8916667	5.4477000	9.8300667	7.7859333	6.5232333	6.7514667	6.8000000	6.9524333	8.9298667	7.8027000	9.2529667	9.1117333	7.7126333	8.6182667	8.8940667	7.7132333	7.3594000	11.0453333	8.6610000	9.2825333	5.7908333	8.5015000	8.1855333	8.4968000	9.2383000	8.4639667	8.2269333	8.7776333	8.7372000	8.9238000	8.5735000	7.8223333	9.1446333	8.9823667	7.4544333	7.2908333	7.4764667	7.6590000	8.6614333	9.3475000	8.7237333	9.4960667	9.9245667	8.3140333
