ymgC	modC	cheA	fhuF	hcaR	pykF	yjcZ	ybiT	fliS	modB	yjcH	deoC	yfcG	aceB	cheR	cheZ	fliC	flgK	gadA	cheW	aceK	udp	cheB	betA	artQ	flgM	isrA	ymgA	motA	cstA	motB	fadJ	ccmD	tar	fliZ	ycgZ	ynjH	trg	fliA	aceF	dadA	glnK	flgN	bioB	flxA	ryhB	cbpA	bcsE	artP	tap	ves	betI	rimN	yghZ	fadB	nupG	fecI	fadA	tsr	yrdB	cheY	bcsA	flgL	fliD	potA	ycgR	bioC	fliT	cycA	yhjH	actP	rbsB	yjdA
4.3111500	8.4105000	8.7664500	7.8749000	8.2531000	10.8230000	8.2247500	9.1648000	8.0669000	8.3938000	6.7033000	10.1385000	9.1619000	12.5435000	8.0634000	8.2633000	9.5312500	8.0368500	13.6475000	8.8370500	7.9111500	9.8723500	8.0227500	8.6195000	8.8280000	8.8547000	8.8421500	7.7594500	8.1164000	9.5459500	8.1560000	9.1823000	7.8653000	9.5442000	7.0892000	7.4873500	7.6655500	9.2701000	7.7266000	11.0385000	9.5218500	7.7902500	8.6804000	8.1924500	8.1314500	7.7452500	12.1500000	7.4987500	11.0455000	8.9860000	8.6419000	8.6364500	8.8154000	9.7601500	8.0550500	7.4405000	8.0403500	8.0631000	9.3478500	8.4058500	8.9030500	8.4773500	8.5996000	7.4240000	8.0815000	7.4701500	7.7890000	8.6642500	8.9230500	8.5227000	6.9181000	11.8250000	7.7981500
4.3454000	8.8036000	11.5220000	9.5838000	7.8741000	10.4940000	9.1836000	9.7747000	10.9550000	9.8813000	6.8955000	11.1140000	7.6818000	9.2023000	9.6277000	10.1350000	13.0040000	10.4880000	6.1819000	11.0550000	8.1103000	11.6480000	9.9598000	8.9085000	8.8622000	11.8800000	8.9033000	7.9644000	10.5130000	9.9183000	10.4230000	9.1301000	7.5867000	11.2940000	10.6530000	7.4199000	8.4058000	9.5252000	11.3800000	11.8250000	10.2770000	7.7735000	11.7880000	8.1211000	11.4890000	8.3542000	9.5254000	9.4065000	10.1770000	10.3270000	9.4150000	9.0007000	10.2350000	8.9850000	8.1559000	9.3983000	9.2811000	8.2252000	11.8780000	8.7985000	11.0360000	8.2854000	10.5450000	11.2860000	9.9083000	8.9852000	7.7656000	10.7020000	8.2002000	11.3570000	7.2425000	10.8170000	8.8250000
