ymgC	modC	cheA	fhuF	hcaR	pykF	yjcZ	ybiT	fliS	modB	yjcH	deoC	yfcG	aceB	cheR	cheZ	fliC	flgK	gadA	cheW	aceK	udp	cheB	betA	artQ	flgM	isrA	ymgA	motA	cstA	motB	fadJ	ccmD	tar	fliZ	ycgZ	ynjH	trg	fliA	aceF	dadA	glnK	flgN	bioB	flxA	ryhB	cbpA	bcsE	artP	tap	ves	betI	rimN	yghZ	fadB	nupG	fecI	fadA	tsr	yrdB	cheY	bcsA	flgL	fliD	potA	ycgR	bioC	fliT	cycA	yhjH	actP	rbsB	yjdA
5.0102000	8.4522000	8.0028000	10.5420000	8.6357000	9.7503000	8.2539000	10.7120000	7.7538000	8.6874000	9.6546000	8.8110000	7.7223000	10.1510000	7.7998000	7.8215000	8.1464000	7.0289000	5.7566000	8.4465000	8.0019000	9.9097000	7.7299000	9.5733000	8.6510000	8.2813000	9.9691000	9.0366000	6.9472000	11.2060000	7.4940000	9.6044000	7.2326000	8.7336000	6.0665000	8.5863000	7.4420000	8.6841000	7.3377000	11.4280000	11.8920000	7.8431000	8.2422000	8.8344000	7.5560000	10.3440000	9.7511000	8.6310000	9.8201000	8.7181000	8.4614000	9.7784000	9.5991000	9.1943000	10.0960000	7.6216000	9.9987000	9.6474000	8.8985000	8.5089000	8.5511000	7.8279000	8.3083000	6.5348000	10.5000000	6.6137000	8.0788000	8.0307000	9.8396000	8.0345000	9.6870000	10.4700000	7.3729000
4.5089333	8.3871000	8.2921000	8.9061333	8.6126000	10.6583333	8.2698667	9.5510667	7.9542667	8.5430667	7.6822000	9.2572000	7.8322333	10.1583000	7.8712333	7.7945000	8.3481333	7.4491000	5.9407000	8.4006000	8.1963667	9.5918000	7.9411000	8.8599333	8.9732333	8.4576000	9.3715333	8.3343333	7.2446333	10.2089667	7.6494667	9.6455000	7.6499333	8.8061333	7.0461667	8.3044333	7.3848333	8.9413667	8.1563000	11.3096667	10.6570000	7.7959000	8.0947667	8.5188333	7.6779333	7.7500333	9.6133000	8.6303333	10.4750000	8.9561333	8.7360333	8.9624667	9.5263000	9.2437333	8.6124000	8.3392000	8.7939667	8.5109333	9.1246667	8.7035667	8.9085667	8.2531667	8.2006333	7.2018333	9.7664000	6.9120667	7.9267333	8.5344667	8.4581667	7.9865000	7.4196333	12.7006667	7.3796333
