ymgC	modC	cheA	fhuF	hcaR	pykF	yjcZ	ybiT	fliS	modB	yjcH	deoC	yfcG	aceB	cheR	cheZ	fliC	flgK	gadA	cheW	aceK	udp	cheB	betA	artQ	flgM	isrA	ymgA	motA	cstA	motB	fadJ	ccmD	tar	fliZ	ycgZ	ynjH	trg	fliA	aceF	dadA	glnK	flgN	bioB	flxA	ryhB	cbpA	bcsE	artP	tap	ves	betI	rimN	yghZ	fadB	nupG	fecI	fadA	tsr	yrdB	cheY	bcsA	flgL	fliD	potA	ycgR	bioC	fliT	cycA	yhjH	actP	rbsB	yjdA
5.5037000	9.0509000	11.2240000	7.4843000	8.2540000	8.6368000	8.9692000	10.1850000	8.6487000	10.1030000	6.2995000	9.6578000	7.4303000	9.1644000	8.4955000	8.8880000	12.6670000	10.1470000	5.8793000	10.4720000	7.5719000	8.8013000	8.6495000	8.7827000	7.5503000	11.2960000	9.3464000	9.6644000	11.9110000	10.0100000	11.4010000	9.0778000	7.6501000	9.6212000	10.0010000	9.0887000	8.0059000	9.4788000	11.1380000	10.2140000	10.4240000	7.1649000	11.0630000	7.8508000	12.4700000	6.9496000	9.3231000	7.6256000	9.0791000	9.1477000	10.4930000	10.3990000	10.1280000	8.3615000	8.3221000	7.2103000	7.6437000	8.4045000	11.6210000	9.1034000	9.2457000	7.8499000	10.0540000	8.8539000	10.1260000	9.2740000	7.5598000	8.5558000	9.7873000	11.7390000	6.7939000	9.1666000	9.5889000
4.9046000	8.2808667	8.0994000	8.5866333	8.2929000	10.1546667	8.2673333	8.9674333	7.7583333	7.8581333	7.3069000	8.6038333	9.2560333	13.3763333	8.1369667	9.0236000	8.9937333	7.2058333	13.3826667	8.6518667	8.9293000	8.5541667	7.6328333	9.5332000	9.2716667	8.0460000	8.8379667	9.7146333	7.4680000	9.1960667	7.8495667	8.8355667	7.0231667	9.3693333	7.4741333	8.1729333	7.2865667	8.9749000	8.1530333	10.7983333	10.3783333	13.0953333	8.7853667	10.4016667	8.3949667	7.1033000	11.6983333	8.0219000	11.5173333	8.4817333	8.6155000	10.6773333	8.7958667	8.2823667	7.8213667	7.2763333	8.4836667	7.8144667	9.0330667	8.8032333	7.9618000	9.0087333	8.7114333	7.7995000	7.6417333	7.2216333	8.2129667	9.2278000	9.1950000	8.3299333	7.4009667	9.5261000	7.3318000
