fhuF	fliC	motB	yhjH	araB	yjcH
7.7990500	13.7475000	10.9090000	12.2925000	8.4086000	6.5248000
11.0676667	10.0792000	7.9523000	8.3469000	8.1081000	6.1164333
