fhuF	fliC	motB	yhjH	araB	yjcH
8.3375667	8.8762000	7.0039333	7.9460667	7.5203000	6.7023333
9.1037000	8.6765000	7.9301000	8.5680000	8.9259000	9.7748000
