fhuF	fliC	motB	yhjH	araB	yjcH
7.7355000	11.8935000	8.8307000	10.4920000	8.6699000	9.7496000
8.3666000	12.1620000	9.9807000	10.2610000	8.3797000	7.3458000
