fhuF	fliC	motB	yhjH	araB	yjcH
12.4280000	12.7190000	11.0440000	11.7470000	7.4303000	5.5497000
9.2414000	8.8209000	6.9767000	8.3626000	8.0172000	8.9353000
