fhuF	fliC	motB	yhjH	araB	yjcH
7.7355000	11.8935000	8.8307000	10.4920000	8.6699000	9.7496000
8.3375667	8.8762000	7.0039333	7.9460667	7.5203000	6.7023333
8.3666000	12.1620000	9.9807000	10.2610000	8.3797000	7.3458000
12.4280000	12.7190000	11.0440000	11.7470000	7.4303000	5.5497000
9.2414000	8.8209000	6.9767000	8.3626000	8.0172000	8.9353000
8.1984500	7.7777500	6.8184500	8.7132500	13.7405000	7.4726000
9.1037000	8.6765000	7.9301000	8.5680000	8.9259000	9.7748000
8.6859000	13.8090000	10.4430000	12.5340000	8.7440000	11.0780000
