cheY	cstA	fliS	motB	glnK	deoC	cheW	fliD	yhjH	dadA	yrdB	tyrA	artI	flgN	flgM	yjdA	bioD	nac	trg	cheZ	pck	astA	hcaR	motA	udp	cheA	yeeD	fadA	ymgC	appB	ves	ucpA	aceK	ccmD	yjjZ	tar	cheR	ymgA	cadB	agaD	livG	bglG	yjdI	flxA	yjcH	fadB	fhuF	aceB	flgL	ycgZ	hyaE	fliZ	modC	nupG	ryhB	cheB	cycA	appC	yjcZ	tap	fliC	ycgR	astC	ycdZ	bioC	actP	astB	tsr	modB	rimN	bcsF	hyaB	flgK	aldA	flgD
11.6905000	9.2533500	10.8035000	11.1070000	9.3159000	8.5445500	11.4985000	11.5905000	11.0430000	10.2970000	9.1318500	8.9819000	10.2585000	11.7815000	11.7290000	9.5861000	8.1065500	7.9980500	9.0966000	11.4820000	9.2043000	8.4654500	7.4870500	11.3035000	8.6697000	11.8135000	11.0070000	7.8764500	4.3898500	10.5770000	9.8489500	8.6230500	8.9485500	7.7094000	7.5129000	11.7535000	10.3835000	7.6647000	7.0395000	6.9422000	10.5255000	6.0974500	7.8610500	10.8595000	6.5571000	7.8249500	10.7805000	11.3710000	11.2675000	7.4550000	10.4785000	10.6220000	8.8414000	7.3148500	8.4976500	10.8135000	9.3584000	11.9940000	9.5590000	10.8230000	13.6635000	9.0778000	8.1115000	9.3899000	8.0576500	7.3724500	8.1328500	11.7270000	9.5653500	10.1595000	7.3927000	11.5000000	11.2720000	7.7574500	11.5380000
11.8180000	12.6420000	11.5600000	10.4430000	8.0622000	9.3613000	12.1460000	11.9210000	12.5340000	12.1090000	8.1308000	8.0400000	10.1360000	12.2870000	12.7210000	10.9500000	7.8612000	7.4395000	11.3680000	11.0190000	12.4010000	10.3870000	10.3800000	10.9250000	9.6607000	12.3580000	10.5660000	10.3600000	4.6267000	7.7263000	10.7160000	11.1630000	9.2032000	7.6135000	6.6392000	12.7400000	9.8051000	8.1345000	6.9155000	7.0987000	8.6141000	6.4995000	9.0592000	11.8900000	11.0780000	11.5770000	8.6859000	13.3270000	12.0420000	7.9013000	7.8547000	11.6670000	9.2918000	8.3938000	7.9434000	10.9430000	10.1630000	8.6365000	10.5170000	11.2970000	13.8090000	11.3340000	11.5930000	8.3498000	7.8800000	10.5290000	9.2442000	10.6590000	9.7046000	8.5368000	7.3495000	8.4205000	11.4230000	11.8530000	12.8010000
