cheY	cstA	fliS	motB	glnK	deoC	cheW	fliD	yhjH	dadA	yrdB	tyrA	artI	flgN	flgM	yjdA	bioD	nac	trg	cheZ	pck	astA	hcaR	motA	udp	cheA	yeeD	fadA	ymgC	appB	ves	ucpA	aceK	ccmD	yjjZ	tar	cheR	ymgA	cadB	agaD	livG	bglG	yjdI	flxA	yjcH	fadB	fhuF	aceB	flgL	ycgZ	hyaE	fliZ	modC	nupG	ryhB	cheB	cycA	appC	yjcZ	tap	fliC	ycgR	astC	ycdZ	bioC	actP	astB	tsr	modB	rimN	bcsF	hyaB	flgK	aldA	flgD
8.4888000	9.5018667	7.9127000	7.0907000	12.6130000	9.0546333	8.4151000	7.0984000	8.6019333	10.6606667	8.5434333	8.6159667	10.7786667	8.1641333	7.9646333	7.1733333	8.7003333	13.3620000	8.9739333	8.3803000	9.1955000	11.1146667	8.5199000	7.5964000	8.9230667	8.0209000	10.8956667	7.8364333	7.2198667	8.6164333	8.6426000	9.0077667	8.8991667	7.3317000	6.7532667	8.9929333	8.1590667	11.8160000	7.5159333	7.3511000	8.1710667	7.0152000	8.7246000	8.0989000	6.7512000	7.9127333	8.7803333	13.5166667	8.5412333	10.4403333	7.7754000	7.0125333	8.5062667	7.2963667	8.5606000	7.4302333	9.1585333	9.9400333	8.2110667	8.8214333	8.5325667	6.7560000	12.1143333	8.0256000	8.3184333	7.4412000	10.4140000	9.2280667	8.4680667	9.3107000	7.1687333	8.2210000	7.1106000	7.8995000	8.3972333
9.4998000	10.3690000	8.6806000	11.0440000	7.1854000	8.3334000	10.5600000	9.0630000	11.7470000	8.3101000	9.0521000	8.3808000	8.2226000	12.7420000	12.7400000	10.2400000	6.8685000	7.3888000	9.1565000	9.6204000	9.7831000	7.5437000	7.3948000	11.7440000	8.9340000	11.2360000	7.2678000	7.5082000	7.7838000	6.6510000	10.1710000	9.1704000	7.8255000	6.7381000	7.3341000	10.4240000	8.9515000	10.8760000	7.2578000	6.2112000	7.6192000	6.0734000	7.6525000	13.4070000	5.5497000	7.2895000	12.4280000	9.0051000	10.8100000	10.6910000	6.2952000	9.9653000	8.9971000	7.3850000	9.5564000	8.8099000	9.6075000	7.4778000	8.7138000	10.0760000	12.7190000	10.0760000	7.6813000	9.9743000	6.3931000	6.6229000	7.5403000	11.0160000	10.2470000	8.8466000	8.8956000	6.8205000	10.0700000	7.9993000	10.0710000
