cheY	cstA	fliS	motB	glnK	deoC	cheW	fliD	yhjH	dadA	yrdB	tyrA	artI	flgN	flgM	yjdA	bioD	nac	trg	cheZ	pck	astA	hcaR	motA	udp	cheA	yeeD	fadA	ymgC	appB	ves	ucpA	aceK	ccmD	yjjZ	tar	cheR	ymgA	cadB	agaD	livG	bglG	yjdI	flxA	yjcH	fadB	fhuF	aceB	flgL	ycgZ	hyaE	fliZ	modC	nupG	ryhB	cheB	cycA	appC	yjcZ	tap	fliC	ycgR	astC	ycdZ	bioC	actP	astB	tsr	modB	rimN	bcsF	hyaB	flgK	aldA	flgD
9.3942000	9.3904000	8.9076000	9.9807000	8.0676000	12.8140000	9.8443000	8.4605000	10.2610000	8.6214000	7.7848000	8.3232000	8.5839000	10.1800000	10.3800000	8.5432000	8.1853000	7.3480000	9.5079000	8.1481000	10.5600000	8.7563000	7.7094000	9.6515000	11.6770000	10.5680000	7.7972000	8.7649000	4.8832000	8.6739000	8.9790000	10.0900000	8.2625000	7.1446000	7.0560000	9.5219000	8.1256000	9.5752000	7.9435000	6.9043000	8.6934000	6.7441000	8.5259000	10.9990000	7.3458000	8.9042000	8.3666000	9.3600000	9.6701000	8.2115000	8.0459000	9.7898000	8.4733000	8.2642000	8.5330000	8.1887000	8.0387000	9.6798000	8.6703000	9.4684000	12.1620000	7.7652000	8.6032000	9.7377000	8.0415000	7.5930000	8.1830000	10.3240000	7.9504000	8.3156000	8.0964000	8.9125000	8.7784000	8.0073000	10.7380000
8.4416000	11.7490000	7.5348000	6.9767000	7.0856000	9.0393000	8.3399000	6.5004000	8.3626000	11.1510000	8.7296000	9.5864000	10.2700000	7.9012000	8.0896000	7.4981000	7.8220000	7.2620000	8.2912000	7.9966000	10.6010000	8.3802000	8.3955000	7.0922000	10.3530000	7.9728000	12.8150000	8.3788000	4.3556000	7.6277000	8.1895000	9.2680000	8.1859000	7.7178000	6.8197000	8.4148000	7.8908000	8.3117000	7.1331000	6.4493000	8.4815000	6.5920000	7.9775000	7.0996000	8.9353000	8.5685000	9.2414000	9.8799000	7.9712000	7.8517000	7.4608000	6.7259000	8.1688000	7.9391000	8.3725000	7.5208000	10.2050000	8.5895000	8.1273000	8.4491000	8.8209000	6.0288000	8.1900000	9.4267000	7.5666000	9.1342000	8.1954000	8.7994000	8.5167000	9.5270000	7.4941000	8.2783000	6.9483000	10.8930000	8.2414000
