cheY	cstA	fliS	motB	glnK	deoC	cheW	fliD	yhjH	dadA	yrdB	tyrA	artI	flgN	flgM	yjdA	bioD	nac	trg	cheZ	pck	astA	hcaR	motA	udp	cheA	yeeD	fadA	ymgC	appB	ves	ucpA	aceK	ccmD	yjjZ	tar	cheR	ymgA	cadB	agaD	livG	bglG	yjdI	flxA	yjcH	fadB	fhuF	aceB	flgL	ycgZ	hyaE	fliZ	modC	nupG	ryhB	cheB	cycA	appC	yjcZ	tap	fliC	ycgR	astC	ycdZ	bioC	actP	astB	tsr	modB	rimN	bcsF	hyaB	flgK	aldA	flgD
8.2874333	11.8753333	7.4172667	7.4523000	6.9643333	11.4126667	7.7481667	6.0282000	8.1554000	11.0916667	8.7362667	7.5989667	8.5014000	6.7859333	6.7889000	6.6175333	7.7116333	7.7059667	8.4242333	7.7170333	9.1075667	10.7186667	8.4445000	7.8829667	9.5630667	7.9487667	9.4803667	9.5307333	6.1436000	9.0614000	8.0457333	10.7756667	8.2272000	7.2267333	10.3750000	8.4434000	7.7548667	8.9555667	8.1031000	8.0123333	8.1570333	5.7621000	9.8728000	7.3123667	8.0108000	9.3836667	9.4261333	10.0608333	9.3569000	10.8980000	8.8587000	6.6433000	8.2711000	8.6339333	11.0086667	7.8453333	9.8832000	9.3314333	8.2246333	7.7887667	9.9322667	7.2398667	11.1156667	9.7279000	8.0401000	8.5109000	9.7838667	8.6618333	8.4138667	8.8714667	7.6996333	8.9813333	6.9044000	10.6223333	7.9267000
8.8267000	10.6250000	8.0398000	7.6258000	7.8707000	9.5801000	8.2315000	7.0691000	8.0842000	10.9170000	8.1706000	8.2028000	9.3126000	7.8119000	8.2020000	7.0303000	7.9936000	7.1822000	8.9070000	7.8998000	11.2360000	8.6463000	9.0572000	7.1486000	10.2500000	8.0465000	8.3133000	8.5725000	4.7605000	7.7208000	8.6604000	10.6280000	8.1774000	7.3918000	6.5955000	8.8861000	7.6453000	8.7403000	7.3261000	7.0671000	8.4114000	6.7383000	8.3710000	7.9672000	7.4220000	8.5530000	7.7879000	8.0720000	8.2341000	8.5280000	7.7618000	6.2268000	8.4115000	8.3675000	8.3329000	7.9039000	9.5285000	8.6345000	8.3261000	8.8090000	8.7269000	6.8833000	8.8852000	9.2290000	8.0395000	7.4984000	8.0926000	9.3434000	8.3508000	8.6619000	6.5730000	8.3305000	6.9371000	10.2660000	8.6634000
