cheY	cstA	fliS	motB	glnK	deoC	cheW	fliD	yhjH	dadA	yrdB	tyrA	artI	flgN	flgM	yjdA	bioD	nac	trg	cheZ	pck	astA	hcaR	motA	udp	cheA	yeeD	fadA	ymgC	appB	ves	ucpA	aceK	ccmD	yjjZ	tar	cheR	ymgA	cadB	agaD	livG	bglG	yjdI	flxA	yjcH	fadB	fhuF	aceB	flgL	ycgZ	hyaE	fliZ	modC	nupG	ryhB	cheB	cycA	appC	yjcZ	tap	fliC	ycgR	astC	ycdZ	bioC	actP	astB	tsr	modB	rimN	bcsF	hyaB	flgK	aldA	flgD
8.8132000	10.9815000	7.6963000	7.7466000	7.6205500	9.8118000	8.4266000	6.8319000	7.9855000	11.2655000	8.2611500	7.9369000	10.4195000	8.1872500	8.5764500	7.2865500	7.5150000	7.3838000	8.8968000	8.0378500	10.0163500	9.5770500	8.8172000	7.5946500	10.5860000	8.1552500	9.3350000	8.1295500	6.8471500	9.9087000	8.5389500	9.1590500	10.0228000	7.2450500	6.5823500	8.8825000	7.7335500	11.0140000	7.0515500	7.0481500	8.3114500	6.2712500	9.9528000	7.8800000	8.2034000	8.1736000	8.2414000	13.9400000	8.1824500	11.0200000	10.7490000	7.1638000	8.3285500	7.1592500	7.8502500	7.6816000	9.0793000	11.0795000	8.0802500	8.5912500	8.9850500	7.1080500	9.8017500	8.1236500	7.6049000	7.8996500	8.7971000	9.1461500	8.1494500	8.9611500	7.0090000	11.8195000	7.8014000	9.6295000	8.3416000
7.6228000	9.2287667	6.8553000	7.0039333	7.7241667	9.4490333	7.6377000	5.6777667	7.9460667	9.1405667	8.6502000	9.0306000	9.4863333	6.3661667	6.9012333	5.8515000	8.3120333	7.6138000	7.2369333	7.6998667	8.5069333	8.3011333	7.4405333	7.2701667	10.4953333	7.7503667	11.7513333	7.6673667	4.6923333	11.2253333	7.2836667	8.6079667	8.1395667	8.4924000	6.4698667	7.7849333	7.8007667	6.0463333	7.5633333	7.6196000	8.5891667	5.6976333	9.1771000	6.9676000	6.7023333	6.5119667	8.3375667	10.2492667	8.3095333	6.9376333	11.0120000	6.3922667	8.1135000	7.7396333	7.4765333	7.1762333	10.5010000	11.6293333	7.8535000	6.8844333	8.8762000	6.8367667	7.3163333	9.6513000	8.4929667	7.6567333	8.2238000	7.6582667	8.7194000	9.5771000	8.0576000	10.5176667	6.3279333	7.3591000	7.2318333
