carB	araF	cheZ	motB	ycgR	yhjH
8.7583000	7.3838500	7.8142500	7.2349000	6.7569500	7.7299000
8.5958000	7.8065000	8.2204000	10.0750000	9.0343000	11.0570000
