carB	araF	cheZ	motB	ycgR	yhjH
8.6427000	7.9710000	7.9724000	10.6950000	8.1079000	11.6310000
9.1708000	12.4250000	8.3370000	6.8302000	6.4301000	8.7593000
