carB	araF	cheZ	motB	ycgR	yhjH
8.4011667	8.6247000	8.4557667	7.9523000	7.3376333	8.3469000
8.4457667	7.6382667	7.8565333	7.3521000	6.7647333	8.1959333
