carB	araF	cheZ	motB	ycgR	yhjH
9.7352000	9.2570000	8.0652667	7.7590333	7.4733000	8.3326333
8.4055000	7.8505000	8.4769000	7.4682000	7.2874000	8.7341000
