carB	araF	cheZ	motB	ycgR	yhjH
8.5082000	7.8519000	10.0530000	12.3290000	10.0230000	12.5280000
9.3707667	7.7783667	7.9916000	7.6728667	6.9185667	8.4148667
