carB	araF	cheZ	motB	ycgR	yhjH
9.7352000	9.2570000	8.0652667	7.7590333	7.4733000	8.3326333
8.4055000	7.8505000	8.4769000	7.4682000	7.2874000	8.7341000
8.7583000	7.3838500	7.8142500	7.2349000	6.7569500	7.7299000
8.5958000	7.8065000	8.2204000	10.0750000	9.0343000	11.0570000
8.5082000	7.8519000	10.0530000	12.3290000	10.0230000	12.5280000
9.3707667	7.7783667	7.9916000	7.6728667	6.9185667	8.4148667
8.6427000	7.9710000	7.9724000	10.6950000	8.1079000	11.6310000
9.1708000	12.4250000	8.3370000	6.8302000	6.4301000	8.7593000
