carB	araF	cheZ	motB	ycgR	yhjH
9.7352000	9.2570000	8.0652667	7.7590333	7.4733000	8.3326333
8.4055000	7.8505000	8.4769000	7.4682000	7.2874000	8.7341000
8.4011667	8.6247000	8.4557667	7.9523000	7.3376333	8.3469000
8.4457667	7.6382667	7.8565333	7.3521000	6.7647333	8.1959333
8.7583000	7.3838500	7.8142500	7.2349000	6.7569500	7.7299000
8.5958000	7.8065000	8.2204000	10.0750000	9.0343000	11.0570000
8.5082000	7.8519000	10.0530000	12.3290000	10.0230000	12.5280000
9.3707667	7.7783667	7.9916000	7.6728667	6.9185667	8.4148667
