aceK	trg	astA	appB	dctA	ycgZ	bcsE	flgM	apaH	hyaE	dmsA	cheZ	ymgC	yjcZ	fliC	pykF	cheB	tar	flgK	cheW	yjdA	hcaR	hyaF	ryhB	cheR	astB	yrdB	tsr	deoC	betI	cheY	dadX	fliA	aceF	astE	modC	fliD	udp	fliZ	cheA	ccmD	aceB	ompW	motA	hyaB	cadA	flgL	yhjH	bcsA	fadA	ycgR	nudB	yjjI	betA	artI	motB	yjdI	hyaD	ksgA	fliT	cycA	fliS	feaR	tap	flxA	hyaC	ves	rimN	nupG	flgD	fadB	ymgA	pncA	cstA	astD	flgN
8.9900333	6.6999000	8.4266667	9.9838667	9.1905000	7.1564333	8.9209000	7.2076667	9.2004000	9.5693000	9.2541000	7.8334667	4.7838667	7.9693000	8.9402667	11.4103333	6.9100667	7.7951333	5.7377333	7.6340667	6.6398667	7.5742333	9.9576333	7.7543000	7.4351333	8.5152333	8.3349000	7.4310333	8.9475333	7.4182333	7.5741667	8.4409667	6.6768000	10.7606667	6.7254000	8.6250000	5.9768667	10.7366667	6.4311333	7.8070667	8.2059333	11.0550000	10.8951667	7.4012333	9.5722333	7.4253667	8.0267667	7.8953333	7.6682333	7.9227333	6.5110667	10.7690000	7.5551000	7.5528333	9.7103000	6.9877333	8.8978333	9.9205667	10.6226667	6.8891667	10.8940000	5.9662667	6.3151667	6.2800333	7.1470333	9.9856000	7.1121333	9.8371333	8.0886667	7.4381333	7.0218000	6.1731667	9.2515000	9.3021333	7.8711333	6.8683667
8.1758000	9.1121000	8.7827000	7.7084000	9.7539000	8.6497000	7.6473000	8.2694000	7.9259000	7.6606000	7.9645000	7.7949000	4.4895000	8.3936000	8.9481000	8.6153000	7.9943000	8.8591000	6.9811000	8.3938000	7.3601000	9.2165000	7.6311000	8.1459000	7.9828000	7.9086000	8.3369000	9.4381000	9.0837000	10.3210000	8.6914000	9.6547000	7.4655000	9.2284000	6.6274000	8.3267000	6.9906000	9.3478000	6.1872000	8.1564000	7.2182000	8.1161000	8.3434000	7.1611000	8.2962000	7.6182000	8.1685000	8.1992000	8.4852000	8.6199000	6.8207000	9.7550000	7.5457000	8.7950000	8.6339000	7.5029000	8.3859000	8.0782000	9.1095000	8.3343000	9.5505000	8.1507000	6.6761000	8.8219000	8.1167000	7.4805000	8.6559000	8.5790000	8.0996000	8.6545000	9.1043000	8.8002000	8.2897000	10.8730000	7.8486000	7.8761000
