aceK	trg	astA	appB	dctA	ycgZ	bcsE	flgM	apaH	hyaE	dmsA	cheZ	ymgC	yjcZ	fliC	pykF	cheB	tar	flgK	cheW	yjdA	hcaR	hyaF	ryhB	cheR	astB	yrdB	tsr	deoC	betI	cheY	dadX	fliA	aceF	astE	modC	fliD	udp	fliZ	cheA	ccmD	aceB	ompW	motA	hyaB	cadA	flgL	yhjH	bcsA	fadA	ycgR	nudB	yjjI	betA	artI	motB	yjdI	hyaD	ksgA	fliT	cycA	fliS	feaR	tap	flxA	hyaC	ves	rimN	nupG	flgD	fadB	ymgA	pncA	cstA	astD	flgN
8.2107500	8.9075500	8.4205000	7.5573500	8.9682500	7.6160000	8.1517500	11.4190000	8.3526500	7.6809000	8.0609000	10.3560000	4.5200500	8.9374500	12.8260000	10.7925000	10.5840000	11.0260000	10.3300000	11.1680000	8.7918000	7.7692500	7.5384000	8.5904000	9.4351000	8.1526000	9.1012000	11.6160000	9.2148500	9.6682000	11.3820000	8.6722500	10.8130000	12.5195000	6.7391500	8.7294500	11.1095000	8.9676500	9.6175500	11.7765000	7.6458000	9.3397500	7.4227000	10.3555000	8.4184500	8.1204000	10.5260000	11.2125000	8.4361000	8.0170500	8.8078000	11.0500000	7.6831000	9.5233000	10.1165000	10.3940000	8.3108000	7.9654500	10.2365000	10.5035000	8.5396000	10.4575000	6.5083000	10.3950000	10.9415000	7.5410500	9.4235500	10.1440000	7.3495500	12.0680000	8.2620500	8.0373000	9.6301500	9.0565500	7.7659500	11.2450000
7.8255000	9.1565000	7.5437000	6.6510000	9.0506000	10.6910000	9.6132000	12.7400000	8.0934000	6.2952000	8.0673000	9.6204000	7.7838000	8.7138000	12.7190000	8.9212000	8.8099000	10.4240000	10.0700000	10.5600000	10.2400000	7.3948000	5.8529000	9.5564000	8.9515000	7.5403000	9.0521000	11.0160000	8.3334000	10.8630000	9.4998000	7.9551000	10.6860000	10.3040000	5.7250000	8.9971000	9.0630000	8.9340000	9.9653000	11.2360000	6.7381000	9.0051000	9.2648000	11.7440000	6.8205000	7.5149000	10.8100000	11.7470000	8.5726000	7.5082000	10.0760000	8.9674000	7.0607000	10.3590000	8.2226000	11.0440000	7.6525000	6.7185000	8.7508000	9.1166000	9.6075000	8.6806000	5.9790000	10.0760000	13.4070000	6.3330000	10.1710000	8.8466000	7.3850000	10.0710000	7.2895000	10.8760000	7.7163000	10.3690000	6.6489000	12.7420000
