aer	araG	carA
8.7246	7.994733333333333	9.983666666666666
9.103	7.7959	8.0957
8.781533333333334	7.6265	8.3435
8.711733333333333	7.226766666666666	8.445933333333334
8.33385	7.202450000000002	8.87315
10.384	7.2554	8.2066
10.508	7.0304	9.2441
8.584900000000001	7.21405	8.6766
8.911966666666666	7.2926	8.798366666666666
9.106	7.5026	8.9136
8.9607	9.7662	9.9022
