carB	fhuF	motB	ymgC	yhjH	ymgA
10.3393333	8.3375667	7.0039333	4.6923333	7.9460667	6.0463333
8.5409667	8.7803333	7.0907000	7.2198667	8.6019333	11.8160000
