carB	fhuF	motB	ymgC	yhjH	ymgA
7.2739000	12.4280000	11.0440000	7.7838000	11.7470000	10.8760000
12.5470000	8.6859000	10.4430000	4.6267000	12.5340000	8.1345000
