carB	fhuF	motB	ymgC	yhjH	ymgA
10.7773333	11.5013333	7.4542667	4.7265667	7.9731333	8.5729667
8.4885000	7.7990500	10.9090000	4.5290000	12.2925000	8.1742000
