carB	fhuF	motB	ymgC	yhjH	ymgA
9.1768000	7.8936500	7.5441000	4.3261500	8.5049000	8.1420000
9.3707667	11.2353333	7.6728667	5.1071667	8.4148667	9.1953000
