carB	fhuF	motB	ymgC	yhjH	ymgA
10.7198333	9.1057667	11.5936667	4.3034000	11.1740000	6.5089333
8.7842000	8.3666000	9.9807000	4.8832000	10.2610000	9.5752000
