carB	fhuF	motB	ymgC	yhjH	ymgA
9.1768000	7.8936500	7.5441000	4.3261500	8.5049000	8.1420000
10.7198333	9.1057667	11.5936667	4.3034000	11.1740000	6.5089333
10.3393333	8.3375667	7.0039333	4.6923333	7.9460667	6.0463333
8.7842000	8.3666000	9.9807000	4.8832000	10.2610000	9.5752000
8.5409667	8.7803333	7.0907000	7.2198667	8.6019333	11.8160000
7.2739000	12.4280000	11.0440000	7.7838000	11.7470000	10.8760000
9.3707667	11.2353333	7.6728667	5.1071667	8.4148667	9.1953000
12.5470000	8.6859000	10.4430000	4.6267000	12.5340000	8.1345000
