carB	fhuF	motB	ymgC	yhjH	ymgA
10.7773333	11.5013333	7.4542667	4.7265667	7.9731333	8.5729667
10.7198333	9.1057667	11.5936667	4.3034000	11.1740000	6.5089333
10.3393333	8.3375667	7.0039333	4.6923333	7.9460667	6.0463333
8.7842000	8.3666000	9.9807000	4.8832000	10.2610000	9.5752000
8.5409667	8.7803333	7.0907000	7.2198667	8.6019333	11.8160000
7.2739000	12.4280000	11.0440000	7.7838000	11.7470000	10.8760000
8.4885000	7.7990500	10.9090000	4.5290000	12.2925000	8.1742000
12.5470000	8.6859000	10.4430000	4.6267000	12.5340000	8.1345000
