aer	betI	carA
7.2824	7.418233333333332	10.798666666666668
9.2581	8.8082	8.4869
9.7651	8.82935	8.33145
10.697	9.9519	9.1415
9.3445	9.6682	9.5555
9.3447	10.321	8.7678
10.99	10.863	8.1241
8.693333333333333	8.962466666666666	9.8293
9.1158	10.609666666666667	8.980233333333333
8.8496	8.0375	8.28005
8.5361	8.2442	8.8894
