betA	carB	fadJ	flgK	dadA	dctA	deoC	artQ	ycgR	cheA	trg	ryhB	ves	fecI	tar	hyaD	yjdA	yhjH	nupG	ompW	ansB	hyaE	yqeF	yjdJ	hyaF	motB	mglB	udp	modC	fliC	ybhJ	nudB	fadB	flgM	appC	dadX	flxA	feaR	appB	flgN	flgL	yjjI	fliD	pyrB	pykF	tsr	fliT	cycA	artI	ksgA	aceF	cheB	pncA	fliZ	cstA	modA	atpC	hyaC	fhuF	entB	modB	cheZ	fliA	betT	betI	bcsE	cheR	yjcZ	tap	hyaB	cheY	bioD	pyrI	motA	bcsF	fadA	cheW	cadB
7.9647333	8.5171333	10.4813333	6.9044000	11.0916667	12.0290000	11.4126667	8.5149000	7.2398667	7.9487667	8.4242333	11.0086667	8.0457333	8.9322333	8.4434000	9.5396667	6.6175333	8.1554000	8.6339333	8.5723000	7.6410667	8.8587000	9.0106667	9.0032000	8.2374667	7.4523000	8.8234667	9.5630667	8.2711000	9.9322667	7.3387333	9.7271667	9.3836667	6.7889000	9.3314333	9.9295333	7.3123667	6.9897333	9.0614000	6.7859333	9.3569000	7.5875333	6.0282000	8.4912333	10.8896667	8.6618333	6.7125000	9.8832000	8.5014000	10.9433333	9.3938667	7.8453333	8.7213000	6.6433000	11.8753333	7.6064667	10.0027333	9.5745667	9.4261333	8.5028667	8.4138667	7.7170333	7.0998667	10.1566667	7.9092667	8.7291667	7.7548667	8.2246333	7.7887667	8.9813333	8.2874333	7.7116333	7.1310000	7.8829667	7.6996333	9.5307333	7.7481667	8.1031000
9.2495000	8.5731000	10.7640000	7.2948000	11.9600000	9.6966000	9.8997000	9.7172000	6.8280000	7.9829000	8.9860000	8.2838000	8.3650000	7.8593000	8.6644000	8.2279000	7.7351000	7.9307000	8.0946000	7.6639000	7.9746000	7.9440000	9.4967000	11.8130000	7.6094000	7.3681000	11.9730000	11.1240000	8.5603000	8.7313000	7.5149000	9.7443000	10.1460000	8.2796000	8.6393000	10.7160000	8.2428000	7.3418000	7.9911000	7.8214000	8.0516000	7.5059000	6.5124000	9.6227000	10.5480000	8.9906000	8.1823000	9.8967000	11.2790000	9.9514000	10.1490000	7.9049000	8.9661000	6.6153000	12.1330000	8.7642000	11.8120000	7.7247000	7.7629000	8.1782000	8.5581000	7.8652000	7.2613000	9.5329000	9.3044000	9.6058000	7.8376000	8.4298000	8.7271000	8.5440000	8.7673000	7.7482000	9.5387000	7.1838000	9.0695000	9.6806000	8.1365000	6.9840000
