betA	carB	fadJ	flgK	dadA	dctA	deoC	artQ	ycgR	cheA	trg	ryhB	ves	fecI	tar	hyaD	yjdA	yhjH	nupG	ompW	ansB	hyaE	yqeF	yjdJ	hyaF	motB	mglB	udp	modC	fliC	ybhJ	nudB	fadB	flgM	appC	dadX	flxA	feaR	appB	flgN	flgL	yjjI	fliD	pyrB	pykF	tsr	fliT	cycA	artI	ksgA	aceF	cheB	pncA	fliZ	cstA	modA	atpC	hyaC	fhuF	entB	modB	cheZ	fliA	betT	betI	bcsE	cheR	yjcZ	tap	hyaB	cheY	bioD	pyrI	motA	bcsF	fadA	cheW	cadB
9.1536333	9.2759667	9.4571000	10.5403333	10.6923333	10.9143333	9.6358333	9.0765333	9.7138333	11.9850000	10.4688333	8.2759333	10.4476667	8.3147333	11.9140000	8.2901000	10.1926667	12.0260000	9.3563333	9.2094333	8.5957667	7.9215333	8.9780000	8.4252667	7.6513333	10.8990000	12.2793333	12.1333333	9.1683333	13.1226667	8.0236333	10.0070000	8.2828667	11.9753333	8.5915000	9.8942333	11.3696667	7.2102333	7.9927333	11.8786667	10.7943333	7.8960000	10.9506667	9.0003667	10.4440000	11.6193333	10.4720000	8.8460000	9.8200333	9.6453667	10.9681333	10.3000000	8.8871000	10.5926667	10.2907000	9.5980000	11.7490000	7.7539333	8.5898000	8.5150333	9.9322333	11.2783333	11.5323333	8.9594333	9.0176667	7.7715000	9.7291667	9.8419000	10.7303333	8.6638667	11.2573333	10.4073333	8.4184333	11.1786667	6.7033000	8.2518333	11.9260000	7.4518333
9.2166000	8.7842000	9.2464000	8.7784000	8.6214000	9.0726000	12.8140000	7.8177000	7.7652000	10.5680000	9.5079000	8.5330000	8.9790000	7.9815000	9.5219000	8.4845000	8.5432000	10.2610000	8.2642000	7.4455000	8.0099000	8.0459000	7.9531000	8.5214000	7.8351000	9.9807000	12.9380000	11.6770000	8.4733000	12.1620000	8.0351000	11.4510000	8.9042000	10.3800000	9.6798000	8.9889000	10.9990000	6.6499000	8.6739000	10.1800000	9.6701000	8.2300000	8.4605000	8.4478000	8.9306000	10.3240000	9.3256000	8.0387000	8.5839000	9.2793000	8.6906000	8.1887000	8.0165000	9.7898000	9.3904000	8.8763000	10.1370000	7.6689000	8.3666000	7.9735000	7.9504000	8.1481000	10.5310000	8.9846000	9.6726000	8.5335000	8.1256000	8.6703000	9.4684000	8.9125000	9.3942000	8.1853000	7.6903000	9.6515000	8.0964000	8.7649000	9.8443000	7.9435000
