betA	carB	fadJ	flgK	dadA	dctA	deoC	artQ	ycgR	cheA	trg	ryhB	ves	fecI	tar	hyaD	yjdA	yhjH	nupG	ompW	ansB	hyaE	yqeF	yjdJ	hyaF	motB	mglB	udp	modC	fliC	ybhJ	nudB	fadB	flgM	appC	dadX	flxA	feaR	appB	flgN	flgL	yjjI	fliD	pyrB	pykF	tsr	fliT	cycA	artI	ksgA	aceF	cheB	pncA	fliZ	cstA	modA	atpC	hyaC	fhuF	entB	modB	cheZ	fliA	betT	betI	bcsE	cheR	yjcZ	tap	hyaB	cheY	bioD	pyrI	motA	bcsF	fadA	cheW	cadB
8.3938000	8.3988000	8.9560000	11.2980000	9.0961000	9.2702000	10.0900000	7.7244000	9.4744000	11.1920000	9.4299000	7.8127000	11.5990000	8.1991000	10.9490000	7.8033000	10.8860000	12.4800000	8.1639000	9.7983000	9.9570000	7.5215000	8.1623000	8.6443000	7.0089000	11.8750000	10.4630000	10.1990000	9.5065000	13.0490000	7.4198000	9.9390000	7.8839000	12.7340000	8.3589000	8.6997000	13.2520000	6.1831000	7.5012000	12.3210000	11.3860000	8.9176000	9.6786000	9.6467000	9.1608000	11.0650000	8.9343000	8.8851000	8.5054000	8.9086000	9.7893000	9.9953000	8.0683000	10.5760000	10.0880000	11.4050000	10.1770000	7.3216000	8.5587000	8.2070000	10.7640000	9.3588000	11.8250000	9.1946000	10.5160000	7.5546000	9.1759000	9.8206000	10.0450000	7.9646000	10.3310000	7.6085000	8.6907000	12.4950000	6.8167000	8.0756000	10.2930000	7.0701000
9.3767000	8.6967333	9.5121000	7.4577667	11.1426667	11.0370000	11.5163333	8.9756000	6.9093333	8.1791667	8.7392333	7.8949000	8.5668333	9.0731000	8.7939000	8.0553667	7.3458000	7.9264667	10.1724667	8.2547333	7.8538333	7.8172333	9.1648000	8.4485667	7.6702000	7.5696000	12.5870000	11.7753333	8.4075000	8.1332667	7.8518000	10.8990000	8.5338000	8.6970667	8.6467333	9.9553000	7.6970333	7.0421333	7.8153000	8.4878000	8.2575667	7.7949000	7.2526333	9.0491333	10.6226667	9.0730333	8.3538000	9.1164333	9.9400333	9.9990667	12.3056667	7.7669667	9.5565667	7.6471000	10.4465000	8.9693333	11.0550000	7.7544667	9.6230333	8.9267000	8.5423667	7.6588333	8.6230333	8.8847000	9.6015667	9.1294667	7.7572000	8.1785333	8.8543333	8.4880333	8.6246000	7.9635667	8.0896000	7.2067333	8.1878667	8.4265667	8.3326333	7.1588333
