betA	carB	fadJ	flgK	dadA	dctA	deoC	artQ	ycgR	cheA	trg	ryhB	ves	fecI	tar	hyaD	yjdA	yhjH	nupG	ompW	ansB	hyaE	yqeF	yjdJ	hyaF	motB	mglB	udp	modC	fliC	ybhJ	nudB	fadB	flgM	appC	dadX	flxA	feaR	appB	flgN	flgL	yjjI	fliD	pyrB	pykF	tsr	fliT	cycA	artI	ksgA	aceF	cheB	pncA	fliZ	cstA	modA	atpC	hyaC	fhuF	entB	modB	cheZ	fliA	betT	betI	bcsE	cheR	yjcZ	tap	hyaB	cheY	bioD	pyrI	motA	bcsF	fadA	cheW	cadB
8.4551500	8.6335500	9.4250500	12.2095000	10.0306000	10.4030000	9.4337000	9.5229000	11.0550000	12.8700000	10.9275000	7.5162000	10.0775000	8.2173500	13.4835000	10.3385000	11.1185000	12.4010000	7.3934000	10.7050000	12.8030000	9.2968500	8.2359500	10.5285000	9.2363000	11.0060000	11.1760000	11.0330000	9.5318500	14.2830000	7.6153000	10.2310000	7.7594500	12.6260000	9.8256000	9.2942000	10.4355000	6.9776500	8.6098000	12.5735000	11.4710000	9.6379000	12.7025000	8.8218000	10.6865000	10.2895000	11.4390000	8.2534500	10.5295000	9.9212500	11.1375000	11.0950000	8.2523000	11.9605000	10.8830000	10.5990000	9.7007500	10.6125000	7.6359500	8.2356500	10.4070000	11.5160000	12.8250000	8.7196000	8.5592000	8.5452500	10.3885000	10.7645000	11.6250000	10.3445000	11.7115000	7.6300000	8.1264500	11.2815000	7.6578000	7.7396500	12.6380000	9.3842000
9.7192000	9.6157500	8.5501000	10.4340000	9.3705000	9.0875000	9.5175000	9.3608500	9.6526500	12.2340000	9.1390000	8.8067500	9.4913500	9.0071000	11.4165000	8.0952500	8.7396000	11.4860000	7.3326500	7.4446500	7.5930500	7.8967000	7.8178000	8.5275000	7.6365500	10.8945000	9.6768500	9.3662500	8.9167500	13.2165000	7.6668500	11.0095000	8.6188500	11.3360000	8.6098000	9.1193000	10.6960000	6.6455500	7.8372000	11.2765000	10.6915000	7.9055000	10.8545000	9.4849500	10.1235000	11.2870000	10.3705000	8.2900000	10.4890000	9.8272500	12.1070000	10.9385000	9.1939000	9.2309000	9.2636500	9.3533000	12.3045000	7.5714500	9.4593000	8.7095000	9.1842000	10.6200000	10.4235000	9.0586500	9.8592000	7.8171500	9.9879500	8.8999500	10.9530000	8.5363000	11.6985000	8.0090500	9.2883000	10.5895000	6.8153500	8.3452500	11.8060000	7.6105000
