betA	carB	fadJ	flgK	dadA	dctA	deoC	artQ	ycgR	cheA	trg	ryhB	ves	fecI	tar	hyaD	yjdA	yhjH	nupG	ompW	ansB	hyaE	yqeF	yjdJ	hyaF	motB	mglB	udp	modC	fliC	ybhJ	nudB	fadB	flgM	appC	dadX	flxA	feaR	appB	flgN	flgL	yjjI	fliD	pyrB	pykF	tsr	fliT	cycA	artI	ksgA	aceF	cheB	pncA	fliZ	cstA	modA	atpC	hyaC	fhuF	entB	modB	cheZ	fliA	betT	betI	bcsE	cheR	yjcZ	tap	hyaB	cheY	bioD	pyrI	motA	bcsF	fadA	cheW	cadB
8.9031000	8.7425000	9.6117500	8.0039500	11.8435000	9.1476000	9.8936500	9.1408000	7.0696000	8.2569000	9.0596000	9.4109000	8.5962500	9.9259500	8.8519000	8.5070500	7.2748500	7.9291500	6.9831500	8.5155000	7.7187500	8.1929000	8.1178500	9.7210500	7.8242500	7.7392000	9.8897500	10.1620000	8.2782500	9.1253500	7.6760000	10.4060000	9.2254500	8.5687500	10.0800000	10.2135000	8.1876500	6.9207000	8.7031500	8.1286500	8.3707500	7.4651500	6.8240000	9.4780500	10.9355000	9.2425000	8.5513500	9.3596500	10.4430000	11.5800000	10.6875000	7.7432000	8.4918000	7.3254500	10.6230000	8.3639500	9.4338500	8.5295500	10.4445000	10.0383000	7.8990000	8.0867500	7.8220000	9.4889500	9.8032000	8.3285000	7.6035500	8.1771500	8.5257500	8.7253500	8.6839500	7.6330000	8.5813500	7.5133500	7.4901000	8.7554000	8.3935000	7.1028500
8.5640000	10.6240000	10.1980000	6.6133000	9.5107000	9.4389000	8.6708000	9.2488000	6.7760000	7.7965000	8.3261000	9.5060000	8.1158000	9.6888000	8.2242000	7.5414000	7.3451000	8.5247000	7.6775000	7.5315000	7.4162000	7.3322000	8.4419000	9.1674000	7.2935000	6.6705000	10.6590000	9.3807000	8.0430000	8.4311000	7.2035000	9.6360000	8.4687000	8.2547000	9.0340000	8.6862000	7.9199000	6.7727000	7.6196000	8.3722000	7.8933000	7.2990000	7.3164000	12.4790000	10.1850000	8.7984000	8.6919000	9.8758000	9.8879000	9.7445000	10.7890000	7.3873000	9.1164000	6.9362000	12.0810000	8.3613000	12.0020000	7.2958000	10.6050000	9.7990000	8.9673000	8.1079000	6.9296000	8.6210000	8.1144000	9.0386000	7.8142000	8.2970000	8.3498000	8.0414000	8.4029000	8.5531000	11.4430000	7.4871000	8.2375000	8.7766000	8.1825000	7.3419000
