cheY	cstA	fliS	pykF	motB	deoC	cheW	fliD	yhjH	dadA	tyrA	artI	flgN	flgM	yjdA	bioD	trg	cheZ	pck	astA	hcaR	motA	udp	cheA	fadA	cbpM	ymgC	appB	ves	aceK	ccmD	yjjZ	tar	cheR	ymgA	cadB	agaD	fadB	flxA	yjcH	fhuF	artQ	aceB	ksgA	flgL	ycgZ	hyaE	dmsA	fliZ	modC	nupG	ryhB	cheB	arnB	appC	betA	yjcZ	tap	yghZ	fliC	ycgR	astC	ycdZ	bioC	actP	yjjI	betI	astB	tsr	modB	bcsF	hyaB	flgK	aldA	flgD
7.6228000	9.2287667	6.8553000	10.7253333	7.0039333	9.4490333	7.6377000	5.6777667	7.9460667	9.1405667	9.0306000	9.4863333	6.3661667	6.9012333	5.8515000	8.3120333	7.2369333	7.6998667	8.5069333	8.3011333	7.4405333	7.2701667	10.4953333	7.7503667	7.6673667	10.6163333	4.6923333	11.2253333	7.2836667	8.1395667	8.4924000	6.4698667	7.7849333	7.8007667	6.0463333	7.5633333	7.6196000	6.5119667	6.9676000	6.7023333	8.3375667	10.0906667	10.2492667	10.2554333	8.3095333	6.9376333	11.0120000	9.4474333	6.3922667	8.1135000	7.7396333	7.4765333	7.1762333	7.9909667	11.6293333	7.5590000	7.8535000	6.8844333	8.2576667	8.8762000	6.8367667	7.3163333	9.6513000	8.4929667	7.6567333	7.4595000	6.9165667	8.2238000	7.6582667	8.7194000	8.0576000	10.5176667	6.3279333	7.3591000	7.2318333
8.1503333	9.0897667	7.9333333	8.7688000	7.8916000	8.0146000	8.7718333	8.2058667	8.6714667	9.6722333	8.1223667	10.0149667	8.5489333	7.9105667	7.8547000	8.2796667	8.7197333	9.1670000	10.1011333	9.9284000	8.2635333	7.8064333	8.6664333	8.0117667	8.3566000	8.4100667	4.7711000	7.9358667	8.4341667	8.9416000	7.3571667	6.7339667	9.8575000	8.5971667	7.9874000	7.7226667	7.9810667	8.3680667	8.4948000	8.0962667	8.1577667	8.4245000	13.4660000	8.5754667	8.7357333	7.8923667	8.2910333	8.0727000	7.5351000	8.4929000	7.7612667	6.9271667	7.6373000	8.2937000	9.0953000	8.9421333	8.6944000	8.5175667	8.8670333	8.8207667	7.0634667	11.3423333	7.3151667	7.6650000	7.8125333	8.0762667	8.7114000	9.1767667	9.0719667	8.3473667	6.7513333	9.1321667	7.1902333	7.7532667	8.1923333
