cheY	cstA	fliS	pykF	motB	deoC	cheW	fliD	yhjH	dadA	tyrA	artI	flgN	flgM	yjdA	bioD	trg	cheZ	pck	astA	hcaR	motA	udp	cheA	fadA	cbpM	ymgC	appB	ves	aceK	ccmD	yjjZ	tar	cheR	ymgA	cadB	agaD	fadB	flxA	yjcH	fhuF	artQ	aceB	ksgA	flgL	ycgZ	hyaE	dmsA	fliZ	modC	nupG	ryhB	cheB	arnB	appC	betA	yjcZ	tap	yghZ	fliC	ycgR	astC	ycdZ	bioC	actP	yjjI	betI	astB	tsr	modB	bcsF	hyaB	flgK	aldA	flgD
8.6256000	10.3343333	7.7874333	10.7840000	7.4542667	9.3139000	8.1953000	6.8812000	7.9731333	9.0728667	9.9329000	10.4513333	8.2513000	8.5453333	7.2197000	9.1984667	8.5265000	7.8449000	9.0976000	8.9495000	8.2187333	7.0183000	9.8988333	7.8541000	8.5323333	8.7690000	4.7265667	7.7168000	8.2290333	9.3469333	7.4647000	11.4736667	8.4187333	7.7904333	8.5729667	6.9270333	6.8571667	9.1580000	7.6387000	8.5473667	11.5013333	9.4303333	13.1096667	10.1863333	7.9544667	8.3506667	7.4710667	7.6104333	6.7828333	8.1908667	7.2423000	10.8430000	7.5441667	7.8277333	8.5975333	9.1892333	7.8455667	8.4633333	8.4483000	8.2767333	6.6109000	9.3646000	8.6871000	9.2873000	8.1766000	7.3541333	9.3794333	8.5666333	8.7119000	8.4691667	8.6249667	8.2377000	6.9587667	9.4783000	8.4140000
9.2457000	10.0100000	8.6487000	8.6368000	11.4010000	9.6578000	10.4720000	8.8539000	11.7390000	10.4240000	9.0567000	8.1176000	11.0630000	11.2960000	9.5889000	7.5274000	9.4788000	8.8880000	9.8755000	8.2952000	8.2540000	11.9110000	8.8013000	11.2240000	8.4045000	8.0598000	5.5037000	7.2798000	10.4930000	7.5719000	7.6501000	6.6229000	9.6212000	8.4955000	9.6644000	6.9537000	6.5863000	8.3221000	12.4700000	6.2995000	7.4843000	7.5503000	9.1644000	8.9579000	10.0540000	9.0887000	6.9895000	7.9109000	10.0010000	9.0509000	7.2103000	6.9496000	8.6495000	7.0632000	7.9571000	8.7827000	8.9692000	9.1477000	8.3615000	12.6670000	9.2740000	8.7864000	10.0990000	7.5598000	6.7939000	7.0161000	10.3990000	8.0726000	11.6210000	10.1030000	6.6725000	7.3250000	10.1470000	9.2233000	11.8810000
