ycgR	betB	yjdA	flgN	motA	flgL	actP
8.6217000	9.9580000	9.8428000	9.5206000	11.0290000	8.9631000	7.0057000
7.2746000	10.1546667	7.3215000	8.6874333	7.6502333	8.5981333	7.7132333
