ycgR	betB	yjdA	flgN	motA	flgL	actP
7.2880000	9.5117500	7.5844000	10.2585000	7.8903500	8.9785500	7.4993000
6.9051000	9.4348000	6.8748000	8.3718000	6.9093000	8.1020000	7.2322000
