ycgR	betB	yjdA	flgN	motA	flgL	actP
7.0634667	8.2941333	7.8547000	8.5489333	7.8064333	8.7357333	7.8125333
6.9120667	8.7219000	7.3796333	8.0947667	7.2446333	8.2006333	7.4196333
