ycgR	betB	yjdA	flgN	motA	flgL	actP
7.2683500	9.7049000	7.2229000	7.9961000	7.4249000	8.2774500	8.0335000
9.6416000	10.4070000	9.3384000	11.5070000	10.4190000	10.4300000	7.9397000
