ycgR	betB	yjdA	flgN	motA	flgL	actP
6.0151500	8.2435500	8.0164000	7.5309500	7.0507500	7.7354500	7.4743000
6.4972000	10.5840000	8.0088000	8.2344000	7.3247000	8.1497000	7.3073000
