ycgR	betB	yjdA	flgN	motA	flgL	actP
7.0634667	8.2941333	7.8547000	8.5489333	7.8064333	8.7357333	7.8125333
7.2683500	9.7049000	7.2229000	7.9961000	7.4249000	8.2774500	8.0335000
9.6416000	10.4070000	9.3384000	11.5070000	10.4190000	10.4300000	7.9397000
7.2880000	9.5117500	7.5844000	10.2585000	7.8903500	8.9785500	7.4993000
6.9051000	9.4348000	6.8748000	8.3718000	6.9093000	8.1020000	7.2322000
6.9120667	8.7219000	7.3796333	8.0947667	7.2446333	8.2006333	7.4196333
6.0151500	8.2435500	8.0164000	7.5309500	7.0507500	7.7354500	7.4743000
6.4972000	10.5840000	8.0088000	8.2344000	7.3247000	8.1497000	7.3073000
