yjcZ	cheA	cheY	dctA	argW	modB	ycgR	fliA	udp	yjdI	entB	astA	betA	tar	artM	yrdB	aceF	yhjH	astB	ymgA	flgK	araB	betI	bioB	ogt	cheB	motB	rimN	modC	tap	ycgZ	cheR	trg	flgN	fliZ	ompW	dmsA	astC	motA	flgL	ymgC	cycA	ves	rihC	flgM	dadX	fliD	fliS	fecI	araA	tsr	atpC	ksgA	araD	hcaR	deoC	aidB	bioD	cysP	fliC	nupG	yjdA	fhuF	cadB	flxA	bcsF	cstA	ryhB	artP	fadA	fliT	cheW	cheZ
8.2673333	8.0994000	7.9618000	8.0267333	6.1123667	7.8581333	7.2216333	8.1530333	8.5541667	8.4915333	8.4382333	10.5153333	9.5332000	9.3693333	9.1935000	8.8032333	10.7983333	8.3299333	9.6515333	9.7146333	7.2058333	8.4568000	10.6773333	10.4016667	7.9506667	7.6328333	7.8495667	8.7958667	8.2808667	8.4817333	8.1729333	8.1369667	8.9749000	8.7853667	7.4741333	8.0039333	8.2128333	12.1010000	7.4680000	8.7114333	4.9046000	9.1950000	8.6155000	8.2667667	8.0460000	9.0368667	7.7995000	7.7583333	8.4836667	8.7669667	9.0330667	9.1816000	9.3075000	9.7326333	8.2929000	8.6038333	10.6473333	8.6705667	9.8057667	8.9937333	7.2763333	7.3318000	8.5866333	7.3364667	8.3949667	6.5039000	9.1960667	7.1033000	11.5173333	7.8144667	9.2278000	8.6518667	9.0236000
8.3316500	8.3681500	8.0984000	8.9493000	6.2249000	8.2724500	6.7835500	7.4097500	11.6675000	9.1647500	7.9596000	7.9881500	8.6195000	8.1299500	7.9690500	9.7309500	12.6275000	8.7933000	8.0104000	8.2242500	6.6669500	13.6875000	8.0400000	7.9132000	5.4824500	7.5061500	6.8490000	9.7785000	7.8403500	8.1146000	7.8072500	7.4201000	8.4686000	7.8546500	6.9466500	7.8333000	8.2513000	8.0747500	7.2762500	8.1227500	4.7423000	8.8060000	8.1445500	9.3282000	7.8399000	7.9518000	7.3149000	7.5672500	8.3638000	13.7365000	8.9364000	10.1920000	9.4538500	12.9825000	7.5340500	10.1350000	8.1318500	7.7578000	8.5069000	8.0430500	8.4511500	8.0253000	7.8676500	8.8589500	7.7275500	7.9469500	9.3510500	8.2311000	10.0947500	8.0226500	8.5305500	7.7689000	7.8736500
