yjcZ	cheA	cheY	dctA	argW	modB	ycgR	fliA	udp	yjdI	entB	astA	betA	tar	artM	yrdB	aceF	yhjH	astB	ymgA	flgK	araB	betI	bioB	ogt	cheB	motB	rimN	modC	tap	ycgZ	cheR	trg	flgN	fliZ	ompW	dmsA	astC	motA	flgL	ymgC	cycA	ves	rihC	flgM	dadX	fliD	fliS	fecI	araA	tsr	atpC	ksgA	araD	hcaR	deoC	aidB	bioD	cysP	fliC	nupG	yjdA	fhuF	cadB	flxA	bcsF	cstA	ryhB	artP	fadA	fliT	cheW	cheZ
9.7340000	12.1720000	10.9020000	8.9638000	8.4328000	11.0480000	10.0230000	11.9850000	9.2184000	8.2499000	7.9480000	8.1921000	8.9002000	11.2740000	7.6007000	8.9834000	11.1680000	12.5280000	7.8561000	9.2465000	11.3350000	7.8929000	10.5280000	7.8203000	7.9245000	10.5540000	12.3290000	9.7574000	9.8608000	10.5010000	9.3441000	9.6317000	9.3219000	12.3910000	10.9320000	8.7263000	9.0013000	8.4258000	12.6410000	11.3020000	4.8845000	9.3098000	11.4030000	8.3872000	12.4480000	8.6528000	10.7210000	10.3160000	7.8142000	7.6612000	11.5550000	10.5540000	9.4540000	8.5225000	7.6754000	9.6238000	7.8179000	7.6286000	8.4354000	13.1830000	7.0529000	10.4870000	7.5791000	7.0112000	13.2400000	7.4638000	9.5407000	7.1475000	9.3366000	7.9855000	10.5480000	11.4500000	10.0530000
8.1864000	8.2367000	8.8001333	10.6996667	6.8613333	8.5781667	6.7026667	8.8729667	11.5496667	8.4108333	8.7132667	8.4412667	9.2466000	8.7592000	8.3170000	8.9473000	12.1473333	7.7759667	8.0696667	9.2231000	7.5532333	7.9902333	9.3838667	8.4914333	8.0451333	7.6746000	7.5837000	9.6228667	8.3856333	8.8066000	9.2457000	7.6973333	8.7667000	8.5878000	7.5413000	8.1972000	7.9127000	8.4311000	6.9768000	8.2325667	5.0150333	9.1013000	8.6127333	8.8993000	8.8297000	9.6889000	7.2006000	8.0053000	8.9253333	7.7818667	9.0483667	10.6396667	9.9625667	8.6422333	8.4364333	11.4650000	7.6964333	7.8817000	8.5786667	8.3800000	9.9298667	7.2489000	9.4274667	6.9673333	7.6062667	7.8594333	10.1324667	7.7070667	10.5613333	8.3492333	8.2997333	8.3789000	7.9967000
