yjcZ	cheA	cheY	dctA	argW	modB	ycgR	fliA	udp	yjdI	entB	astA	betA	tar	artM	yrdB	aceF	yhjH	astB	ymgA	flgK	araB	betI	bioB	ogt	cheB	motB	rimN	modC	tap	ycgZ	cheR	trg	flgN	fliZ	ompW	dmsA	astC	motA	flgL	ymgC	cycA	ves	rihC	flgM	dadX	fliD	fliS	fecI	araA	tsr	atpC	ksgA	araD	hcaR	deoC	aidB	bioD	cysP	fliC	nupG	yjdA	fhuF	cadB	flxA	bcsF	cstA	ryhB	artP	fadA	fliT	cheW	cheZ
7.9862667	7.9201000	8.7381667	8.6932333	7.1020333	8.3269333	6.6806667	7.6179000	9.8454000	9.5709000	9.7390000	8.7186000	9.0448000	8.5867000	8.4666333	8.7827667	11.7126667	8.0201000	8.3286333	8.3854667	7.0788667	8.0178000	9.3308000	10.6396667	8.1140333	7.6842667	7.4894667	9.6799333	8.2380000	8.6400667	7.9513667	7.9136333	8.4811333	8.2442333	6.8591000	8.2608667	7.7655667	8.6461000	7.1047000	8.0230667	4.7246667	9.0429000	8.3427333	8.1401000	8.4639667	8.6250667	7.0239000	7.8876667	9.4122333	7.9161333	8.7870333	11.0196667	10.2533333	8.6952000	8.2202667	9.2716333	8.7469000	8.9475667	10.8353333	8.2767000	7.1379333	7.1756333	10.4053333	6.9636333	7.7303667	8.1021667	10.1142333	8.5708333	10.6020000	8.1526667	8.3731000	8.2730000	7.9374000
8.6162667	5.2073333	7.8223333	9.6719667	5.1820667	9.0235667	7.4764667	7.8027000	9.1163667	8.2571667	8.6174667	8.9760000	8.1041000	6.5232333	8.2247333	8.5735000	9.2529667	8.7237333	8.8342667	6.9230000	7.4879333	8.0556000	8.1855333	8.8940667	7.4585333	7.4336667	5.4477000	8.4968000	7.9219000	5.7908333	6.8000000	7.9811333	8.9298667	8.6182667	6.7514667	8.7526667	8.1023667	9.7631667	5.2717333	8.9823667	4.3719000	9.3475000	8.5015000	8.9347333	8.1616333	8.4128333	7.4544333	7.8179333	8.7776333	8.9430667	8.9238000	8.8627667	9.0770000	9.2772333	8.4510667	9.1493333	9.7969667	8.2806000	9.4583667	8.5156000	8.2269333	8.3140333	8.5097000	7.7055667	7.7132333	6.7901333	10.8916667	7.3594000	9.2825333	8.7372000	8.6614333	6.1417000	9.1608000
