yjcZ	cheA	cheY	dctA	argW	modB	ycgR	fliA	udp	yjdI	entB	astA	betA	tar	artM	yrdB	aceF	yhjH	astB	ymgA	flgK	araB	betI	bioB	ogt	cheB	motB	rimN	modC	tap	ycgZ	cheR	trg	flgN	fliZ	ompW	dmsA	astC	motA	flgL	ymgC	cycA	ves	rihC	flgM	dadX	fliD	fliS	fecI	araA	tsr	atpC	ksgA	araD	hcaR	deoC	aidB	bioD	cysP	fliC	nupG	yjdA	fhuF	cadB	flxA	bcsF	cstA	ryhB	artP	fadA	fliT	cheW	cheZ
8.8976000	11.5760000	11.1930000	9.0923000	7.1525000	9.5008000	8.7310000	10.6510000	9.5885000	7.7822000	8.6703000	8.4149000	9.3754000	10.9820000	9.0256000	9.3185000	12.5400000	11.5080000	8.0670000	8.0442000	10.6730000	7.9864000	9.2806000	8.1538000	8.0949000	10.4520000	10.4360000	10.1230000	8.8764000	10.4730000	7.7186000	9.5513000	9.0274000	11.6140000	10.0860000	7.3235000	7.9476000	8.1706000	10.7540000	11.0190000	4.5044000	8.9764000	9.2763000	8.5226000	11.5930000	8.7904000	10.8410000	10.8300000	9.2315000	7.8876000	12.2450000	12.5030000	10.3960000	8.8319000	7.7542000	9.0937000	7.6801000	7.9335000	8.6427000	12.9510000	7.2962000	8.8097000	9.5458000	7.1371000	11.1490000	7.8714000	8.9777000	8.1745000	10.9070000	8.2557000	10.9100000	11.1880000	11.0270000
8.4648000	7.9299000	8.7841000	11.5220000	6.3946000	8.3122000	7.1549000	7.4302000	9.5528000	8.1170000	10.7510000	10.3110000	9.0827000	9.0201000	8.4106000	8.5568000	10.3160000	8.1610000	9.7750000	9.1758000	7.3710000	8.3546000	8.9211000	8.7437000	8.3298000	7.8943000	7.5790000	9.3105000	8.0620000	8.9376000	9.0302000	7.8564000	9.1450000	8.2751000	6.7309000	8.1569000	8.1527000	11.2310000	7.4060000	8.3476000	5.2347000	10.5690000	8.5846000	9.1170000	8.6185000	11.0790000	6.5872000	8.0411000	9.6952000	8.1028000	9.4044000	11.4060000	9.2090000	9.0682000	9.6750000	8.7372000	8.0286000	8.0838000	11.3150000	8.3796000	7.7513000	7.6280000	10.5950000	7.2362000	7.9561000	6.7758000	11.8620000	9.8001000	10.1930000	10.6130000	8.6946000	8.3832000	7.8948000
