yjcZ	cheA	cheY	dctA	argW	modB	ycgR	fliA	udp	yjdI	entB	astA	betA	tar	artM	yrdB	aceF	yhjH	astB	ymgA	flgK	araB	betI	bioB	ogt	cheB	motB	rimN	modC	tap	ycgZ	cheR	trg	flgN	fliZ	ompW	dmsA	astC	motA	flgL	ymgC	cycA	ves	rihC	flgM	dadX	fliD	fliS	fecI	araA	tsr	atpC	ksgA	araD	hcaR	deoC	aidB	bioD	cysP	fliC	nupG	yjdA	fhuF	cadB	flxA	bcsF	cstA	ryhB	artP	fadA	fliT	cheW	cheZ
10.0786000	11.8896667	11.3000000	10.6206667	9.4081667	9.8157000	10.0810000	11.0030000	12.8966667	9.4360000	8.5939000	10.3277667	9.2922667	12.4083333	9.1444667	8.2720333	10.1231000	11.1936667	10.1817000	9.4169667	10.6863333	8.3424000	9.3188333	9.2865667	8.3208333	10.1293333	10.9693333	8.8686333	9.1748333	11.1913333	9.0498667	10.2179333	10.9830000	11.8703333	9.9601667	9.4953667	7.9648667	10.7975333	11.1166667	11.3810000	5.0389000	10.2652000	9.6434000	9.0958333	11.9930000	10.9430000	10.7990000	10.4435000	8.6937333	7.9167000	10.5763333	10.7250000	9.9787667	8.7788333	9.6287667	9.8098333	8.5026667	10.4314333	9.0799333	13.5883333	10.7940000	10.7226667	9.5127333	7.0407667	11.0893333	7.3623667	11.8460000	8.9098667	10.9717333	9.6195000	10.1047333	12.2350000	11.3660000
10.3810000	12.0700000	11.4370000	11.6850000	7.3122000	9.2999000	10.6920000	11.5850000	9.8981000	9.1115000	8.2514000	9.3072000	9.2889000	12.0780000	8.0750000	7.9684000	11.0920000	12.3170000	8.2407000	8.2692000	10.6530000	8.4184000	9.7252000	8.0331000	7.6984000	10.5410000	10.1020000	8.6414000	8.8275000	10.7220000	7.9852000	9.4189000	10.9940000	11.8390000	11.0800000	10.2070000	8.2236000	10.4330000	10.5020000	11.3130000	4.4751000	9.8351000	9.6911000	9.8343000	12.0460000	10.0130000	11.1230000	10.6870000	8.7009000	8.1050000	10.7130000	11.5800000	9.8822000	8.7322000	9.8432000	9.5320000	8.1592000	7.6642000	9.5014000	13.5660000	8.3881000	10.5330000	9.2275000	7.1881000	11.1440000	7.5757000	11.6870000	8.3162000	10.4060000	9.7289000	10.6740000	11.7390000	10.6460000
