carB	ymgC	ymgA	betB	yjcH
7.2739000	7.7838000	10.8760000	10.7430000	5.5497000
12.5470000	4.6267000	8.1345000	10.1170000	11.0780000
