carB	ymgC	ymgA	betB	yjcH
8.5171333	6.1436000	8.9555667	8.1824667	8.0108000
10.6240000	4.3465000	7.7578000	8.0671000	9.6742000
