carB	ymgC	ymgA	betB	yjcH
10.3393333	4.6923333	6.0463333	7.7158000	6.7023333
8.6624000	4.7605000	8.7403000	9.5182000	7.4220000
