carB	ymgC	ymgA	betB	yjcH
10.7773333	4.7265667	8.5729667	9.5855333	8.5473667
9.4088500	4.5200500	8.0373000	9.6376000	6.5019000
