carB	ymgC	ymgA	betB	yjcH
8.9214500	6.3985500	10.2660000	10.7500000	9.7496000
8.5082000	4.8845000	9.2465000	10.1870000	6.4309000
