carB	ymgC	ymgA	betB	yjcH
8.5171333	6.1436000	8.9555667	8.1824667	8.0108000
10.6240000	4.3465000	7.7578000	8.0671000	9.6742000
8.9214500	6.3985500	10.2660000	10.7500000	9.7496000
10.3393333	4.6923333	6.0463333	7.7158000	6.7023333
7.2739000	7.7838000	10.8760000	10.7430000	5.5497000
8.6624000	4.7605000	8.7403000	9.5182000	7.4220000
8.5082000	4.8845000	9.2465000	10.1870000	6.4309000
12.5470000	4.6267000	8.1345000	10.1170000	11.0780000
