betA	carB	fadJ	flgK	dadA	tyrA	dctA	deoC	ymgA	artQ	ycgR	cheA	trg	ryhB	ycgZ	ves	fecI	tar	hyaD	yjdA	yhjH	nupG	ompW	ansB	hyaE	yqeF	hyaF	motB	mglB	ymgC	udp	modC	fliC	fadB	flgM	appC	dadX	flxA	feaR	appB	flgN	flgL	yjjI	fliD	pyrB	tsr	fliT	cycA	artI	cheB	pncA	fliZ	cstA	modA	atpC	hyaC	fhuF	entB	modB	cheZ	fliA	betT	betI	aceK	bcsE	cheR	yjcZ	tap	yghZ	cysP	hyaB	cheY	bioD	aceB	pyrI	motA	bcsF	fadA	cheW	cadB
8.6088500	8.4885000	9.4494000	11.8680000	10.4185000	7.7819500	9.3377000	10.1815000	8.1742000	8.7023000	10.7570000	11.9725000	10.4310000	7.7392000	7.9533000	10.0680000	7.8063000	13.1680000	12.3125000	11.2495000	12.2925000	7.2382000	9.8256000	11.9370000	11.0410000	7.9664500	11.0855000	10.9090000	9.1489000	4.5290000	10.3000000	9.4270000	13.7475000	8.0849000	12.7350000	11.0335000	9.5026500	10.2368500	6.6417500	9.7575500	12.6765000	11.0990000	9.6018000	11.9145000	8.4983000	9.8696500	10.5560000	8.4173000	9.7505500	10.9960000	8.0326000	10.8285000	10.5820000	10.5070000	9.1163500	12.6260000	7.7990500	8.2813000	10.2565000	11.5590000	12.1325000	9.0923500	8.8293500	8.1845000	8.1014500	10.6105000	10.4320000	11.4115000	9.8037500	8.9146000	12.3985000	11.3625000	7.7312000	12.4760000	7.8771500	11.3230000	7.3034000	7.9286500	11.4790000	10.6095000
9.3305500	8.9360500	9.6737500	10.2955000	11.5985000	8.0030500	12.0675000	9.4463500	10.0638000	9.2969500	9.6582000	10.9510000	9.3461500	7.3332500	9.9800000	8.8254000	8.2461000	10.7245000	7.7121000	8.7988500	10.8115000	8.1035500	8.2010000	7.6552000	7.4683500	9.5774500	7.0733000	9.1118000	12.9295000	5.6542000	10.2590000	8.5438500	12.1500000	9.3868000	11.6325000	8.4142500	10.1509000	9.5102500	7.7614000	7.6876000	11.2725000	10.4885000	7.4376000	10.3745000	10.0843000	10.0525500	9.6972000	8.8577500	10.6550000	9.4038000	9.1379000	11.0525000	10.9740000	9.4909500	11.1595000	7.4478500	7.7661500	8.1311000	9.4927000	9.7818500	11.9565000	9.2686500	10.0153500	8.6570500	8.4028000	8.8274000	8.6571500	9.6427500	9.9845500	8.0558500	8.0444000	10.2610000	7.6518500	12.4515000	9.2170000	9.4552500	7.6145000	8.5594500	11.0725000	7.7629000
