betA	carB	fadJ	flgK	dadA	tyrA	dctA	deoC	ymgA	artQ	ycgR	cheA	trg	ryhB	ycgZ	ves	fecI	tar	hyaD	yjdA	yhjH	nupG	ompW	ansB	hyaE	yqeF	hyaF	motB	mglB	ymgC	udp	modC	fliC	fadB	flgM	appC	dadX	flxA	feaR	appB	flgN	flgL	yjjI	fliD	pyrB	tsr	fliT	cycA	artI	cheB	pncA	fliZ	cstA	modA	atpC	hyaC	fhuF	entB	modB	cheZ	fliA	betT	betI	aceK	bcsE	cheR	yjcZ	tap	yghZ	cysP	hyaB	cheY	bioD	aceB	pyrI	motA	bcsF	fadA	cheW	cadB
8.0306667	12.3280000	8.7925000	5.9112000	8.6520667	9.8630333	8.7216333	8.3999667	6.7382667	9.7599000	6.7042333	7.6942667	6.5959667	9.0835667	7.4073667	7.2465000	9.1325333	7.7803000	7.5322000	6.7114667	8.1756333	7.8664667	8.8562000	7.5459000	6.7965667	9.0073333	6.9158000	7.0628333	8.4721333	4.9568667	10.0301000	8.3693000	8.8828667	7.7260333	7.5178667	8.4318333	8.3652000	7.0448333	7.1104000	8.4102667	7.4634667	8.0031000	7.3876000	6.0315667	11.9150000	7.4525333	6.8551333	10.7380000	9.3049000	6.9190000	9.2380333	6.6873000	9.8114000	8.2605667	12.1750000	7.2903667	10.5136667	9.4665667	8.7190000	7.7153667	7.1696667	8.2927667	7.9354667	9.3116333	8.8240000	7.5566667	8.0254333	6.3645000	7.5943000	9.6324333	7.4784667	7.7211667	9.3085000	11.2840000	11.6120000	7.1954333	8.7430333	8.4811667	7.4580667	7.5924333
8.8765000	9.3348500	8.4846000	11.2720000	10.2970000	8.9819000	8.5058000	8.5445500	7.6647000	9.6511000	9.0778000	11.8135000	9.0966000	8.4976500	7.4550000	9.8489500	9.9936500	11.7535000	11.4030000	9.5861000	11.0430000	7.3148500	9.0771000	8.0393500	10.4785000	7.7866000	10.4520000	11.1070000	8.5981500	4.3898500	8.6697000	8.8414000	13.6635000	7.8249500	11.7290000	11.9940000	9.5028000	10.8595000	6.4685000	10.5770000	11.7815000	11.2675000	7.5916500	11.5905000	10.6200000	11.7270000	10.7155000	9.3584000	10.2585000	10.8135000	9.3398500	10.6220000	9.2533500	9.2126500	12.0520000	11.2265000	10.7805000	8.6828000	9.5653500	11.4820000	11.1420000	8.9823500	8.7748000	8.9485500	8.0753000	10.3835000	9.5590000	10.8230000	8.2015000	11.1160000	11.5000000	11.6905000	8.1065500	11.3710000	10.0220000	11.3035000	7.3927000	7.8764500	11.4985000	7.0395000
