betA	carB	fadJ	flgK	dadA	tyrA	dctA	deoC	ymgA	artQ	ycgR	cheA	trg	ryhB	ycgZ	ves	fecI	tar	hyaD	yjdA	yhjH	nupG	ompW	ansB	hyaE	yqeF	hyaF	motB	mglB	ymgC	udp	modC	fliC	fadB	flgM	appC	dadX	flxA	feaR	appB	flgN	flgL	yjjI	fliD	pyrB	tsr	fliT	cycA	artI	cheB	pncA	fliZ	cstA	modA	atpC	hyaC	fhuF	entB	modB	cheZ	fliA	betT	betI	aceK	bcsE	cheR	yjcZ	tap	yghZ	cysP	hyaB	cheY	bioD	aceB	pyrI	motA	bcsF	fadA	cheW	cadB
9.5733000	8.0305000	9.5462000	8.4632000	10.2850000	9.9051000	10.1990000	10.1340000	10.1690000	7.6851000	8.8154000	10.2620000	9.2803000	7.5112000	10.2290000	9.3761000	8.1363000	9.2356000	7.4552000	9.5535000	10.5440000	7.5238000	7.8322000	8.0478000	7.0365000	8.9824000	6.3407000	10.4030000	11.9890000	6.3128000	9.3547000	8.2067000	10.7020000	8.4817000	9.8724000	8.2031000	9.2941000	10.7430000	5.9735000	7.3416000	10.2000000	8.6554000	7.1092000	7.4663000	8.1293000	10.5840000	7.8728000	10.2980000	8.0425000	7.7433000	7.9772000	7.5186000	10.3920000	8.6137000	10.2740000	6.3309000	9.1888000	7.7307000	8.7740000	8.3251000	8.5375000	10.7980000	11.5460000	7.2604000	8.0516000	7.9167000	8.3410000	8.7679000	8.2013000	8.4643000	7.2279000	8.3836000	7.3181000	8.9577000	7.4608000	10.9160000	7.3531000	8.2234000	9.1126000	7.0253000
9.3767000	8.6967333	9.5121000	7.4577667	11.1426667	8.3099333	11.0370000	11.5163333	8.9910333	8.9756000	6.9093333	8.1791667	8.7392333	7.8949000	8.9736667	8.5668333	9.0731000	8.7939000	8.0553667	7.3458000	7.9264667	10.1724667	8.2547333	7.8538333	7.8172333	9.1648000	7.6702000	7.5696000	12.5870000	4.8568000	11.7753333	8.4075000	8.1332667	8.5338000	8.6970667	8.6467333	9.9553000	7.6970333	7.0421333	7.8153000	8.4878000	8.2575667	7.7949000	7.2526333	9.0491333	9.0730333	8.3538000	9.1164333	9.9400333	7.7669667	9.5565667	7.6471000	10.4465000	8.9693333	11.0550000	7.7544667	9.6230333	8.9267000	8.5423667	7.6588333	8.6230333	8.8847000	9.6015667	8.2627333	9.1294667	7.7572000	8.1785333	8.8543333	9.0914333	8.6575000	8.4880333	8.6246000	7.9635667	10.3918667	8.0896000	7.2067333	8.1878667	8.4265667	8.3326333	7.1588333
