betA	carB	fadJ	flgK	dadA	tyrA	dctA	deoC	ymgA	artQ	ycgR	cheA	trg	ryhB	ycgZ	ves	fecI	tar	hyaD	yjdA	yhjH	nupG	ompW	ansB	hyaE	yqeF	hyaF	motB	mglB	ymgC	udp	modC	fliC	fadB	flgM	appC	dadX	flxA	feaR	appB	flgN	flgL	yjjI	fliD	pyrB	tsr	fliT	cycA	artI	cheB	pncA	fliZ	cstA	modA	atpC	hyaC	fhuF	entB	modB	cheZ	fliA	betT	betI	aceK	bcsE	cheR	yjcZ	tap	yghZ	cysP	hyaB	cheY	bioD	aceB	pyrI	motA	bcsF	fadA	cheW	cadB
8.9031000	8.7425000	9.6117500	8.0039500	11.8435000	7.9534500	9.1476000	9.8936500	12.2660000	9.1408000	7.0696000	8.2569000	9.0596000	9.4109000	12.3880000	8.5962500	9.9259500	8.8519000	8.5070500	7.2748500	7.9291500	6.9831500	8.5155000	7.7187500	8.1929000	8.1178500	7.8242500	7.7392000	9.8897500	8.1011000	10.1620000	8.2782500	9.1253500	9.2254500	8.5687500	10.0800000	10.2135000	8.1876500	6.9207000	8.7031500	8.1286500	8.3707500	7.4651500	6.8240000	9.4780500	9.2425000	8.5513500	9.3596500	10.4430000	7.7432000	8.4918000	7.3254500	10.6230000	8.3639500	9.4338500	8.5295500	10.4445000	10.0383000	7.8990000	8.0867500	7.8220000	9.4889500	9.8032000	9.5663000	8.3285000	7.6035500	8.1771500	8.5257500	9.0899000	11.4090000	8.7253500	8.6839500	7.6330000	13.8665000	8.5813500	7.5133500	7.4901000	8.7554000	8.3935000	7.1028500
8.5847000	8.1348000	9.4159000	6.9483000	11.1510000	9.5864000	10.3860000	9.0393000	8.3117000	9.0478000	6.0288000	7.9728000	8.2912000	8.3725000	7.8517000	8.1895000	8.2760000	8.4148000	7.8841000	7.4981000	8.3626000	7.9391000	12.3470000	9.3545000	7.4608000	9.1442000	7.2274000	6.9767000	10.7420000	4.3556000	10.3530000	8.1688000	8.8209000	8.5685000	8.0896000	8.5895000	10.1960000	7.0996000	7.0482000	7.6277000	7.9012000	7.9712000	8.1984000	6.5004000	8.0755000	8.7994000	8.1668000	10.2050000	10.2700000	7.5208000	9.4955000	6.7259000	11.7490000	8.7776000	12.9600000	7.4922000	9.2414000	8.7588000	8.5167000	7.9966000	7.2486000	8.7720000	8.6366000	8.1859000	8.5577000	7.8908000	8.1273000	8.4491000	9.5872000	12.1020000	8.2783000	8.4416000	7.8220000	9.8799000	7.5186000	7.0922000	7.4941000	8.3788000	8.3399000	7.1331000
