betA	carB	fadJ	flgK	dadA	tyrA	dctA	deoC	ymgA	artQ	ycgR	cheA	trg	ryhB	ycgZ	ves	fecI	tar	hyaD	yjdA	yhjH	nupG	ompW	ansB	hyaE	yqeF	hyaF	motB	mglB	ymgC	udp	modC	fliC	fadB	flgM	appC	dadX	flxA	feaR	appB	flgN	flgL	yjjI	fliD	pyrB	tsr	fliT	cycA	artI	cheB	pncA	fliZ	cstA	modA	atpC	hyaC	fhuF	entB	modB	cheZ	fliA	betT	betI	aceK	bcsE	cheR	yjcZ	tap	yghZ	cysP	hyaB	cheY	bioD	aceB	pyrI	motA	bcsF	fadA	cheW	cadB
9.2111000	12.9960000	9.4859000	11.7810000	11.3980000	7.9885000	9.9910000	9.5326000	8.4951000	8.7831000	11.5700000	12.9390000	11.0280000	8.6259000	7.7385000	10.9390000	8.2270000	12.8820000	8.4508000	10.7190000	12.4630000	7.6572000	10.0790000	10.0030000	8.0537000	8.9755000	7.7073000	10.7570000	12.7840000	4.3598000	9.4909000	9.1259000	13.8090000	10.3350000	12.9290000	8.6822000	10.1060000	11.8650000	7.2750000	8.0646000	12.3470000	12.1610000	8.2940000	12.1410000	13.7070000	10.9150000	10.9720000	8.4199000	10.0080000	10.8120000	8.6143000	11.3970000	10.8370000	9.7865000	11.6620000	7.8670000	8.2571000	8.4474000	9.3808000	11.0570000	11.9540000	9.0005000	9.3560000	8.6034000	8.2544000	9.7307000	11.1310000	11.3210000	9.6326000	10.7790000	8.7607000	11.9580000	7.7981000	12.6510000	13.2120000	10.6710000	7.0196000	9.5456000	12.8140000	7.0488000
9.6938333	9.1565667	8.8411333	7.3706000	9.6028000	9.0860000	8.2014333	8.3671000	8.7000333	8.6737667	7.1889667	8.0629000	9.0161667	10.0915333	8.5000667	8.5211667	9.1225667	9.3096000	8.6095667	7.7631667	8.5933333	7.6544333	7.9617000	8.1636667	8.5976000	8.0222667	7.9679000	7.6868667	8.7667667	5.1065667	9.1395000	8.5571000	8.9038667	8.3624667	8.3337000	9.6963000	8.7733333	7.9692333	6.8931000	8.0803667	8.7449000	8.6822333	8.0455000	7.8887000	9.1857667	8.8532333	9.0557333	8.5550333	9.9762667	7.5290000	8.0939667	7.2597333	9.4696333	8.0782667	9.4730000	8.5375333	9.5038667	9.7067000	8.4903333	9.0121667	8.3489333	9.2253000	10.6020000	8.9817000	8.3674000	8.2801333	8.5602333	8.4385667	8.8435333	11.4993333	9.2952333	8.0989333	8.3367667	13.5580000	7.9812333	7.4436667	6.7762000	8.3093333	8.5495333	7.4164667
