ymgC	tyrA	fhuF	carB	araG
4.8845000	8.4436000	7.5791000	8.5082000	7.0304000
4.9046000	8.1312333	8.5866333	8.8764667	7.5629000
