ymgC	tyrA	fhuF	carB	araG
4.7246667	9.3058000	10.4053333	10.8440000	7.3157667
4.3719000	8.2052667	8.5097000	9.0533667	7.7557333
