ymgC	tyrA	fhuF	carB	araG
5.0389000	8.0628667	9.5127333	8.8025333	7.9322000
4.4751000	7.8316000	9.2275000	12.8600000	7.5051000
