ymgC	tyrA	fhuF	carB	araG
4.5044000	8.1574000	9.5458000	9.9198000	7.2979000
5.2347000	7.6850000	10.5950000	8.3479000	7.1507000
