ymgC	tyrA	fhuF	carB	araG
4.7423000	7.7030500	7.8676500	8.3271500	10.5320000
4.8293000	8.4644000	8.7433000	11.3030000	7.0658000
