ymgC	tyrA	fhuF	carB	araG
5.0389000	8.0628667	9.5127333	8.8025333	7.9322000
4.4751000	7.8316000	9.2275000	12.8600000	7.5051000
4.5044000	8.1574000	9.5458000	9.9198000	7.2979000
5.2347000	7.6850000	10.5950000	8.3479000	7.1507000
4.8845000	8.4436000	7.5791000	8.5082000	7.0304000
4.9046000	8.1312333	8.5866333	8.8764667	7.5629000
4.7423000	7.7030500	7.8676500	8.3271500	10.5320000
4.8293000	8.4644000	8.7433000	11.3030000	7.0658000
