ymgC	tyrA	fhuF	carB	araG
4.7246667	9.3058000	10.4053333	10.8440000	7.3157667
4.3719000	8.2052667	8.5097000	9.0533667	7.7557333
5.0389000	8.0628667	9.5127333	8.8025333	7.9322000
4.4751000	7.8316000	9.2275000	12.8600000	7.5051000
4.8845000	8.4436000	7.5791000	8.5082000	7.0304000
4.9046000	8.1312333	8.5866333	8.8764667	7.5629000
4.7423000	7.7030500	7.8676500	8.3271500	10.5320000
4.8293000	8.4644000	8.7433000	11.3030000	7.0658000
