betA	fadJ	flgK	dadA	tyrA	dctA	deoC	ymgA	ycgR	cheA	trg	ryhB	ycgZ	ves	fecI	tar	hyaD	yjdA	yhjH	nupG	ompW	ansB	hyaE	yqeF	hyaF	motB	mglB	ymgC	rimN	udp	modC	fliC	ybhJ	nudB	fadB	flgM	appC	yebK	dadX	flxA	feaR	appB	flgN	flgL	yjjI	fliD	tsr	fliT	cycA	ksgA	aceF	cheB	fliZ	cstA	modA	hyaC	fhuF	entB	modB	cheZ	fliA	betT	betI	aceK	bcsE	yrdB	cheR	yjcZ	tap	cysP	hyaB	cheY	glnK	aceB	motA	bcsF	fadA	cheW	cadB
8.6160000	9.0986500	7.2577500	11.4420000	8.6249500	10.7860000	9.1616000	7.9014500	6.9869000	8.3487500	9.1247000	7.8141500	7.4079000	8.5720000	8.2145500	9.0353500	8.2297500	7.3201000	8.5015500	8.5241000	8.6047000	7.9418500	8.0661500	8.7953000	7.7098000	8.0561500	12.0535000	4.7455000	10.0056500	9.5287500	8.4449000	7.9649000	7.6192500	11.0465000	8.4914000	7.7506000	8.8245000	9.3436000	10.1040000	7.9643500	6.8371000	8.1224500	7.3665000	8.5091000	8.1256000	7.1171500	9.1452000	8.5257500	8.7100500	9.9921000	12.0065000	7.7666500	6.5844500	9.4560500	8.8910000	7.8991500	8.3948000	8.6956500	8.8298500	7.5631500	7.5256500	8.7757000	8.7831500	8.4950000	8.6415000	8.6782000	8.0087000	8.2642000	8.8172500	8.7012500	8.6782500	8.6175000	7.3773500	9.7338000	7.1539000	7.7181000	8.4513000	8.4780000	7.4927000
9.2166000	9.2464000	8.7784000	8.6214000	8.3232000	9.0726000	12.8140000	9.5752000	7.7652000	10.5680000	9.5079000	8.5330000	8.2115000	8.9790000	7.9815000	9.5219000	8.4845000	8.5432000	10.2610000	8.2642000	7.4455000	8.0099000	8.0459000	7.9531000	7.8351000	9.9807000	12.9380000	4.8832000	8.3156000	11.6770000	8.4733000	12.1620000	8.0351000	11.4510000	8.9042000	10.3800000	9.6798000	8.4557000	8.9889000	10.9990000	6.6499000	8.6739000	10.1800000	9.6701000	8.2300000	8.4605000	10.3240000	9.3256000	8.0387000	9.2793000	8.6906000	8.1887000	9.7898000	9.3904000	8.8763000	7.6689000	8.3666000	7.9735000	7.9504000	8.1481000	10.5310000	8.9846000	9.6726000	8.2625000	8.5335000	7.7848000	8.1256000	8.6703000	9.4684000	9.2099000	8.9125000	9.3942000	8.0676000	9.3600000	9.6515000	8.0964000	8.7649000	9.8443000	7.9435000
