betA	fadJ	flgK	dadA	tyrA	dctA	deoC	ymgA	ycgR	cheA	trg	ryhB	ycgZ	ves	fecI	tar	hyaD	yjdA	yhjH	nupG	ompW	ansB	hyaE	yqeF	hyaF	motB	mglB	ymgC	rimN	udp	modC	fliC	ybhJ	nudB	fadB	flgM	appC	yebK	dadX	flxA	feaR	appB	flgN	flgL	yjjI	fliD	tsr	fliT	cycA	ksgA	aceF	cheB	fliZ	cstA	modA	hyaC	fhuF	entB	modB	cheZ	fliA	betT	betI	aceK	bcsE	yrdB	cheR	yjcZ	tap	cysP	hyaB	cheY	glnK	aceB	motA	bcsF	fadA	cheW	cadB
8.4551500	9.4250500	12.2095000	10.0306000	7.7930000	10.4030000	9.4337000	7.5966500	11.0550000	12.8700000	10.9275000	7.5162000	7.5217000	10.0775000	8.2173500	13.4835000	10.3385000	11.1185000	12.4010000	7.3934000	10.7050000	12.8030000	9.2968500	8.2359500	9.2363000	11.0060000	11.1760000	4.4695500	8.6426500	11.0330000	9.5318500	14.2830000	7.6153000	10.2310000	7.7594500	12.6260000	9.8256000	9.2639500	9.2942000	10.4355000	6.9776500	8.6098000	12.5735000	11.4710000	9.6379000	12.7025000	10.2895000	11.4390000	8.2534500	9.9212500	11.1375000	11.0950000	11.9605000	10.8830000	10.5990000	10.6125000	7.6359500	8.2356500	10.4070000	11.5160000	12.8250000	8.7196000	8.5592000	8.4037500	8.5452500	8.2766500	10.3885000	10.7645000	11.6250000	8.8479500	10.3445000	11.7115000	7.4301000	12.8775000	11.2815000	7.6578000	7.7396500	12.6380000	9.3842000
8.9537000	9.3625000	10.5010000	10.9440000	7.9976000	11.6500000	9.8604000	8.4346000	9.9216000	11.7100000	9.9365000	8.3204000	8.1242000	9.3270000	8.6512000	11.6750000	7.7219000	9.0788000	11.4610000	8.3666000	8.0177000	7.7575000	7.4406000	9.0899000	7.3155000	10.4940000	11.5460000	4.6256000	9.5585000	10.4880000	8.6777000	13.0720000	7.4118000	10.9690000	9.1826000	11.8490000	8.3239000	9.8545000	9.9325000	11.0790000	6.6257000	7.5345000	11.5710000	10.8350000	7.5219000	10.7980000	11.0990000	10.6620000	8.7643000	10.1180000	11.3550000	10.8250000	10.5900000	10.3450000	9.5947000	7.3372000	9.2260000	8.6964000	9.4841000	10.8810000	11.2650000	8.9425000	9.4822000	8.2975000	8.3483000	8.5439000	9.7822000	9.0544000	10.9380000	9.0484000	8.0212000	11.1820000	7.4941000	11.3500000	10.7720000	7.4964000	8.7267000	11.4040000	6.7555000
