betA	fadJ	flgK	dadA	tyrA	dctA	deoC	ymgA	ycgR	cheA	trg	ryhB	ycgZ	ves	fecI	tar	hyaD	yjdA	yhjH	nupG	ompW	ansB	hyaE	yqeF	hyaF	motB	mglB	ymgC	rimN	udp	modC	fliC	ybhJ	nudB	fadB	flgM	appC	yebK	dadX	flxA	feaR	appB	flgN	flgL	yjjI	fliD	tsr	fliT	cycA	ksgA	aceF	cheB	fliZ	cstA	modA	hyaC	fhuF	entB	modB	cheZ	fliA	betT	betI	aceK	bcsE	yrdB	cheR	yjcZ	tap	cysP	hyaB	cheY	glnK	aceB	motA	bcsF	fadA	cheW	cadB
10.2413333	8.8534333	7.1658000	9.8457333	10.5370000	7.9599333	9.0568000	9.1953000	6.9185667	7.9684333	8.9373667	11.1106667	8.2766667	8.5360667	10.4013333	8.8351000	8.2912000	7.0541667	8.4148667	6.8888000	7.4705667	7.8474667	7.8997333	7.6415000	7.6525000	7.6728667	8.9411000	5.1071667	10.0915333	9.3953667	8.2177333	8.4483333	7.5987333	10.1283667	8.1549000	8.1886333	10.1054667	8.3010667	9.2039333	8.1133667	6.0632000	9.0287000	8.0183333	8.4038000	7.7018333	6.9887333	9.2045333	8.5696333	9.0832667	9.8986000	11.7643333	7.5938333	6.7171000	9.4246000	8.1607000	7.9701333	11.2353333	11.2540000	7.7562667	7.9916000	7.4493333	9.4163000	10.6243333	10.4086667	8.3046000	9.2332000	7.8689667	8.0805000	8.6435000	12.7453333	8.7381333	8.5024000	12.8610000	13.6870000	7.3882333	7.1099000	8.0555000	8.3501333	7.1442000
10.3590000	8.1476000	10.0700000	8.3101000	8.3808000	9.0506000	8.3334000	10.8760000	10.0760000	11.2360000	9.1565000	9.5564000	10.6910000	10.1710000	11.4500000	10.4240000	6.7185000	10.2400000	11.7470000	7.3850000	9.2648000	9.2051000	6.2952000	10.0290000	5.8529000	11.0440000	10.2780000	7.7838000	8.8466000	8.9340000	8.9971000	12.7190000	6.9341000	8.9674000	7.2895000	12.7400000	7.4778000	8.0972000	7.9551000	13.4070000	5.9790000	6.6510000	12.7420000	10.8100000	7.0607000	9.0630000	11.0160000	9.1166000	9.6075000	8.7508000	10.3040000	8.8099000	9.9653000	10.3690000	10.3950000	6.3330000	12.4280000	10.6410000	10.2470000	9.6204000	10.6860000	10.5430000	10.8630000	7.8255000	9.6132000	9.0521000	8.9515000	8.7138000	10.0760000	8.0952000	6.8205000	9.4998000	7.1854000	9.0051000	11.7440000	8.8956000	7.5082000	10.5600000	7.2578000
