betA	fadJ	flgK	dadA	tyrA	dctA	deoC	ymgA	ycgR	cheA	trg	ryhB	ycgZ	ves	fecI	tar	hyaD	yjdA	yhjH	nupG	ompW	ansB	hyaE	yqeF	hyaF	motB	mglB	ymgC	rimN	udp	modC	fliC	ybhJ	nudB	fadB	flgM	appC	yebK	dadX	flxA	feaR	appB	flgN	flgL	yjjI	fliD	tsr	fliT	cycA	ksgA	aceF	cheB	fliZ	cstA	modA	hyaC	fhuF	entB	modB	cheZ	fliA	betT	betI	aceK	bcsE	yrdB	cheR	yjcZ	tap	cysP	hyaB	cheY	glnK	aceB	motA	bcsF	fadA	cheW	cadB
9.3832000	8.7784000	6.6982000	10.1820000	8.4644000	8.0659000	8.3778000	8.8884000	6.6899000	7.9168000	8.5899000	8.4328000	8.3802000	8.1631000	8.1250000	8.2698000	7.8008000	7.6855000	8.5824000	7.5835000	7.5533000	7.6058000	7.4031000	8.0601000	7.4314000	7.0137000	8.4121000	4.8293000	9.0970000	8.8786000	8.2572000	8.7194000	7.4554000	9.8099000	7.8594000	8.8318000	8.7137000	8.5426000	9.1555000	7.7072000	6.2920000	7.7719000	8.4895000	8.0663000	7.2943000	6.7694000	8.7402000	8.0568000	9.0268000	9.5169000	11.7230000	7.2572000	6.6686000	10.1050000	7.9340000	7.2696000	8.7433000	8.4048000	8.6012000	8.2053000	6.8407000	10.2090000	10.4930000	8.2417000	8.8277000	8.9882000	7.6797000	8.3744000	8.3818000	12.9600000	8.3424000	8.3234000	8.7495000	11.6840000	7.3518000	7.4500000	7.9810000	8.2467000	7.5104000
8.5464667	8.9154333	11.8630000	9.1978000	8.5173667	8.6145000	8.3399333	6.5089333	8.9202333	12.3030000	9.1221333	7.4278667	6.6111333	9.1854667	8.7809667	12.9966667	8.0102000	9.9461667	11.1740000	7.7675667	8.4876000	7.9079667	7.6613000	7.4947333	7.4768000	11.5936667	8.5655000	4.3034000	9.3893333	8.7011000	8.2628333	13.9420000	7.5303000	9.6746333	8.3312667	11.9120000	8.8105333	8.7222667	8.3212000	9.0304333	6.6299000	7.5651667	11.7196667	11.0973333	8.1490667	12.2103333	12.0413333	10.9306667	9.0081000	10.1240000	11.6003333	11.1823333	11.5903333	9.3490000	8.0583667	7.7122333	9.1057667	8.4499333	9.1273667	12.3773333	12.4500000	8.4035333	8.5291667	10.2556667	8.6560000	8.9197000	11.0143333	9.6361000	11.7670000	10.3943333	8.2646000	11.6686667	8.4440667	12.5566667	11.3636667	6.9552000	8.3714333	11.7626667	7.5762667
