betA	fadJ	flgK	dadA	tyrA	dctA	deoC	ymgA	ycgR	cheA	trg	ryhB	ycgZ	ves	fecI	tar	hyaD	yjdA	yhjH	nupG	ompW	ansB	hyaE	yqeF	hyaF	motB	mglB	ymgC	rimN	udp	modC	fliC	ybhJ	nudB	fadB	flgM	appC	yebK	dadX	flxA	feaR	appB	flgN	flgL	yjjI	fliD	tsr	fliT	cycA	ksgA	aceF	cheB	fliZ	cstA	modA	hyaC	fhuF	entB	modB	cheZ	fliA	betT	betI	aceK	bcsE	yrdB	cheR	yjcZ	tap	cysP	hyaB	cheY	glnK	aceB	motA	bcsF	fadA	cheW	cadB
8.9031000	9.6117500	8.0039500	11.8435000	7.9534500	9.1476000	9.8936500	12.2660000	7.0696000	8.2569000	9.0596000	9.4109000	12.3880000	8.5962500	9.9259500	8.8519000	8.5070500	7.2748500	7.9291500	6.9831500	8.5155000	7.7187500	8.1929000	8.1178500	7.8242500	7.7392000	9.8897500	8.1011000	8.9169000	10.1620000	8.2782500	9.1253500	7.6760000	10.4060000	9.2254500	8.5687500	10.0800000	8.9406500	10.2135000	8.1876500	6.9207000	8.7031500	8.1286500	8.3707500	7.4651500	6.8240000	9.2425000	8.5513500	9.3596500	11.5800000	10.6875000	7.7432000	7.3254500	10.6230000	8.3639500	8.5295500	10.4445000	10.0383000	7.8990000	8.0867500	7.8220000	9.4889500	9.8032000	9.5663000	8.3285000	8.3407000	7.6035500	8.1771500	8.5257500	11.4090000	8.7253500	8.6839500	7.6751000	13.8665000	7.5133500	7.4901000	8.7554000	8.3935000	7.1028500
7.9647333	10.4813333	6.9044000	11.0916667	7.5989667	12.0290000	11.4126667	8.9555667	7.2398667	7.9487667	8.4242333	11.0086667	10.8980000	8.0457333	8.9322333	8.4434000	9.5396667	6.6175333	8.1554000	8.6339333	8.5723000	7.6410667	8.8587000	9.0106667	8.2374667	7.4523000	8.8234667	6.1436000	8.8714667	9.5630667	8.2711000	9.9322667	7.3387333	9.7271667	9.3836667	6.7889000	9.3314333	8.5384000	9.9295333	7.3123667	6.9897333	9.0614000	6.7859333	9.3569000	7.5875333	6.0282000	8.6618333	6.7125000	9.8832000	10.9433333	9.3938667	7.8453333	6.6433000	11.8753333	7.6064667	9.5745667	9.4261333	8.5028667	8.4138667	7.7170333	7.0998667	10.1566667	7.9092667	8.2272000	8.7291667	8.7362667	7.7548667	8.2246333	7.7887667	8.3308333	8.9813333	8.2874333	6.9643333	10.0608333	7.8829667	7.6996333	9.5307333	7.7481667	8.1031000
