betA	carB	fadJ	flgK	dadA	dctA	deoC	artQ	ycgR	cheA	trg	ryhB	ves	fecI	tar	yjdA	yhjH	nupG	ompW	ansB	yqeF	motB	mglB	rimN	udp	modC	fliC	ybhJ	nudB	fadB	flgM	dadX	flxA	feaR	flgN	flgL	yjjI	fliD	pyrB	pykF	tsr	fliT	cycA	artI	ksgA	aceF	astA	cheB	fliZ	cstA	modA	atpC	fhuF	entB	astC	cheZ	modB	fliA	betT	betI	aceK	astB	yrdB	cheR	yjcZ	tap	yghZ	cysP	cheY	glnK	aceB	pyrI	motA	fadA	cheW	livG	cadB
9.2111000	12.9960000	9.4859000	11.7810000	11.3980000	9.9910000	9.5326000	8.7831000	11.5700000	12.9390000	11.0280000	8.6259000	10.9390000	8.2270000	12.8820000	10.7190000	12.4630000	7.6572000	10.0790000	10.0030000	8.9755000	10.7570000	12.7840000	8.4048000	9.4909000	9.1259000	13.8090000	7.7427000	8.9101000	10.3350000	12.9290000	10.1060000	11.8650000	7.2750000	12.3470000	12.1610000	8.2940000	12.1410000	13.7070000	9.8592000	10.9150000	10.9720000	8.4199000	10.0080000	9.4585000	10.9300000	9.3071000	10.8120000	11.3970000	10.8370000	9.7865000	11.6620000	8.2571000	8.4474000	10.0660000	11.0570000	9.3808000	11.9540000	9.0005000	9.3560000	8.6034000	8.5436000	7.5878000	9.7307000	11.1310000	11.3210000	9.6326000	10.7790000	11.9580000	9.3271000	12.6510000	13.2120000	10.6710000	9.5456000	12.8140000	8.6104000	7.0488000
10.2413333	9.3707667	8.8534333	7.1658000	9.8457333	7.9599333	9.0568000	9.8784000	6.9185667	7.9684333	8.9373667	11.1106667	8.5360667	10.4013333	8.8351000	7.0541667	8.4148667	6.8888000	7.4705667	7.8474667	7.6415000	7.6728667	8.9411000	10.0915333	9.3953667	8.2177333	8.4483333	7.5987333	10.1283667	8.1549000	8.1886333	9.2039333	8.1133667	6.0632000	8.0183333	8.4038000	7.7018333	6.9887333	8.5133000	9.9619667	9.2045333	8.5696333	9.0832667	10.6020000	9.8986000	11.7643333	11.6936667	7.5938333	6.7171000	9.4246000	8.1607000	9.9823000	11.2353333	11.2540000	11.8686667	7.9916000	7.7562667	7.4493333	9.4163000	10.6243333	10.4086667	11.3840000	9.2332000	7.8689667	8.0805000	8.6435000	8.5949333	12.7453333	8.5024000	12.8610000	13.6870000	7.4509667	7.3882333	8.0555000	8.3501333	8.3376000	7.1442000
