betA	carB	fadJ	flgK	dadA	dctA	deoC	artQ	ycgR	cheA	trg	ryhB	ves	fecI	tar	yjdA	yhjH	nupG	ompW	ansB	yqeF	motB	mglB	rimN	udp	modC	fliC	ybhJ	nudB	fadB	flgM	dadX	flxA	feaR	flgN	flgL	yjjI	fliD	pyrB	pykF	tsr	fliT	cycA	artI	ksgA	aceF	astA	cheB	fliZ	cstA	modA	atpC	fhuF	entB	astC	cheZ	modB	fliA	betT	betI	aceK	astB	yrdB	cheR	yjcZ	tap	yghZ	cysP	cheY	glnK	aceB	pyrI	motA	fadA	cheW	livG	cadB
9.4761000	8.5397000	11.0650000	7.3378000	12.0440000	12.5310000	8.8679000	8.2859000	7.3129000	8.6438000	9.4018000	9.7203000	9.0578000	8.1229000	9.5955000	7.6419000	8.5680000	7.6053000	7.7701000	7.4073000	8.5120000	7.9301000	9.9343000	9.2310000	8.9478000	8.3523000	8.6765000	8.0354000	8.8196000	11.9200000	8.6258000	10.9480000	8.0992000	8.8217000	8.1726000	8.2419000	7.9767000	6.9800000	8.4082000	8.7805000	9.8499000	8.5902000	10.0710000	9.2498000	8.9228000	9.9955000	11.3180000	8.6016000	6.6035000	12.7190000	8.2910000	10.0840000	9.1037000	8.6242000	12.3110000	8.1712000	7.9592000	7.9381000	9.4092000	8.9173000	8.3418000	10.5510000	8.3355000	8.0472000	9.0754000	9.4002000	10.2370000	9.6191000	9.1663000	7.9140000	11.0480000	7.1912000	7.3492000	11.3020000	8.8265000	9.2549000	7.5267000
9.2495000	8.5731000	10.7640000	7.2948000	11.9600000	9.6966000	9.8997000	9.7172000	6.8280000	7.9829000	8.9860000	8.2838000	8.3650000	7.8593000	8.6644000	7.7351000	7.9307000	8.0946000	7.6639000	7.9746000	9.4967000	7.3681000	11.9730000	9.0900000	11.1240000	8.5603000	8.7313000	7.5149000	9.7443000	10.1460000	8.2796000	10.7160000	8.2428000	7.3418000	7.8214000	8.0516000	7.5059000	6.5124000	9.6227000	10.5480000	8.9906000	8.1823000	9.8967000	11.2790000	9.9514000	10.1490000	10.6830000	7.9049000	6.6153000	12.1330000	8.7642000	11.8120000	7.7629000	8.1782000	11.7480000	7.8652000	8.5581000	7.2613000	9.5329000	9.3044000	9.6335000	10.3670000	8.5640000	7.8376000	8.4298000	8.7271000	10.4060000	10.9100000	8.7673000	7.7421000	13.6860000	9.5387000	7.1838000	9.6806000	8.1365000	8.6393000	6.9840000
