betA	carB	fadJ	flgK	dadA	dctA	deoC	artQ	ycgR	cheA	trg	ryhB	ves	fecI	tar	yjdA	yhjH	nupG	ompW	ansB	yqeF	motB	mglB	rimN	udp	modC	fliC	ybhJ	nudB	fadB	flgM	dadX	flxA	feaR	flgN	flgL	yjjI	fliD	pyrB	pykF	tsr	fliT	cycA	artI	ksgA	aceF	astA	cheB	fliZ	cstA	modA	atpC	fhuF	entB	astC	cheZ	modB	fliA	betT	betI	aceK	astB	yrdB	cheR	yjcZ	tap	yghZ	cysP	cheY	glnK	aceB	pyrI	motA	fadA	cheW	livG	cadB
8.5640000	10.6240000	10.1980000	6.6133000	9.5107000	9.4389000	8.6708000	9.2488000	6.7760000	7.7965000	8.3261000	9.5060000	8.1158000	9.6888000	8.2242000	7.3451000	8.5247000	7.6775000	7.5315000	7.4162000	8.4419000	6.6705000	10.6590000	10.1450000	9.3807000	8.0430000	8.4311000	7.2035000	9.6360000	8.4687000	8.2547000	8.6862000	7.9199000	6.7727000	8.3722000	7.8933000	7.2990000	7.3164000	12.4790000	10.1850000	8.7984000	8.6919000	9.8758000	9.8879000	9.7445000	10.7890000	8.3554000	7.3873000	6.9362000	12.0810000	8.3613000	12.0020000	10.6050000	9.7990000	8.1484000	8.1079000	8.9673000	6.9296000	8.6210000	8.1144000	9.7160000	8.5939000	9.4068000	7.8142000	8.2970000	8.3498000	9.2354000	9.4883000	8.4029000	7.6400000	12.8180000	11.4430000	7.4871000	8.7766000	8.1825000	10.4330000	7.3419000
8.5464667	10.7198333	8.9154333	11.8630000	9.1978000	8.6145000	8.3399333	9.3612667	8.9202333	12.3030000	9.1221333	7.4278667	9.1854667	8.7809667	12.9966667	9.9461667	11.1740000	7.7675667	8.4876000	7.9079667	7.4947333	11.5936667	8.5655000	9.3893333	8.7011000	8.2628333	13.9420000	7.5303000	9.6746333	8.3312667	11.9120000	8.3212000	9.0304333	6.6299000	11.7196667	11.0973333	8.1490667	12.2103333	13.3286667	9.7060333	12.0413333	10.9306667	9.0081000	9.5583333	10.1240000	11.6003333	8.4790000	11.1823333	11.5903333	9.3490000	8.0583667	10.9236667	9.1057667	8.4499333	8.2670333	12.3773333	9.1273667	12.4500000	8.4035333	8.5291667	10.2556667	8.3313000	8.9197000	11.0143333	9.6361000	11.7670000	8.4078333	10.3943333	11.6686667	8.4440667	12.5566667	12.4670000	11.3636667	8.3714333	11.7626667	9.4392667	7.5762667
