betA	carB	fadJ	flgK	dadA	dctA	deoC	artQ	ycgR	cheA	trg	ryhB	ves	fecI	tar	yjdA	yhjH	nupG	ompW	ansB	yqeF	motB	mglB	rimN	udp	modC	fliC	ybhJ	nudB	fadB	flgM	dadX	flxA	feaR	flgN	flgL	yjjI	fliD	pyrB	pykF	tsr	fliT	cycA	artI	ksgA	aceF	astA	cheB	fliZ	cstA	modA	atpC	fhuF	entB	astC	cheZ	modB	fliA	betT	betI	aceK	astB	yrdB	cheR	yjcZ	tap	yghZ	cysP	cheY	glnK	aceB	pyrI	motA	fadA	cheW	livG	cadB
9.5733000	8.0305000	9.5462000	8.4632000	10.2850000	10.1990000	10.1340000	7.6851000	8.8154000	10.2620000	9.2803000	7.5112000	9.3761000	8.1363000	9.2356000	9.5535000	10.5440000	7.5238000	7.8322000	8.0478000	8.9824000	10.4030000	11.9890000	9.4572000	9.3547000	8.2067000	10.7020000	7.7872000	9.7140000	8.4817000	9.8724000	9.2941000	10.7430000	5.9735000	10.2000000	8.6554000	7.1092000	7.4663000	8.1293000	8.5883000	10.5840000	7.8728000	10.2980000	8.0425000	8.5474000	10.3450000	8.1512000	7.7433000	7.5186000	10.3920000	8.6137000	10.2740000	9.1888000	7.7307000	8.6715000	8.3251000	8.7740000	8.5375000	10.7980000	11.5460000	7.2604000	8.1263000	9.0482000	7.9167000	8.3410000	8.7679000	8.2013000	8.4643000	8.3836000	7.0534000	8.9577000	7.4608000	10.9160000	8.2234000	9.1126000	8.2581000	7.0253000
8.6195000	8.3271500	9.6456500	6.6669500	8.4067000	8.9493000	10.1350000	8.5286500	6.7835500	8.3681500	8.4686000	8.2311000	8.1445500	8.3638000	8.1299500	8.0253000	8.7933000	8.4511500	7.8333000	7.2914500	7.8127500	6.8490000	9.5584500	9.7785000	11.6675000	7.8403500	8.0430500	7.0932000	9.8434500	8.1460000	7.8399000	7.9518000	7.7275500	6.6470500	7.8546500	8.1227500	7.4501500	7.3149000	9.2771000	11.1345000	8.9364000	8.5305500	8.8060000	9.0533500	9.4538500	12.6275000	7.9881500	7.5061500	6.9466500	9.3510500	8.0570000	10.1920000	7.8676500	7.9596000	8.0747500	7.8736500	8.2724500	7.4097500	8.8800000	8.0400000	8.9039500	8.0104000	9.7309500	7.4201000	8.3316500	8.1146000	9.3579500	8.5069000	8.0984000	7.9351000	9.0556000	9.2826500	7.2762500	8.0226500	7.7689000	8.5528000	8.8589500
