betA	carB	fadJ	flgK	dadA	dctA	deoC	artQ	ycgR	cheA	trg	ryhB	ves	fecI	tar	yjdA	yhjH	nupG	ompW	ansB	yqeF	motB	mglB	rimN	udp	modC	fliC	ybhJ	nudB	fadB	flgM	dadX	flxA	feaR	flgN	flgL	yjjI	fliD	pyrB	pykF	tsr	fliT	cycA	artI	ksgA	aceF	astA	cheB	fliZ	cstA	modA	atpC	fhuF	entB	astC	cheZ	modB	fliA	betT	betI	aceK	astB	yrdB	cheR	yjcZ	tap	yghZ	cysP	cheY	glnK	aceB	pyrI	motA	fadA	cheW	livG	cadB
8.6088500	8.4885000	9.4494000	11.8680000	10.4185000	9.3377000	10.1815000	8.7023000	10.7570000	11.9725000	10.4310000	7.7392000	10.0680000	7.8063000	13.1680000	11.2495000	12.2925000	7.2382000	9.8256000	11.9370000	7.9664500	10.9090000	9.1489000	8.8595000	10.3000000	9.4270000	13.7475000	7.8461000	9.9065000	8.0849000	12.7350000	9.5026500	10.2368500	6.6417500	12.6765000	11.0990000	9.6018000	11.9145000	8.4983000	10.6335000	9.8696500	10.5560000	8.4173000	9.7505500	10.4270000	11.3330000	8.7960500	10.9960000	10.8285000	10.5820000	10.5070000	9.1163500	7.7990500	8.2813000	8.4380000	11.5590000	10.2565000	12.1325000	9.0923500	8.8293500	8.1845000	8.1376000	8.6101500	10.6105000	10.4320000	11.4115000	9.8037500	8.9146000	11.3625000	7.7495000	12.4760000	7.8771500	11.3230000	7.9286500	11.4790000	8.4857500	10.6095000
9.2922667	8.8025333	10.5419333	10.6863333	12.0893333	10.6206667	9.8098333	9.8386000	10.0810000	11.8896667	10.9830000	8.9098667	9.6434000	8.6937333	12.4083333	10.7226667	11.1936667	10.7940000	9.4953667	7.8470667	9.4843000	10.9693333	13.6080000	8.8686333	12.8966667	9.1748333	13.5883333	7.8969333	9.4385333	9.9984000	11.9930000	10.9430000	11.0893333	8.4665000	11.8703333	11.3810000	7.5804000	10.7990000	8.5219000	10.6930000	10.5763333	10.1047333	10.2652000	10.6777333	9.9787667	10.1231000	10.3277667	10.1293333	9.9601667	11.8460000	9.5994333	10.7250000	9.5127333	8.5939000	10.7975333	11.3660000	9.8157000	11.0030000	9.0110000	9.3188333	8.0193667	10.1817000	8.2720333	10.2179333	10.0786000	11.1913333	10.4816667	9.0799333	11.3000000	7.6113667	9.7418667	7.8802333	11.1166667	9.6195000	12.2350000	8.4020000	7.0407667
