aer	ariR
7.2824	5.4907666666666675
9.2581	7.002999999999999
9.7651	6.02985
10.697	7.2386
9.3445	6.0357
9.3447	6.2178
10.99	9.295
8.693333333333333	6.187233333333333
9.1158	9.4753
8.8496	5.92535
8.5361	9.4222
