yhjH	betB	carB	fliC	flxA	actP
10.6185333	9.1566667	8.4017333	13.2540000	9.6138333	7.1234333
11.7140000	9.3356000	9.5533000	13.5710000	11.7010000	7.9323000
