yhjH	betB	carB	fliC	flxA	actP
7.9965667	9.0727000	8.6817000	8.1335000	7.5529667	7.2299667
8.3630000	8.8821000	8.3040000	8.4930000	7.7924000	6.8905000
