yhjH	betB	carB	fliC	flxA	actP
7.8862333	8.1137000	10.8546667	8.4165667	7.4309667	7.1291000
8.6714667	8.2941333	9.1701000	8.8207667	8.4948000	7.8125333
