yhjH	betB	carB	fliC	flxA	actP
11.7470000	10.7430000	7.2739000	12.7190000	13.4070000	6.6229000
8.2534400	10.5252000	9.2019600	8.2872200	8.3232400	7.0369000
