yhjH	betB	carB	fliC	flxA	actP
11.6310000	9.2573000	8.6427000	12.5750000	11.7490000	7.3628000
8.5458000	10.5840000	11.4500000	8.6015000	8.2705000	7.3073000
