yhjH	betB	carB	fliC	flxA	actP
7.8862333	8.1137000	10.8546667	8.4165667	7.4309667	7.1291000
8.6714667	8.2941333	9.1701000	8.8207667	8.4948000	7.8125333
10.6185333	9.1566667	8.4017333	13.2540000	9.6138333	7.1234333
11.7140000	9.3356000	9.5533000	13.5710000	11.7010000	7.9323000
7.9965667	9.0727000	8.6817000	8.1335000	7.5529667	7.2299667
8.3630000	8.8821000	8.3040000	8.4930000	7.7924000	6.8905000
11.7470000	10.7430000	7.2739000	12.7190000	13.4070000	6.6229000
8.2534400	10.5252000	9.2019600	8.2872200	8.3232400	7.0369000
