fliC	aceK	yjjI	trg	modC	mglB	fliD	fliZ	artI	cheA	artQ	ccmD	motB	pykF	yjdI	fecI	ksgA	astA	tyrA	fliT	aceB	nudB	cheB	dctA	tar	flgK	cheW	ycgZ	yeeD	cysP	yjdA	cycA	hcaR	fhuF	flgM	ompW	apaH	motA	fliS	feaR	tap	flxA	ves	ryhB	dmsA	cheR	astB	yrdB	tsr	rimN	ybiT	cadA	betI	cheZ	flgL	flgD	fadB	cheY	ymgA	argW	pncA	cstA	yhjH	dadX	bcsA	astD	fadA	ymgC	flgN	fliA	ycgR	aceF	yjcZ	astE
13.7475000	8.1845000	9.6018000	10.4310000	9.4270000	9.1489000	11.9145000	10.8285000	9.7505500	11.9725000	8.7023000	7.8019000	10.9090000	10.6335000	10.7895000	7.8063000	10.4270000	8.7960500	7.7819500	10.5560000	12.4760000	9.9065000	10.9960000	9.3377000	13.1680000	11.8680000	11.4790000	7.9533000	8.0318500	8.9146000	11.2495000	8.4173000	8.3129000	7.7990500	12.7350000	9.8256000	8.6189000	11.3230000	11.5200000	6.6417500	11.4115000	10.2368500	10.0680000	7.7392000	10.8835000	10.6105000	8.1376000	8.6101500	9.8696500	8.8595000	8.8590500	10.4515000	8.8293500	11.5590000	11.0990000	8.7997500	8.0849000	11.3625000	8.1742000	5.9507000	8.0326000	10.5820000	12.2925000	9.5026500	8.3132500	7.8919500	7.9286500	4.5290000	12.6765000	12.1325000	10.7570000	11.3330000	10.4320000	6.7689000
12.9330000	8.5126000	7.7562000	9.6623000	8.9253000	12.2850000	10.2830000	9.9440000	9.9031000	11.4330000	9.1786000	7.5687000	10.1880000	10.8560000	8.0664000	9.4292000	10.1710000	9.1963000	7.9633000	10.2130000	11.0450000	10.4820000	10.4160000	11.9010000	11.1210000	10.3650000	11.0990000	8.6791000	7.7784000	8.4726000	8.6630000	9.5468000	9.1657000	10.0250000	11.2400000	8.0117000	8.5249000	10.4440000	10.2360000	7.2190000	10.6050000	9.7093000	8.8078000	8.3597000	7.8920000	9.8164000	8.7200000	8.9343000	11.6350000	9.8693000	9.5206000	7.5119000	9.9519000	10.5460000	10.6870000	11.9330000	9.6602000	10.9260000	9.0485000	6.6162000	9.2590000	10.2320000	11.6030000	10.4650000	8.2812000	8.2253000	8.9820000	5.3933000	11.2320000	10.4710000	8.7202000	11.1590000	8.9000000	7.1898000
