cheA	ycgR	flxA	flgM	carB	yhjH	fliC	yjdA
5.4722333	7.0708667	7.3090667	7.7783333	10.0734667	8.8228000	8.0834333	8.2218333
7.7965000	6.7760000	7.9199000	8.2547000	10.6240000	8.5247000	8.4311000	7.3451000
