cheA	ycgR	flxA	flgM	carB	yhjH	fliC	yjdA
8.2447500	6.9368500	7.3960500	8.8034000	8.8834000	7.8624500	8.6280500	7.1187000
8.0028000	6.6137000	7.5560000	8.2813000	8.3709000	8.0345000	8.1464000	7.3729000
