cheA	ycgR	flxA	flgM	carB	yhjH	fliC	yjdA
7.8534667	6.5837333	7.6239333	8.4615000	10.8180000	7.7912000	8.2602333	7.1152667
5.2073333	7.4764667	7.7132333	8.1616333	9.0533667	8.7237333	8.5156000	8.3140333
