cheA	ycgR	flxA	flgM	carB	yhjH	fliC	yjdA
8.7664500	7.4701500	8.1314500	8.8547000	8.5486000	8.5227000	9.5312500	7.7981500
11.5220000	8.9852000	11.4890000	11.8800000	8.6036000	11.3570000	13.0040000	8.8250000
