cheA	ycgR	flxA	flgM	carB	yhjH	fliC	yjdA
11.2240000	9.2740000	12.4700000	11.2960000	8.0906000	11.7390000	12.6670000	9.5889000
8.0994000	7.2216333	8.3949667	8.0460000	8.8764667	8.3299333	8.9937333	7.3318000
