cheA	ycgR	flxA	flgM	carB	yhjH	fliC	yjdA
7.8534667	6.5837333	7.6239333	8.4615000	10.8180000	7.7912000	8.2602333	7.1152667
5.2073333	7.4764667	7.7132333	8.1616333	9.0533667	8.7237333	8.5156000	8.3140333
8.2447500	6.9368500	7.3960500	8.8034000	8.8834000	7.8624500	8.6280500	7.1187000
8.0028000	6.6137000	7.5560000	8.2813000	8.3709000	8.0345000	8.1464000	7.3729000
11.2240000	9.2740000	12.4700000	11.2960000	8.0906000	11.7390000	12.6670000	9.5889000
8.0994000	7.2216333	8.3949667	8.0460000	8.8764667	8.3299333	8.9937333	7.3318000
5.4722333	7.0708667	7.3090667	7.7783333	10.0734667	8.8228000	8.0834333	8.2218333
7.7965000	6.7760000	7.9199000	8.2547000	10.6240000	8.5247000	8.4311000	7.3451000
