yrdB	tar	tap	betA	hyaF	aceK	fliL	hyaE	astC	yjcZ	fliD	alsB	cheR	modB	ucpA	hcaR	fadA	aceB	tsr	flgD	astB	flgN	cheW	isrA	flgL	ycgR	astA	cstA	ycgZ	appB	fadB	fliA	feaR	flxA	modC	ksgA	betI	ymgA	dadA	rimN	nac	ymgC	cheY	udp	fecI	cheB	flgM	cadB	yjdA	nupG	fhuF	motA	appC	fliT	tnaA	yhjH	hyaD	pncA	cheA	yghZ	flgK	fliC	flgB	ryhB	tyrA	yccB	glnK	bcsE	pykF	trg	dadX	motB	deoC	fliZ	ves	cheZ	fliS
8.9375333	8.3905333	8.4526000	8.9193333	7.1223000	9.2732667	7.2120667	7.4783000	8.8552000	7.8263000	6.8759667	7.8745333	7.6989667	8.3976000	8.6619000	8.0949333	8.0900333	13.1150000	8.5632667	8.5003000	8.1846333	8.2417000	8.1513000	8.8180000	7.9668667	6.4918000	8.5762000	9.9636667	8.6484667	7.7537000	8.3912000	7.4519667	6.2633333	7.8326333	8.1249667	10.1253333	9.1379333	8.7795333	8.9301000	9.5977000	7.6738000	5.1138333	8.4940667	9.9734000	11.0276667	7.4751000	8.4468000	6.7227000	7.3150000	7.1401667	11.3196667	6.9278000	8.6039333	8.0835667	6.9323667	7.8334333	7.7000667	9.4558667	7.7571667	8.5375000	7.1323333	8.4390333	7.2782667	10.2875333	9.4008000	9.1378333	8.4477333	9.3120000	10.7396667	8.4766333	8.5953000	7.2610333	9.3641000	6.9386333	8.1863000	7.8832667	7.7667667
8.6727000	9.8575000	8.5175667	8.9421333	7.9079333	8.9416000	8.0741333	8.2910333	11.3423333	8.6944000	8.2058667	9.0331000	8.5971667	8.3473667	8.7203667	8.2635333	8.3566000	13.4660000	9.0719667	8.1923333	9.1767667	8.5489333	8.7718333	8.5770000	8.7357333	7.0634667	9.9284000	9.0897667	7.8923667	7.9358667	8.3680667	8.2899333	6.9526667	8.4948000	8.4929000	8.5754667	8.7114000	7.9874000	9.6722333	8.1729000	12.5190000	4.7711000	8.1503333	8.6664333	8.5917000	7.6373000	7.9105667	7.7226667	7.8547000	7.7612667	8.1577667	7.8064333	9.0953000	9.3053000	7.4801667	8.6714667	8.6814333	8.1978667	8.0117667	8.8670333	7.1902333	8.8207667	6.8166667	6.9271667	8.1223667	8.5445667	13.2336667	8.3809000	8.7688000	8.7197333	8.4639667	7.8916000	8.0146000	7.5351000	8.4341667	9.1670000	7.9333333
