yrdB	tar	tap	betA	hyaF	aceK	fliL	hyaE	astC	yjcZ	fliD	alsB	cheR	modB	ucpA	hcaR	fadA	aceB	tsr	flgD	astB	flgN	cheW	isrA	flgL	ycgR	astA	cstA	ycgZ	appB	fadB	fliA	feaR	flxA	modC	ksgA	betI	ymgA	dadA	rimN	nac	ymgC	cheY	udp	fecI	cheB	flgM	cadB	yjdA	nupG	fhuF	motA	appC	fliT	tnaA	yhjH	hyaD	pncA	cheA	yghZ	flgK	fliC	flgB	ryhB	tyrA	yccB	glnK	bcsE	pykF	trg	dadX	motB	deoC	fliZ	ves	cheZ	fliS
9.2602000	8.4436000	8.1787000	10.0300000	6.7216000	7.3449000	6.8700000	7.1047000	8.3945000	7.8312000	6.7398000	7.5173000	7.8010000	9.4724000	10.0960000	7.3441000	8.0754000	9.7899000	9.6289000	7.7722000	8.3359000	8.5884000	8.5513000	9.1903000	8.1647000	7.8921000	7.9575000	9.7638000	9.9264000	7.6350000	7.9476000	7.5239000	5.9924000	9.5103000	8.7602000	8.6995000	11.2620000	10.2860000	9.2941000	9.8913000	7.5451000	6.4892000	8.2289000	7.8956000	8.7932000	7.3486000	8.5225000	6.9923000	9.2761000	6.7737000	9.1301000	9.7326000	8.4613000	7.6344000	6.8583000	9.2270000	7.6272000	8.1592000	9.2736000	8.1453000	7.3776000	9.9244000	6.2485000	7.0097000	10.3310000	9.1193000	8.0590000	8.9531000	8.7368000	9.4706000	8.7354000	8.9559000	8.4455000	6.7674000	8.6169000	8.3210000	6.9394000
9.2332000	8.8351000	8.6435000	10.2413333	7.6525000	10.4086667	7.2238667	7.8997333	11.8686667	8.0805000	6.9887333	8.1204333	7.8689667	7.7562667	9.2203000	8.2108667	8.0555000	13.6870000	9.2045333	8.6453333	11.3840000	8.0183333	8.3501333	8.9088667	8.4038000	6.9185667	11.6936667	9.4246000	8.2766667	9.0287000	8.1549000	7.4493333	6.0632000	8.1133667	8.2177333	9.8986000	10.6243333	9.1953000	9.8457333	10.0915333	12.9510000	5.1071667	8.5024000	9.3953667	10.4013333	7.5938333	8.1886333	7.1442000	7.0541667	6.8888000	11.2353333	7.3882333	10.1054667	8.5696333	7.0020000	8.4148667	8.2912000	7.7936667	7.9684333	8.5949333	7.1658000	8.4483333	7.0754667	11.1106667	10.5370000	9.9111333	12.8610000	8.3046000	9.9619667	8.9373667	9.2039333	7.6728667	9.0568000	6.7171000	8.5360667	7.9916000	7.8348000
