yrdB	tar	tap	betA	hyaF	aceK	fliL	hyaE	astC	yjcZ	fliD	alsB	cheR	modB	ucpA	hcaR	fadA	aceB	tsr	flgD	astB	flgN	cheW	isrA	flgL	ycgR	astA	cstA	ycgZ	appB	fadB	fliA	feaR	flxA	modC	ksgA	betI	ymgA	dadA	rimN	nac	ymgC	cheY	udp	fecI	cheB	flgM	cadB	yjdA	nupG	fhuF	motA	appC	fliT	tnaA	yhjH	hyaD	pncA	cheA	yghZ	flgK	fliC	flgB	ryhB	tyrA	yccB	glnK	bcsE	pykF	trg	dadX	motB	deoC	fliZ	ves	cheZ	fliS
8.2091000	8.8458000	8.9178000	8.4894000	7.5114000	8.3407000	7.0415000	7.5893000	10.0190000	7.9206000	6.7400000	8.4272000	7.7690000	8.2351000	9.7306000	8.9467000	8.4493000	8.8533000	9.0506000	8.4087000	8.3081000	7.9131000	8.3757000	10.7790000	8.2688000	6.7667000	8.9681000	10.5600000	8.6792000	7.6001000	8.8227000	7.3278000	6.8712000	7.7924000	8.2017000	8.9560000	9.5682000	8.6996000	11.2930000	8.8519000	7.2610000	4.5195000	8.4261000	8.8907000	7.7043000	7.5718000	8.5456000	6.9736000	6.5903000	7.1405000	8.9844000	7.0399000	8.6201000	8.2327000	9.6296000	8.3630000	8.0490000	7.8949000	8.0477000	8.9040000	7.1236000	8.4930000	7.1708000	10.0230000	8.4825000	9.0250000	7.5043000	6.8126000	8.2731000	8.8589000	9.9139000	7.6172000	8.4059000	6.2865000	8.5256000	8.1538000	7.7429000
8.9473000	8.7592000	8.8066000	9.2466000	7.5284000	8.1922333	8.7142000	7.8171333	8.4311000	8.1864000	7.2006000	8.6761000	7.6973333	8.5781667	10.1801000	8.4364333	8.3492333	9.9643333	9.0483667	9.6607667	8.0696667	8.5878000	8.3789000	9.0998333	8.2325667	6.7026667	8.4412667	10.1324667	9.2457000	7.8379333	8.4600333	8.8729667	6.9857667	7.6062667	8.3856333	9.9625667	9.3838667	9.2231000	10.5944333	9.6228667	7.3308000	5.0150333	8.8001333	11.5496667	8.9253333	7.6746000	8.8297000	6.9673333	7.2489000	9.9298667	9.4274667	6.9768000	8.5144000	8.2997333	10.5739000	7.7759667	7.9842333	9.6809000	8.2367000	8.9708667	7.5532333	8.3800000	8.9582333	7.7070667	8.3431667	7.9085667	7.7240333	8.9659667	10.4420000	8.7667000	9.6889000	7.5837000	11.4650000	7.5413000	8.6127333	7.9967000	8.0053000
