yrdB	tar	tap	betA	hyaF	aceK	fliL	hyaE	astC	yjcZ	fliD	alsB	cheR	modB	ucpA	hcaR	fadA	aceB	tsr	flgD	astB	flgN	cheW	isrA	flgL	ycgR	astA	cstA	ycgZ	appB	fadB	fliA	feaR	flxA	modC	ksgA	betI	ymgA	dadA	rimN	nac	ymgC	cheY	udp	fecI	cheB	flgM	cadB	yjdA	nupG	fhuF	motA	appC	fliT	tnaA	yhjH	hyaD	pncA	cheA	yghZ	flgK	fliC	flgB	ryhB	tyrA	yccB	glnK	bcsE	pykF	trg	dadX	motB	deoC	fliZ	ves	cheZ	fliS
9.7987000	8.0652000	8.0718000	9.5993000	7.2241000	8.9030000	6.9564500	7.4452500	7.9829500	8.5717000	6.5604500	8.6554000	7.3276500	8.4308000	10.6410000	8.1758000	8.7034500	11.2305000	9.0323000	7.6704000	7.9014000	7.6765000	7.4940500	6.0347500	7.8567500	6.3385000	8.1475000	9.7278000	7.5799500	7.3292500	9.1294500	6.6193000	6.0225000	6.9538500	7.8166000	10.0905000	9.6847500	7.9655500	9.5710500	10.2470000	6.4769000	4.4469500	7.8289000	11.6935000	9.2110500	7.0873500	7.6806500	8.6493500	7.8555000	8.9616500	9.5944000	6.8975500	8.1851000	7.8592500	11.7375000	8.5761000	7.8483500	7.8828000	7.6063000	9.3294000	6.5160000	7.5885000	6.3176500	8.4534000	8.4375500	8.3491500	7.7603500	10.1360000	10.0248000	8.6573500	8.7094500	6.7249000	11.4895000	6.1680500	7.8524000	7.0804000	7.2383500
8.3117000	8.5459000	8.4681000	8.7856000	7.5449000	8.3389000	7.1438000	7.5586000	10.8190000	8.4117000	6.7832000	8.2878000	7.7827000	8.3319000	10.2270000	10.0020000	9.6280000	11.5540000	8.9082000	8.2537000	8.4716000	7.9619000	8.0282000	6.8495000	8.2844000	6.5909000	9.2460000	12.7260000	9.3427000	7.7558000	10.3400000	6.7685000	7.2861000	9.5231000	7.8384000	9.4039000	8.8415000	10.2150000	10.2950000	8.5467000	7.5737000	5.5985000	8.5507000	9.5546000	8.2665000	7.7310000	8.1476000	7.0543000	7.3421000	7.6547000	9.2699000	7.3549000	8.8120000	8.3731000	7.6798000	8.5946000	7.7529000	8.6077000	8.0737000	9.9803000	7.1636000	8.6081000	6.8079000	9.4491000	8.0260000	10.0930000	7.7016000	8.0035000	8.8274000	8.7652000	9.0350000	7.0661000	8.7138000	6.6981000	8.4510000	8.0807000	7.6845000
