yrdB	tar	tap	betA	hyaF	aceK	fliL	hyaE	astC	yjcZ	fliD	alsB	cheR	modB	ucpA	hcaR	fadA	aceB	tsr	flgD	astB	flgN	cheW	isrA	flgL	ycgR	astA	cstA	ycgZ	appB	fadB	fliA	feaR	flxA	modC	ksgA	betI	ymgA	dadA	rimN	nac	ymgC	cheY	udp	fecI	cheB	flgM	cadB	yjdA	nupG	fhuF	motA	appC	fliT	tnaA	yhjH	hyaD	pncA	cheA	yghZ	flgK	fliC	flgB	ryhB	tyrA	yccB	glnK	bcsE	pykF	trg	dadX	motB	deoC	fliZ	ves	cheZ	fliS
8.2473500	8.8547500	8.5768500	8.9316000	9.9351500	10.0902500	7.7535000	10.5045000	10.5370000	8.1130500	6.8120500	8.1008500	7.7136500	8.2510500	9.3365500	9.2859500	8.2432000	14.0125000	9.2387000	8.3532500	9.3243000	7.9961000	8.3629500	9.2109000	8.2774500	7.2683500	9.9106000	11.0770000	11.2620000	9.6340500	8.3705500	7.4338500	7.2502500	7.8267000	8.2358000	11.0270000	9.7114000	11.3150000	11.7150000	8.9282500	7.3258000	7.0808500	8.7340000	10.2965000	8.3215500	7.5968500	8.4637500	7.1875000	7.2229000	7.2469000	8.4170000	7.4249000	10.7690000	8.5256000	9.2689000	8.0860000	11.5205000	8.7325000	8.2160500	9.4682500	7.8655500	8.9329000	7.4558000	8.0802500	7.8477000	11.0755000	7.4477500	7.8823500	10.9675000	9.1360500	10.1961500	7.7840000	9.8567000	6.9872000	8.6393000	7.8264000	7.7746000
8.7551000	11.6410000	10.9550000	9.7176000	7.2687000	8.4456000	11.3360000	7.6009000	8.5596000	9.6232000	11.1450000	8.2228000	9.9173000	9.1329000	9.7836000	7.8901000	8.8137000	11.4810000	11.5100000	12.3790000	8.5038000	12.2830000	11.5140000	9.7738000	11.0570000	10.4930000	8.6366000	10.2800000	8.0275000	7.6066000	9.1158000	11.5820000	6.4396000	12.2020000	9.0110000	9.3756000	10.6150000	8.0351000	10.3230000	9.5907000	7.0954000	4.4773000	11.5370000	10.9180000	8.8201000	10.5310000	10.9720000	7.2583000	10.5000000	7.9838000	9.3076000	11.5870000	8.3696000	10.3990000	12.6530000	11.9230000	7.8617000	9.2301000	12.1470000	8.7527000	10.5030000	13.4320000	11.3660000	8.4627000	8.3283000	8.3494000	7.7486000	8.3251000	9.7376000	9.5771000	9.5364000	11.4270000	9.9183000	10.4220000	10.7120000	10.4530000	10.6720000
