arnC	fadJ	pyrB	cheR	astD	trg	astB	yjcZ	flgL	cadB	tar	cheY	flgM	hcaR	ycgR	cheB	yjcH	tap	pyrI	fliC	ymgA	tnaC	bcsE	tsr	ompW	aceB	flgN	fhuF	cstA	ryhB	yjdI	motB	fadA	bioC	modC	artQ	modA	fadB	pykF	tyrA	cheW	flxA	ves	carB	yjjI	dmsA	yjdA	nudB	flgK	rimN	fliD	artI	glnK	ksgA	ycgZ	yrdB	fliT	cheA	dadX	actP	ymgC	bioD	fliA	cheZ	deoC	feaR	astC	aceK	fecI	motA	modB	yhjH	fliS	fliZ	argW
7.0346500	9.9998500	9.5282500	7.7451500	7.7750500	8.9336500	8.3636500	8.3322000	8.1608500	7.5600000	8.7191000	8.6915000	8.4255500	7.8478000	6.9926000	7.8870500	6.7526000	8.6585000	8.9577500	8.0881000	8.1420000	13.2670000	8.5909500	9.2558000	7.7185500	11.0080000	7.9889000	7.8936500	10.7710000	8.3334000	9.3726000	7.5441000	8.9308000	7.7231500	8.1628500	8.7423000	8.4869500	9.2276000	9.8697500	8.1867500	8.2261500	7.6188000	8.3785000	9.1768000	7.7863000	8.1998500	7.5759000	10.4775000	7.1316500	9.3297500	7.1465500	10.1742000	7.9119500	9.3228500	7.3762500	8.6060500	8.3376500	8.3177000	9.4677500	7.4731500	4.3261500	7.6946500	7.2546000	7.6029500	10.0684000	6.5870500	8.5262000	8.6574500	7.8941500	7.1778500	8.1705000	8.5049000	8.1037000	6.6545500	7.3980000
7.0999000	8.8534333	8.5133000	7.8689667	10.8506667	8.9373667	11.3840000	8.0805000	8.4038000	7.1442000	8.8351000	8.5024000	8.1886333	8.2108667	6.9185667	7.5938333	6.7283333	8.6435000	7.4509667	8.4483333	9.1953000	5.2129000	8.3046000	9.2045333	7.4705667	13.6870000	8.0183333	11.2353333	9.4246000	11.1106667	8.6019667	7.6728667	8.0555000	9.2174333	8.2177333	9.8784000	8.1607000	8.1549000	9.9619667	10.5370000	8.3501333	8.1133667	8.5360667	9.3707667	7.7018333	8.4386333	7.0541667	10.1283667	7.1658000	10.0915333	6.9887333	10.6020000	12.8610000	9.8986000	8.2766667	9.2332000	8.5696333	7.9684333	9.2039333	7.1459667	5.1071667	9.1960667	7.4493333	7.9916000	9.0568000	6.0632000	11.8686667	10.4086667	10.4013333	7.3882333	7.7562667	8.4148667	7.8348000	6.7171000	7.5208667
