arnC	fadJ	pyrB	cheR	astD	trg	astB	yjcZ	flgL	cadB	tar	cheY	flgM	hcaR	ycgR	cheB	yjcH	tap	pyrI	fliC	ymgA	tnaC	bcsE	tsr	ompW	aceB	flgN	fhuF	cstA	ryhB	yjdI	motB	fadA	bioC	modC	artQ	modA	fadB	pykF	tyrA	cheW	flxA	ves	carB	yjjI	dmsA	yjdA	nudB	flgK	rimN	fliD	artI	glnK	ksgA	ycgZ	yrdB	fliT	cheA	dadX	actP	ymgC	bioD	fliA	cheZ	deoC	feaR	astC	aceK	fecI	motA	modB	yhjH	fliS	fliZ	argW
7.0959000	10.7503333	8.4092333	8.0637000	10.1853333	9.0174000	11.4660000	8.1633667	8.7100000	7.0062000	9.6013333	8.9124667	9.1069667	10.0158333	7.3376333	8.0207000	6.1164333	9.1143000	7.6741000	10.0792000	9.8478333	11.4258667	8.7857667	9.3281000	8.0958667	10.3254333	8.8847333	11.0676667	11.3983333	10.7109667	9.4517667	7.9523000	10.0316333	9.8418333	8.0317000	10.1312333	8.1415667	10.0309333	11.0510000	8.2055333	8.9215667	8.3170000	8.8572667	8.4011667	7.4615667	7.9461000	7.4822667	9.4399667	7.6804667	8.9597000	7.2248000	11.0530000	7.6129667	10.3393333	9.5904667	8.4885667	8.4643667	8.6483333	10.5336667	6.7717333	5.2595000	10.9090667	8.1110333	8.4557667	9.9650333	8.7060000	12.1636667	8.1925667	9.9553667	8.0892667	8.2239000	8.3469000	7.9659667	7.2976000	7.4197000
6.7142500	8.4941000	8.8370500	7.3745000	7.5257500	8.3121500	7.8080500	7.7695500	8.6905000	6.7298500	8.3909000	8.5032500	9.8669500	7.3156000	6.7569500	7.4705000	6.6460000	8.3242500	8.4551500	8.5851000	9.0146500	6.3659500	8.4566500	8.5668000	7.2646500	10.3515000	9.7392000	9.7697500	9.1486000	8.0623500	8.3240000	7.2349000	7.8992000	7.9823000	8.2360500	9.6389000	8.8559000	7.8425500	10.9495000	8.3448500	8.3075000	7.2893500	8.0222000	8.7583000	7.5077500	7.8602500	7.1137000	11.1800000	7.9166000	9.9500000	7.3375000	10.5430000	7.6956500	9.7763000	8.9731000	9.2728500	8.0415000	8.2665500	8.6095000	7.3551000	4.7202000	7.9215500	9.9064000	7.8142500	10.0060500	6.3021500	7.7173000	8.0012000	9.5388500	7.1035000	8.6672000	7.7299000	8.0597500	8.5810500	7.9885500
