arnC	fadJ	pyrB	cheR	astD	trg	astB	yjcZ	flgL	cadB	tar	cheY	flgM	hcaR	ycgR	cheB	yjcH	tap	pyrI	fliC	ymgA	tnaC	bcsE	tsr	ompW	aceB	flgN	fhuF	cstA	ryhB	yjdI	motB	fadA	bioC	modC	artQ	modA	fadB	pykF	tyrA	cheW	flxA	ves	carB	yjjI	dmsA	yjdA	nudB	flgK	rimN	fliD	artI	glnK	ksgA	ycgZ	yrdB	fliT	cheA	dadX	actP	ymgC	bioD	fliA	cheZ	deoC	feaR	astC	aceK	fecI	motA	modB	yhjH	fliS	fliZ	argW
6.5027000	9.3280000	8.2108000	7.8934000	7.9031000	9.4964000	8.2325000	8.4588000	9.4650000	7.1395000	9.6003000	8.9969000	11.4590000	8.5953000	9.0343000	8.2438000	7.3686000	9.0780000	7.7233000	11.7710000	8.3931000	11.4000000	7.7519000	10.5190000	8.3412000	9.2937000	11.3190000	8.3317000	10.4180000	8.5134000	8.1158000	10.0750000	8.1918000	7.8297000	8.5754000	7.6104000	9.3042000	8.4244000	8.7741000	8.2947000	8.9920000	11.8260000	10.1110000	8.5958000	7.3872000	8.1138000	8.5896000	10.2960000	9.1724000	8.8912000	8.0904000	8.3433000	7.2420000	9.1470000	8.2517000	8.1553000	8.4679000	9.5820000	9.4538000	7.4959000	4.2752000	7.8700000	10.5760000	8.2204000	10.3080000	6.5073000	8.8843000	8.2106000	8.1253000	10.8930000	8.9868000	11.0570000	8.5060000	8.8991000	8.8879000
6.9936000	8.6093000	9.7623000	9.6317000	7.5054000	9.3219000	7.8561000	9.7340000	11.3020000	7.0112000	11.2740000	10.9020000	12.4480000	7.6754000	10.0230000	10.5540000	6.4309000	10.5010000	8.8765000	13.1830000	9.2465000	12.1130000	8.1589000	11.5550000	8.7263000	9.4599000	12.3910000	7.5791000	9.5407000	7.1475000	8.2499000	12.3290000	7.9855000	7.5945000	9.8608000	8.1218000	10.7690000	7.8187000	8.9283000	8.4436000	11.4500000	13.2400000	11.4030000	8.5082000	7.4927000	9.0013000	10.4870000	10.8510000	11.3350000	9.7574000	10.7210000	8.4480000	7.5493000	9.4540000	9.3441000	8.9834000	10.5480000	12.1720000	8.6528000	7.1637000	4.8845000	7.6286000	11.9850000	10.0530000	9.6238000	6.1520000	8.4258000	7.5879000	7.8142000	12.6410000	11.0480000	12.5280000	10.3160000	10.9320000	8.4328000
