arnC	fadJ	pyrB	cheR	astD	trg	astB	yjcZ	flgL	cadB	tar	cheY	flgM	hcaR	ycgR	cheB	yjcH	tap	pyrI	fliC	ymgA	tnaC	bcsE	tsr	ompW	aceB	flgN	fhuF	cstA	ryhB	yjdI	motB	fadA	bioC	modC	artQ	modA	fadB	pykF	tyrA	cheW	flxA	ves	carB	yjjI	dmsA	yjdA	nudB	flgK	rimN	fliD	artI	glnK	ksgA	ycgZ	yrdB	fliT	cheA	dadX	actP	ymgC	bioD	fliA	cheZ	deoC	feaR	astC	aceK	fecI	motA	modB	yhjH	fliS	fliZ	argW
7.7129000	8.7589000	9.0889000	7.9377000	7.8619000	9.1822000	7.9929000	8.9030000	9.8502000	8.0867000	9.6623000	9.3126000	11.4800000	7.6076000	8.1079000	8.5898000	7.1985000	9.1492000	8.1900000	12.5750000	9.4769000	10.1200000	9.2883000	10.4770000	7.2995000	9.5886000	11.3700000	8.1582000	9.1924000	8.4683000	8.7901000	10.6950000	8.4294000	7.9272000	8.2179000	7.2069000	8.4871000	8.4684000	8.4944000	7.9666000	10.1050000	11.7490000	9.2617000	8.6427000	7.8144000	7.9051000	8.9443000	11.5380000	9.7814000	8.3274000	9.7158000	8.6726000	7.9541000	8.8150000	8.7521000	7.6129000	9.6647000	11.0780000	8.7558000	7.3628000	4.9673000	8.1619000	11.7090000	7.9724000	12.3280000	6.3416000	8.5273000	8.5175000	8.1334000	10.2610000	7.9278000	11.6310000	9.5724000	11.0700000	7.9760000
7.6117000	10.0450000	11.8850000	7.9397000	7.5432000	8.5813000	8.7505000	8.1955000	8.1402000	7.4412000	8.3739000	8.3011000	8.0224000	9.2280000	6.4301000	7.4863000	9.5566000	8.2869000	10.5950000	8.4177000	10.5770000	9.8957000	8.3172000	8.6464000	8.3230000	12.6900000	8.2178000	10.3260000	12.3800000	9.4045000	10.4190000	6.8302000	8.5371000	7.4231000	7.9411000	8.9573000	8.1982000	8.3767000	9.2451000	8.0355000	8.1950000	8.9177000	7.9527000	9.1708000	7.4089000	7.8051000	7.7844000	9.3477000	6.7678000	9.6072000	7.3082000	9.8998000	8.2047000	9.0265000	9.7687000	9.0666000	8.8987000	7.6922000	8.5057000	9.6270000	6.0624000	8.1798000	7.1466000	8.3370000	8.2243000	7.3413000	9.8477000	9.3041000	9.2684000	7.4490000	8.8221000	8.7593000	7.7310000	6.9571000	5.6047000
