arnC	fadJ	pyrB	cheR	astD	trg	astB	yjcZ	flgL	cadB	tar	cheY	flgM	hcaR	ycgR	cheB	yjcH	tap	pyrI	fliC	ymgA	tnaC	bcsE	tsr	ompW	aceB	flgN	fhuF	cstA	ryhB	yjdI	motB	fadA	bioC	modC	artQ	modA	fadB	pykF	tyrA	cheW	flxA	ves	carB	yjjI	dmsA	yjdA	nudB	flgK	rimN	fliD	artI	glnK	ksgA	ycgZ	yrdB	fliT	cheA	dadX	actP	ymgC	bioD	fliA	cheZ	deoC	feaR	astC	aceK	fecI	motA	modB	yhjH	fliS	fliZ	argW
10.1681333	11.0459333	9.6717667	7.8547333	8.3590000	8.8938000	8.5323333	8.3031667	8.4815000	7.1929000	9.0396333	8.8209667	8.7664000	9.5260333	7.4733000	8.0273000	10.5474000	8.7646333	8.8851667	9.5986333	8.5440667	10.5331667	8.4483667	9.4759667	12.5933333	13.6450000	8.4566000	7.7532000	12.8690000	7.5883333	8.2880333	7.7590333	10.3808667	8.0210333	8.4090667	9.4653333	9.1103000	11.0953667	9.4591000	8.6133000	8.3880667	8.0718333	8.3591667	9.7352000	7.8912000	8.6379667	8.3002000	10.8816667	7.5810667	9.2662667	7.2497667	10.9520667	8.0838667	9.2673667	8.1802667	8.4754000	8.3266667	8.5091333	9.7591000	10.6887333	4.8925333	7.9358000	7.7966667	8.0652667	9.5393333	7.9587667	9.0338333	9.8000667	8.0532000	7.3076667	8.6915333	8.3326333	7.9572333	6.9313667	6.4864667
8.1499000	10.2480000	8.7379000	7.7265000	9.8427000	9.4558000	10.3850000	8.6454000	8.3872000	7.5858000	9.4178000	8.3403000	8.2568000	7.7508000	7.2874000	8.0903000	8.4106000	8.4777000	8.3143000	9.0372000	9.1716000	8.0452000	8.0876000	9.3590000	8.4848000	8.9297000	8.8014000	9.4896000	10.3140000	10.6120000	8.6516000	7.4682000	8.5555000	7.4114000	7.8605000	8.0825000	7.6278000	9.2651000	10.9660000	7.5706000	8.6937000	8.2552000	9.0978000	8.4055000	7.2707000	8.1618000	8.0115000	8.5733000	7.1052000	8.8235000	7.3308000	9.4834000	6.5902000	9.8274000	9.1080000	9.1941000	9.2824000	8.5636000	9.1496000	8.5812000	5.4306000	8.3076000	7.8521000	8.4769000	9.8382000	7.1358000	12.0670000	8.2988000	9.0945000	7.7086000	8.4501000	8.7341000	8.5769000	7.4558000	6.0843000
