fhuF	ymgC	ymgA	araB	yjcH
7.7355000	6.3985500	10.2660000	8.6699000	9.7496000
7.5791000	4.8845000	9.2465000	7.8929000	6.4309000
