fhuF	ymgC	ymgA	araB	yjcH
9.2414000	4.3556000	8.3117000	8.0172000	8.9353000
8.1984500	4.5536000	7.8275000	13.7405000	7.4726000
