fhuF	ymgC	ymgA	araB	yjcH
11.2353333	5.1071667	9.1953000	8.6893000	6.7283333
9.1037000	4.6721000	8.1903000	8.9259000	9.7748000
