fhuF	ymgC	ymgA	araB	yjcH
8.7803333	7.2198667	11.8160000	8.3322000	6.7512000
12.4280000	7.7838000	10.8760000	7.4303000	5.5497000
