fhuF	ymgC	ymgA	araB	yjcH
10.6050000	4.3465000	7.7578000	9.5789000	9.6742000
10.7805000	4.3898500	7.6647000	7.9613500	6.5571000
