fhuF	ymgC	ymgA	araB	yjcH
10.6050000	4.3465000	7.7578000	9.5789000	9.6742000
7.7355000	6.3985500	10.2660000	8.6699000	9.7496000
10.7805000	4.3898500	7.6647000	7.9613500	6.5571000
8.7803333	7.2198667	11.8160000	8.3322000	6.7512000
12.4280000	7.7838000	10.8760000	7.4303000	5.5497000
9.2414000	4.3556000	8.3117000	8.0172000	8.9353000
8.1984500	4.5536000	7.8275000	13.7405000	7.4726000
7.5791000	4.8845000	9.2465000	7.8929000	6.4309000
