betA	carB	fadJ	flgK	dadA	tyrA	dctA	deoC	ymgA	ycgR	cheA	trg	ryhB	ycgZ	ves	fecI	tar	hyaD	yjdA	yhjH	nupG	ompW	ansB	hyaE	yqeF	hyaF	motB	mglB	ymgC	udp	modC	fliC	ybhJ	fadB	flgM	appC	dadX	flxA	feaR	appB	flgN	flgL	yjjI	fliD	pyrB	pykF	tsr	fliT	cycA	ksgA	aceF	astA	cheB	fliZ	cstA	modA	atpC	hyaC	fhuF	entB	astC	cheZ	modB	fliA	betT	betI	astB	cheR	yjcZ	tap	cysP	hyaB	cheY	glnK	pyrI	motA	fadA	cheW	livG	cadB
8.4551500	8.6335500	9.4250500	12.2095000	10.0306000	7.7930000	10.4030000	9.4337000	7.5966500	11.0550000	12.8700000	10.9275000	7.5162000	7.5217000	10.0775000	8.2173500	13.4835000	10.3385000	11.1185000	12.4010000	7.3934000	10.7050000	12.8030000	9.2968500	8.2359500	9.2363000	11.0060000	11.1760000	4.4695500	11.0330000	9.5318500	14.2830000	7.6153000	7.7594500	12.6260000	9.8256000	9.2942000	10.4355000	6.9776500	8.6098000	12.5735000	11.4710000	9.6379000	12.7025000	8.8218000	10.6865000	10.2895000	11.4390000	8.2534500	9.9212500	11.1375000	8.5701000	11.0950000	11.9605000	10.8830000	10.5990000	9.7007500	10.6125000	7.6359500	8.2356500	8.3912500	11.5160000	10.4070000	12.8250000	8.7196000	8.5592000	8.2645000	10.3885000	10.7645000	11.6250000	8.8479500	10.3445000	11.7115000	7.4301000	8.1264500	11.2815000	7.7396500	12.6380000	8.3910000	9.3842000
9.3305500	8.9360500	9.6737500	10.2955000	11.5985000	8.0030500	12.0675000	9.4463500	10.0638000	9.6582000	10.9510000	9.3461500	7.3332500	9.9800000	8.8254000	8.2461000	10.7245000	7.7121000	8.7988500	10.8115000	8.1035500	8.2010000	7.6552000	7.4683500	9.5774500	7.0733000	9.1118000	12.9295000	5.6542000	10.2590000	8.5438500	12.1500000	7.4181500	9.3868000	11.6325000	8.4142500	10.1509000	9.5102500	7.7614000	7.6876000	11.2725000	10.4885000	7.4376000	10.3745000	10.0843000	10.6145000	10.0525500	9.6972000	8.8577500	10.2510000	12.1360000	8.2279000	9.4038000	11.0525000	10.9740000	9.4909500	11.1595000	7.4478500	7.7661500	8.1311000	8.7182000	9.7818500	9.4927000	11.9565000	9.2686500	10.0153500	7.9282500	8.8274000	8.6571500	9.6427500	8.0558500	8.0444000	10.2610000	7.3605500	9.2170000	9.4552500	8.5594500	11.0725000	8.0530500	7.7629000
