betA	carB	fadJ	flgK	dadA	tyrA	dctA	deoC	ymgA	ycgR	cheA	trg	ryhB	ycgZ	ves	fecI	tar	hyaD	yjdA	yhjH	nupG	ompW	ansB	hyaE	yqeF	hyaF	motB	mglB	ymgC	udp	modC	fliC	ybhJ	fadB	flgM	appC	dadX	flxA	feaR	appB	flgN	flgL	yjjI	fliD	pyrB	pykF	tsr	fliT	cycA	ksgA	aceF	astA	cheB	fliZ	cstA	modA	atpC	hyaC	fhuF	entB	astC	cheZ	modB	fliA	betT	betI	astB	cheR	yjcZ	tap	cysP	hyaB	cheY	glnK	pyrI	motA	fadA	cheW	livG	cadB
9.7192000	9.6157500	8.5501000	10.4340000	9.3705000	8.0480000	9.0875000	9.5175000	8.7210500	9.6526500	12.2340000	9.1390000	8.8067500	8.2167000	9.4913500	9.0071000	11.4165000	8.0952500	8.7396000	11.4860000	7.3326500	7.4446500	7.5930500	7.8967000	7.8178000	7.6365500	10.8945000	9.6768500	4.8546000	9.3662500	8.9167500	13.2165000	7.6668500	8.6188500	11.3360000	8.6098000	9.1193000	10.6960000	6.6455500	7.8372000	11.2765000	10.6915000	7.9055000	10.8545000	9.4849500	10.1235000	11.2870000	10.3705000	8.2900000	9.8272500	12.1070000	8.4522500	10.9385000	9.2309000	9.2636500	9.3533000	12.3045000	7.5714500	9.4593000	8.7095000	8.2979000	10.6200000	9.1842000	10.4235000	9.0586500	9.8592000	8.2438500	9.9879500	8.8999500	10.9530000	9.6791500	8.5363000	11.6985000	7.7122500	9.2883000	10.5895000	8.3452500	11.8060000	8.5968000	7.6105000
8.5640000	10.6240000	10.1980000	6.6133000	9.5107000	8.3403000	9.4389000	8.6708000	7.7578000	6.7760000	7.7965000	8.3261000	9.5060000	7.3923000	8.1158000	9.6888000	8.2242000	7.5414000	7.3451000	8.5247000	7.6775000	7.5315000	7.4162000	7.3322000	8.4419000	7.2935000	6.6705000	10.6590000	4.3465000	9.3807000	8.0430000	8.4311000	7.2035000	8.4687000	8.2547000	9.0340000	8.6862000	7.9199000	6.7727000	7.6196000	8.3722000	7.8933000	7.2990000	7.3164000	12.4790000	10.1850000	8.7984000	8.6919000	9.8758000	9.7445000	10.7890000	8.3554000	7.3873000	6.9362000	12.0810000	8.3613000	12.0020000	7.2958000	10.6050000	9.7990000	8.1484000	8.1079000	8.9673000	6.9296000	8.6210000	8.1144000	8.5939000	7.8142000	8.2970000	8.3498000	9.4883000	8.0414000	8.4029000	7.6400000	11.4430000	7.4871000	8.7766000	8.1825000	10.4330000	7.3419000
