betA	carB	fadJ	flgK	dadA	tyrA	dctA	deoC	ymgA	ycgR	cheA	trg	ryhB	ycgZ	ves	fecI	tar	hyaD	yjdA	yhjH	nupG	ompW	ansB	hyaE	yqeF	hyaF	motB	mglB	ymgC	udp	modC	fliC	ybhJ	fadB	flgM	appC	dadX	flxA	feaR	appB	flgN	flgL	yjjI	fliD	pyrB	pykF	tsr	fliT	cycA	ksgA	aceF	astA	cheB	fliZ	cstA	modA	atpC	hyaC	fhuF	entB	astC	cheZ	modB	fliA	betT	betI	astB	cheR	yjcZ	tap	cysP	hyaB	cheY	glnK	pyrI	motA	fadA	cheW	livG	cadB
9.6938333	9.1565667	8.8411333	7.3706000	9.6028000	9.0860000	8.2014333	8.3671000	8.7000333	7.1889667	8.0629000	9.0161667	10.0915333	8.5000667	8.5211667	9.1225667	9.3096000	8.6095667	7.7631667	8.5933333	7.6544333	7.9617000	8.1636667	8.5976000	8.0222667	7.9679000	7.6868667	8.7667667	5.1065667	9.1395000	8.5571000	8.9038667	8.1995667	8.3624667	8.3337000	9.6963000	8.7733333	7.9692333	6.8931000	8.0803667	8.7449000	8.6822333	8.0455000	7.8887000	9.1857667	8.4449333	8.8532333	9.0557333	8.5550333	9.1843667	10.4311667	9.8469333	7.5290000	7.2597333	9.4696333	8.0782667	9.4730000	8.5375333	9.5038667	9.7067000	10.6340000	9.0121667	8.4903333	8.3489333	9.2253000	10.6020000	8.9418667	8.2801333	8.5602333	8.4385667	11.4993333	9.2952333	8.0989333	12.5050000	7.9812333	7.4436667	8.3093333	8.5495333	8.8601667	7.4164667
8.3938000	8.3988000	8.9560000	11.2980000	9.0961000	8.1722000	9.2702000	10.0900000	9.2433000	9.4744000	11.1920000	9.4299000	7.8127000	9.1984000	11.5990000	8.1991000	10.9490000	7.8033000	10.8860000	12.4800000	8.1639000	9.7983000	9.9570000	7.5215000	8.1623000	7.0089000	11.8750000	10.4630000	4.8292000	10.1990000	9.5065000	13.0490000	7.4198000	7.8839000	12.7340000	8.3589000	8.6997000	13.2520000	6.1831000	7.5012000	12.3210000	11.3860000	8.9176000	9.6786000	9.6467000	9.1608000	11.0650000	8.9343000	8.8851000	8.9086000	9.7893000	8.0351000	9.9953000	10.5760000	10.0880000	11.4050000	10.1770000	7.3216000	8.5587000	8.2070000	8.2214000	9.3588000	10.7640000	11.8250000	9.1946000	10.5160000	7.9760000	9.1759000	9.8206000	10.0450000	8.3543000	7.9646000	10.3310000	7.6165000	8.6907000	12.4950000	8.0756000	10.2930000	8.0294000	7.0701000
