betA	carB	fadJ	flgK	dadA	tyrA	dctA	deoC	ymgA	ycgR	cheA	trg	ryhB	ycgZ	ves	fecI	tar	hyaD	yjdA	yhjH	nupG	ompW	ansB	hyaE	yqeF	hyaF	motB	mglB	ymgC	udp	modC	fliC	ybhJ	fadB	flgM	appC	dadX	flxA	feaR	appB	flgN	flgL	yjjI	fliD	pyrB	pykF	tsr	fliT	cycA	ksgA	aceF	astA	cheB	fliZ	cstA	modA	atpC	hyaC	fhuF	entB	astC	cheZ	modB	fliA	betT	betI	astB	cheR	yjcZ	tap	cysP	hyaB	cheY	glnK	pyrI	motA	fadA	cheW	livG	cadB
9.1840667	9.3485000	9.8041000	7.2473667	11.8760000	8.8016333	9.6559333	9.6930333	10.3396667	6.6686000	7.8326000	8.5292333	7.6370000	10.3283333	8.3418000	8.0709667	8.5292333	9.9198667	7.3971667	7.7746000	7.3488000	8.0957667	7.7916000	9.1418333	7.7634000	8.6377667	7.4858000	9.7094667	6.3763667	10.5193333	8.3116000	8.6040333	7.6358000	9.7361333	8.5472333	9.9505000	10.4323333	7.9057333	6.7689333	8.8775667	8.2284667	8.1045333	7.3322667	7.0056000	12.2560000	11.1943333	8.8230667	8.2026667	9.7952333	10.4070000	12.1803333	9.3817667	7.6890667	7.1073000	10.6436667	8.4233000	10.4623333	9.8977667	8.0977333	8.2965333	10.0586667	7.9946000	8.5209000	7.3430667	9.2413333	9.2822000	9.1019667	7.7449000	7.9430667	8.4618000	9.9033000	9.9380333	8.8209667	10.6131667	11.1686667	7.1082667	8.9706333	8.1659000	10.0894000	6.8175000
8.3362667	9.0129667	10.1857000	7.6528333	9.1355667	8.0558667	10.5336667	8.2387000	6.9280000	7.4916333	8.1752333	9.0439333	7.3761667	6.9491333	8.6536667	8.4726000	9.6130333	8.2836333	8.7100667	8.9639333	8.5006000	10.1184333	7.8658667	7.9612333	7.5397333	7.8640000	7.6237000	9.2404333	4.4178667	8.8367667	7.9594000	10.0793000	8.1316000	8.6179667	8.3260667	8.8211000	8.3793000	8.1634000	7.3514667	7.7541000	8.6782333	9.0358000	8.1275000	7.8573333	9.6736000	7.6460000	8.7533333	9.3321000	9.5573000	8.5375000	9.2487667	8.4236333	7.6986333	7.0423667	12.7830000	8.2758667	9.0401333	8.0688000	7.7933667	8.3619333	8.6589667	9.8773000	8.9662000	8.5098667	8.3028667	8.5144333	8.4966000	8.3803333	8.5596333	8.3492667	9.0661000	8.4286333	8.0616333	7.9790333	8.1568333	7.6780333	8.8727333	8.5647333	8.6172333	7.9167000
