betA	carB	fadJ	flgK	dadA	tyrA	dctA	deoC	ymgA	ycgR	cheA	trg	ryhB	ycgZ	ves	fecI	tar	hyaD	yjdA	yhjH	nupG	ompW	ansB	hyaE	yqeF	hyaF	motB	mglB	ymgC	udp	modC	fliC	ybhJ	fadB	flgM	appC	dadX	flxA	feaR	appB	flgN	flgL	yjjI	fliD	pyrB	pykF	tsr	fliT	cycA	ksgA	aceF	astA	cheB	fliZ	cstA	modA	atpC	hyaC	fhuF	entB	astC	cheZ	modB	fliA	betT	betI	astB	cheR	yjcZ	tap	cysP	hyaB	cheY	glnK	pyrI	motA	fadA	cheW	livG	cadB
9.2166000	8.7842000	9.2464000	8.7784000	8.6214000	8.3232000	9.0726000	12.8140000	9.5752000	7.7652000	10.5680000	9.5079000	8.5330000	8.2115000	8.9790000	7.9815000	9.5219000	8.4845000	8.5432000	10.2610000	8.2642000	7.4455000	8.0099000	8.0459000	7.9531000	7.8351000	9.9807000	12.9380000	4.8832000	11.6770000	8.4733000	12.1620000	8.0351000	8.9042000	10.3800000	9.6798000	8.9889000	10.9990000	6.6499000	8.6739000	10.1800000	9.6701000	8.2300000	8.4605000	8.4478000	8.9306000	10.3240000	9.3256000	8.0387000	9.2793000	8.6906000	8.7563000	8.1887000	9.7898000	9.3904000	8.8763000	10.1370000	7.6689000	8.3666000	7.9735000	8.6032000	8.1481000	7.9504000	10.5310000	8.9846000	9.6726000	8.1830000	8.1256000	8.6703000	9.4684000	9.2099000	8.9125000	9.3942000	8.0676000	7.6903000	9.6515000	8.7649000	9.8443000	8.6934000	7.9435000
9.2489000	8.6817000	8.7249667	7.1947667	9.5982333	8.3582667	9.8149000	10.6170667	8.6200000	6.6962000	8.0714333	8.6918667	7.7000667	8.4191333	8.5888333	8.8447667	8.7367667	7.9341333	7.1898000	7.9965667	9.4554333	7.6855333	7.8163667	7.7864667	8.6542333	7.5874667	7.6519000	10.0480333	4.6732000	10.8246667	8.3245333	8.1335000	7.8441000	8.1732667	8.3263667	8.4787667	9.0803000	7.5529667	6.5133000	7.8372667	8.2076000	8.1973333	7.7387333	7.0350333	9.0574667	11.0266667	9.0233333	8.3696667	8.8092333	10.2633333	12.8533333	8.3714333	7.7547667	6.6509667	9.5492333	8.9489667	11.1216667	7.6613667	8.9048333	8.4469000	8.3346333	7.7529333	8.5436333	7.8481000	8.8417000	9.2169000	8.1235000	7.7330667	8.0267667	8.8669333	8.6859000	8.4209333	8.6376333	7.7805667	8.2096000	7.0572000	8.2213333	8.3741667	8.7477333	7.0590333
