aer	acs	aceE
8.429733333333333	9.1041	11.793333333333335
9.1403	11.349	9.1445
8.821850000000003	10.6245	10.8165
10.183	9.6836	11.208
8.65	7.8317	13.065999999999999
9.4381	8.9631	8.8428
10.077	6.9943	9.5309
8.7652	9.0528	11.414
9.1158	7.683233333333334	10.883
9.106	8.5006	8.8765
8.5752	10.587	11.043
