ariR	aer	carA
7.553066666666666	8.424100000000001	11.561666666666667
7.3503	9.1403	8.5561
8.0239	9.343266666666667	8.459066666666667
6.4855	10.281	11.055
7.105549999999999	8.33385	8.87315
6.4759	8.905	8.7889
7.4903	10.416	7.511
7.2220499999999985	8.553899999999999	8.9839
9.3125	9.01664	9.28084
7.256	9.4943	8.3974
7.2388	8.8898	9.5557
