fliC	motB	yhjH	araB	yjcH
13.9420000	11.5936667	11.1740000	8.0342000	8.0378667
12.1620000	9.9807000	10.2610000	8.3797000	7.3458000
