fliC	motB	yhjH	araB	yjcH
8.4311000	6.6705000	8.5247000	9.5789000	9.6742000
11.8935000	8.8307000	10.4920000	8.6699000	9.7496000
