fliC	motB	yhjH	araB	yjcH
9.9322667	7.4523000	8.1554000	9.2355000	8.0108000
8.5325667	7.0907000	8.6019333	8.3322000	6.7512000
