fliC	motB	yhjH	araB	yjcH
13.1226667	10.8990000	12.0260000	8.4142667	6.7687333
8.3800000	7.5837000	7.7759667	7.9902333	7.5922667
