fliC	motB	yhjH	araB	yjcH
9.9322667	7.4523000	8.1554000	9.2355000	8.0108000
8.4311000	6.6705000	8.5247000	9.5789000	9.6742000
11.8935000	8.8307000	10.4920000	8.6699000	9.7496000
13.9420000	11.5936667	11.1740000	8.0342000	8.0378667
12.1620000	9.9807000	10.2610000	8.3797000	7.3458000
8.5325667	7.0907000	8.6019333	8.3322000	6.7512000
7.7777500	6.8184500	8.7132500	13.7405000	7.4726000
13.8090000	10.4430000	12.5340000	8.7440000	11.0780000
