fliC	motB	yhjH	araB	yjcH
13.1226667	10.8990000	12.0260000	8.4142667	6.7687333
9.9322667	7.4523000	8.1554000	9.2355000	8.0108000
8.4311000	6.6705000	8.5247000	9.5789000	9.6742000
11.8935000	8.8307000	10.4920000	8.6699000	9.7496000
8.3800000	7.5837000	7.7759667	7.9902333	7.5922667
8.5325667	7.0907000	8.6019333	8.3322000	6.7512000
7.7777500	6.8184500	8.7132500	13.7405000	7.4726000
13.8090000	10.4430000	12.5340000	8.7440000	11.0780000
