cheY	cstA	fliS	pykF	motB	glnK	deoC	cheW	fliD	yhjH	dadA	yrdB	tyrA	artI	flgN	flgM	yjdA	bioD	nac	trg	cheZ	pck	astA	hcaR	motA	udp	cheA	yeeD	cbpM	ymgC	ves	aceK	ucpA	ccmD	yjjZ	tar	cheR	ymgA	cadB	agaD	livG	fadA	yjdI	flxA	yjcH	fadB	fhuF	atpC	artQ	aceB	ksgA	flgL	ycgZ	fliZ	nupG	ryhB	cheB	yjcZ	tap	fliC	ycgR	astC	ycdZ	bioC	actP	astB	tsr	modB	rimN	bcsF	modC	flgK	aldA	flgD
9.4998000	10.3690000	8.6806000	8.9212000	11.0440000	7.1854000	8.3334000	10.5600000	9.0630000	11.7470000	8.3101000	9.0521000	8.3808000	8.2226000	12.7420000	12.7400000	10.2400000	6.8685000	7.3888000	9.1565000	9.6204000	9.7831000	7.5437000	7.3948000	11.7440000	8.9340000	11.2360000	7.2678000	8.5188000	7.7838000	10.1710000	7.8255000	9.1704000	6.7381000	7.3341000	10.4240000	8.9515000	10.8760000	7.2578000	6.2112000	7.6192000	7.5082000	7.6525000	13.4070000	5.5497000	7.2895000	12.4280000	10.6330000	7.7970000	9.0051000	8.7508000	10.8100000	10.6910000	9.9653000	7.3850000	9.5564000	8.8099000	8.7138000	10.0760000	12.7190000	10.0760000	7.6813000	9.9743000	6.3931000	6.6229000	7.5403000	11.0160000	10.2470000	8.8466000	8.8956000	8.9971000	10.0700000	7.9993000	10.0710000
11.3625000	10.5820000	11.5200000	10.6335000	10.9090000	7.7495000	10.1815000	11.4790000	11.9145000	12.2925000	10.4185000	8.6101500	7.7819500	9.7505500	12.6765000	12.7350000	11.2495000	7.7312000	7.5815000	10.4310000	11.5590000	10.9400000	8.7960500	8.3129000	11.3230000	10.3000000	11.9725000	8.0318500	10.5320000	4.5290000	10.0680000	8.1845000	10.2245000	7.8019000	6.7390500	13.1680000	10.6105000	8.1742000	10.6095000	7.1549500	8.4857500	7.9286500	10.7895000	10.2368500	6.5248000	8.0849000	7.7990500	9.1163500	8.7023000	12.4760000	10.4270000	11.0990000	7.9533000	10.8285000	7.2382000	7.7392000	10.9960000	10.4320000	11.4115000	13.7475000	10.7570000	8.4380000	8.1321500	7.8004000	7.0687000	8.1376000	9.8696500	10.2565000	8.8595000	7.3034000	9.4270000	11.8680000	8.5041500	8.7997500
