cheY	cstA	fliS	pykF	motB	glnK	deoC	cheW	fliD	yhjH	dadA	yrdB	tyrA	artI	flgN	flgM	yjdA	bioD	nac	trg	cheZ	pck	astA	hcaR	motA	udp	cheA	yeeD	cbpM	ymgC	ves	aceK	ucpA	ccmD	yjjZ	tar	cheR	ymgA	cadB	agaD	livG	fadA	yjdI	flxA	yjcH	fadB	fhuF	atpC	artQ	aceB	ksgA	flgL	ycgZ	fliZ	nupG	ryhB	cheB	yjcZ	tap	fliC	ycgR	astC	ycdZ	bioC	actP	astB	tsr	modB	rimN	bcsF	modC	flgK	aldA	flgD
8.8132000	10.9815000	7.6963000	10.8275000	7.7466000	7.6205500	9.8118000	8.4266000	6.8319000	7.9855000	11.2655000	8.2611500	7.9369000	10.4195000	8.1872500	8.5764500	7.2865500	7.5150000	7.3838000	8.8968000	8.0378500	10.0163500	9.5770500	8.8172000	7.5946500	10.5860000	8.1552500	9.3350000	9.6711000	6.8471500	8.5389500	10.0228000	9.1590500	7.2450500	6.5823500	8.8825000	7.7335500	11.0140000	7.0515500	7.0481500	8.3114500	8.1295500	9.9528000	7.8800000	8.2034000	8.1736000	8.2414000	9.6904000	9.2976500	13.9400000	11.2355000	8.1824500	11.0200000	7.1638000	7.1592500	7.8502500	7.6816000	8.0802500	8.5912500	8.9850500	7.1080500	9.8017500	8.1236500	7.6049000	7.8996500	8.7971000	9.1461500	8.1494500	8.9611500	7.0090000	8.3285500	7.8014000	9.6295000	8.3416000
8.1503333	9.0897667	7.9333333	8.7688000	7.8916000	13.2336667	8.0146000	8.7718333	8.2058667	8.6714667	9.6722333	8.6727000	8.1223667	10.0149667	8.5489333	7.9105667	7.8547000	8.2796667	12.5190000	8.7197333	9.1670000	10.1011333	9.9284000	8.2635333	7.8064333	8.6664333	8.0117667	9.1756333	8.4100667	4.7711000	8.4341667	8.9416000	8.7203667	7.3571667	6.7339667	9.8575000	8.5971667	7.9874000	7.7226667	7.9810667	8.8408667	8.3566000	8.4717000	8.4948000	8.0962667	8.3680667	8.1577667	9.5997333	8.4245000	13.4660000	8.5754667	8.7357333	7.8923667	7.5351000	7.7612667	6.9271667	7.6373000	8.6944000	8.5175667	8.8207667	7.0634667	11.3423333	7.3151667	7.6650000	7.8125333	9.1767667	9.0719667	8.3473667	8.1729000	6.7513333	8.4929000	7.1902333	7.7532667	8.1923333
