cheY	cstA	fliS	pykF	motB	glnK	deoC	cheW	fliD	yhjH	dadA	yrdB	tyrA	artI	flgN	flgM	yjdA	bioD	nac	trg	cheZ	pck	astA	hcaR	motA	udp	cheA	yeeD	cbpM	ymgC	ves	aceK	ucpA	ccmD	yjjZ	tar	cheR	ymgA	cadB	agaD	livG	fadA	yjdI	flxA	yjcH	fadB	fhuF	atpC	artQ	aceB	ksgA	flgL	ycgZ	fliZ	nupG	ryhB	cheB	yjcZ	tap	fliC	ycgR	astC	ycdZ	bioC	actP	astB	tsr	modB	rimN	bcsF	modC	flgK	aldA	flgD
11.6686667	9.3490000	11.1453333	9.7060333	11.5936667	8.4440667	8.3399333	11.7626667	12.2103333	11.1740000	9.1978000	8.9197000	8.5173667	9.5583333	11.7196667	11.9120000	9.9461667	8.9605333	7.2747333	9.1221333	12.3773333	9.8820333	8.4790000	8.1210667	11.3636667	8.7011000	12.3030000	10.0172333	7.9970333	4.3034000	9.1854667	10.2556667	8.5652667	7.7626333	6.9964333	12.9966667	11.0143333	6.5089333	7.5762667	6.8824667	9.4392667	8.3714333	7.7968333	9.0304333	8.0378667	8.3312667	9.1057667	10.9236667	9.3612667	12.5566667	10.1240000	11.0973333	6.6111333	11.5903333	7.7675667	7.4278667	11.1823333	9.6361000	11.7670000	13.9420000	8.9202333	8.2670333	7.8072667	8.4838667	8.1072000	8.3313000	12.0413333	9.1273667	9.3893333	6.9552000	8.2628333	11.8630000	8.2412000	13.5023333
11.8180000	12.6420000	11.5600000	9.4192000	10.4430000	8.0622000	9.3613000	12.1460000	11.9210000	12.5340000	12.1090000	8.1308000	8.0400000	10.1360000	12.2870000	12.7210000	10.9500000	7.8612000	7.4395000	11.3680000	11.0190000	12.4010000	10.3870000	10.3800000	10.9250000	9.6607000	12.3580000	10.5660000	8.7868000	4.6267000	10.7160000	9.2032000	11.1630000	7.6135000	6.6392000	12.7400000	9.8051000	8.1345000	6.9155000	7.0987000	8.6141000	10.3600000	9.0592000	11.8900000	11.0780000	11.5770000	8.6859000	11.3690000	8.9551000	13.3270000	9.8488000	12.0420000	7.9013000	11.6670000	8.3938000	7.9434000	10.9430000	10.5170000	11.2970000	13.8090000	11.3340000	11.5930000	8.3498000	7.8800000	10.5290000	9.2442000	10.6590000	9.7046000	8.5368000	7.3495000	9.2918000	11.4230000	11.8530000	12.8010000
