cheY	cstA	fliS	pykF	motB	glnK	deoC	cheW	fliD	yhjH	dadA	yrdB	tyrA	artI	flgN	flgM	yjdA	bioD	nac	trg	cheZ	pck	astA	hcaR	motA	udp	cheA	yeeD	cbpM	ymgC	ves	aceK	ucpA	ccmD	yjjZ	tar	cheR	ymgA	cadB	agaD	livG	fadA	yjdI	flxA	yjcH	fadB	fhuF	atpC	artQ	aceB	ksgA	flgL	ycgZ	fliZ	nupG	ryhB	cheB	yjcZ	tap	fliC	ycgR	astC	ycdZ	bioC	actP	astB	tsr	modB	rimN	bcsF	modC	flgK	aldA	flgD
8.2874333	11.8753333	7.4172667	10.8896667	7.4523000	6.9643333	11.4126667	7.7481667	6.0282000	8.1554000	11.0916667	8.7362667	7.5989667	8.5014000	6.7859333	6.7889000	6.6175333	7.7116333	7.7059667	8.4242333	7.7170333	9.1075667	10.7186667	8.4445000	7.8829667	9.5630667	7.9487667	9.4803667	9.1958333	6.1436000	8.0457333	8.2272000	10.7756667	7.2267333	10.3750000	8.4434000	7.7548667	8.9555667	8.1031000	8.0123333	8.1570333	9.5307333	9.8728000	7.3123667	8.0108000	9.3836667	9.4261333	10.0027333	8.5149000	10.0608333	10.9433333	9.3569000	10.8980000	6.6433000	8.6339333	11.0086667	7.8453333	8.2246333	7.7887667	9.9322667	7.2398667	11.1156667	9.7279000	8.0401000	8.5109000	9.7838667	8.6618333	8.4138667	8.8714667	7.6996333	8.2711000	6.9044000	10.6223333	7.9267000
8.6915000	10.7710000	8.1037000	9.8697500	7.5441000	7.9119500	10.0684000	8.2261500	7.1465500	8.5049000	10.1817000	8.6060500	8.1867500	10.1742000	7.9889000	8.4255500	7.5759000	7.6946500	6.8445500	8.9336500	7.6029500	11.4765000	8.5337000	7.8478000	7.1778500	10.7520000	8.3177000	8.1296500	8.3888500	4.3261500	8.3785000	8.6574500	11.1515000	7.3981500	6.8605000	8.7191000	7.7451500	8.1420000	7.5600000	7.2244000	8.8778500	8.9308000	9.3726000	7.6188000	6.7526000	9.2276000	7.8936500	11.6535000	8.7423000	11.0080000	9.3228500	8.1608500	7.3762500	6.6545500	8.5659000	8.3334000	7.8870500	8.3322000	8.6585000	8.0881000	6.9926000	8.5262000	8.3297500	7.7231500	7.4731500	8.3636500	9.2558000	8.1705000	9.3297500	7.9733000	8.1628500	7.1316500	9.4069500	8.3541000
