cheY	cstA	fliS	pykF	motB	glnK	deoC	cheW	fliD	yhjH	dadA	yrdB	tyrA	artI	flgN	flgM	yjdA	bioD	nac	trg	cheZ	pck	astA	hcaR	motA	udp	cheA	yeeD	cbpM	ymgC	ves	aceK	ucpA	ccmD	yjjZ	tar	cheR	ymgA	cadB	agaD	livG	fadA	yjdI	flxA	yjcH	fadB	fhuF	atpC	artQ	aceB	ksgA	flgL	ycgZ	fliZ	nupG	ryhB	cheB	yjcZ	tap	fliC	ycgR	astC	ycdZ	bioC	actP	astB	tsr	modB	rimN	bcsF	modC	flgK	aldA	flgD
8.4416000	11.7490000	7.5348000	10.1590000	6.9767000	7.0856000	9.0393000	8.3399000	6.5004000	8.3626000	11.1510000	8.7296000	9.5864000	10.2700000	7.9012000	8.0896000	7.4981000	7.8220000	7.2620000	8.2912000	7.9966000	10.6010000	8.3802000	8.3955000	7.0922000	10.3530000	7.9728000	12.8150000	8.3799000	4.3556000	8.1895000	8.1859000	9.2680000	7.7178000	6.8197000	8.4148000	7.8908000	8.3117000	7.1331000	6.4493000	8.4815000	8.3788000	7.9775000	7.0996000	8.9353000	8.5685000	9.2414000	12.9600000	9.0478000	9.8799000	9.0856000	7.9712000	7.8517000	6.7259000	7.9391000	8.3725000	7.5208000	8.1273000	8.4491000	8.8209000	6.0288000	8.1900000	9.4267000	7.5666000	9.1342000	8.1954000	8.7994000	8.5167000	9.5270000	7.4941000	8.1688000	6.9483000	10.8930000	8.2414000
10.9020000	9.5407000	10.3160000	8.9283000	12.3290000	7.5493000	9.6238000	11.4500000	10.7210000	12.5280000	9.1231000	8.9834000	8.4436000	8.4480000	12.3910000	12.4480000	10.4870000	7.6286000	7.0798000	9.3219000	10.0530000	10.2460000	8.1921000	7.6754000	12.6410000	9.2184000	12.1720000	7.8861000	7.9630000	4.8845000	11.4030000	7.5879000	9.7527000	7.6514000	6.0742000	11.2740000	9.6317000	9.2465000	7.0112000	6.7690000	7.8765000	7.9855000	8.2499000	13.2400000	6.4309000	7.8187000	7.5791000	10.5540000	8.1218000	9.4599000	9.4540000	11.3020000	9.3441000	10.9320000	7.0529000	7.1475000	10.5540000	9.7340000	10.5010000	13.1830000	10.0230000	8.4258000	9.9257000	7.5945000	7.1637000	7.8561000	11.5550000	11.0480000	9.7574000	7.4638000	9.8608000	11.3350000	7.6899000	12.8940000
