betI	aer	acs
9.370333333333333	8.311733333333331	8.450366666666666
8.7114	9.779066666666667	8.051933333333332
9.7114	8.83295	9.63225
10.321	10.518	9.906
9.59	8.4586	7.841
10.207	9.4271	8.8559
10.621	10.555	7.4673
8.962466666666666	8.693333333333333	8.537366666666665
10.609666666666667	9.1158	7.683233333333334
8.3675	8.7378	7.87855
10.251	8.8898	7.9884
