KO,cra,hypT
,0.8499701,0.75328
metQ,0.277275,0.7778344
,0.5907307,0.8162715
cydB,0.3891056,0.8341206
eno,0.7272943,0.8825709
metI,0.4018843,0.1416166
metN,0.3226466,0.2753931
metQ,0.8473687,0.6712331
ppsA,0.8115028,0.0480252
pykF,0.8897533,0.2501982
