betI	bfd	acs	carA
7.418233333333332	8.167399999999999	7.550366666666666	10.798666666666668
8.8082	9.6501	8.6458	8.4869
8.82935	7.69725	7.8578	8.33145
9.9519	9.3395	9.344	9.1415
9.6682	9.1789	7.736499999999999	9.5555
10.321	8.3116	9.1283	8.7678
10.863	12.138	6.6024	8.1241
8.962466666666666	8.808633333333333	8.537366666666665	9.8293
10.609666666666667	9.126533333333333	7.683233333333334	8.980233333333333
8.0375	9.3865	7.6087500000000015	8.28005
8.2442	11.899	12.526	8.8894
