fliC	aceK	yjjI	trg	modC	mglB	betA	fliD	fliZ	artI	cheA	ccmD	motB	pykF	yjdI	hyaD	fecI	ksgA	fliT	appB	tyrA	aceB	cheB	dctA	tar	flgK	cheW	ycgZ	yedL	cycA	yjdA	bcsE	hcaR	fhuF	flgM	ompW	apaH	hyaF	motA	hyaE	fliS	feaR	tap	ryhB	flxA	hyaC	ves	dmsA	cheR	yrdB	tsr	hyaB	rimN	ybiT	betI	cheZ	flgL	flgD	fadB	cheY	glnK	ymgA	argW	cstA	yhjH	dadX	bcsA	fadA	ymgC	flgN	fliA	ycgR	aceF	yjcZ	nudB
12.7190000	7.8255000	7.0607000	9.1565000	8.9971000	10.2780000	10.3590000	9.0630000	9.9653000	8.2226000	11.2360000	6.7381000	11.0440000	8.9212000	7.6525000	6.7185000	11.4500000	8.7508000	9.1166000	6.6510000	8.3808000	9.0051000	8.8099000	9.0506000	10.4240000	10.0700000	10.5600000	10.6910000	7.2561000	9.6075000	10.2400000	9.6132000	7.3948000	12.4280000	12.7400000	9.2648000	8.0934000	5.8529000	11.7440000	6.2952000	8.6806000	5.9790000	10.0760000	9.5564000	13.4070000	6.3330000	10.1710000	8.0673000	8.9515000	9.0521000	11.0160000	6.8205000	8.8466000	9.7187000	10.8630000	9.6204000	10.8100000	10.0710000	7.2895000	9.4998000	7.1854000	10.8760000	9.1685000	10.3690000	11.7470000	7.9551000	8.5726000	7.5082000	7.7838000	12.7420000	10.6860000	10.0760000	10.3040000	8.7138000	8.9674000
8.8854000	8.5940333	7.7588000	9.1014667	8.3949000	8.6469667	9.4938667	7.8507000	7.4596333	10.9356667	8.1538667	7.1008000	7.8688000	10.7066667	8.6308333	8.0387667	8.6356000	9.7062000	9.1446333	8.4464333	8.1757000	12.9743333	7.4873000	8.1089000	9.4159333	7.2617333	8.5324000	8.9311667	10.4626667	9.1381000	7.3215000	8.1114333	8.2140667	9.2437667	8.1345333	7.9474667	8.2996000	7.5257333	7.6502333	7.8277667	7.8161000	6.6905000	8.2640333	8.5985667	8.0209000	7.8126667	8.4663333	8.0520333	8.3697000	8.6743000	8.8944333	8.7138000	8.5674667	8.9884000	10.6096667	8.8292000	8.5981333	8.4388000	7.9135333	8.0860333	13.0733333	10.6186667	6.5379000	9.1262333	8.5315000	9.1050667	8.7987333	7.8249333	5.4114667	8.6874333	8.0076000	7.2746000	11.0513333	8.2167333	9.4945333
