fliC	aceK	yjjI	trg	modC	mglB	betA	fliD	fliZ	artI	cheA	ccmD	motB	pykF	yjdI	hyaD	fecI	ksgA	fliT	appB	tyrA	aceB	cheB	dctA	tar	flgK	cheW	ycgZ	yedL	cycA	yjdA	bcsE	hcaR	fhuF	flgM	ompW	apaH	hyaF	motA	hyaE	fliS	feaR	tap	ryhB	flxA	hyaC	ves	dmsA	cheR	yrdB	tsr	hyaB	rimN	ybiT	betI	cheZ	flgL	flgD	fadB	cheY	glnK	ymgA	argW	cstA	yhjH	dadX	bcsA	fadA	ymgC	flgN	fliA	ycgR	aceF	yjcZ	nudB
12.8260000	8.2107500	7.6831000	8.9075500	8.7294500	8.8018500	9.5233000	11.1095000	9.6175500	10.1165000	11.7765000	7.6458000	10.3940000	10.7925000	8.3108000	7.9654500	9.0049500	10.2365000	10.5035000	7.5573500	8.2672000	9.3397500	10.5840000	8.9682500	11.0260000	10.3300000	11.1680000	7.6160000	7.5324500	8.5396000	8.7918000	8.1517500	7.7692500	9.4647500	11.4190000	7.4227000	8.3526500	7.5384000	10.3555000	7.6809000	10.4575000	6.5083000	10.3950000	8.5904000	10.9415000	7.5410500	9.4235500	8.0609000	9.4351000	9.1012000	11.6160000	8.4184500	10.1440000	9.9735000	9.6682000	10.3560000	10.5260000	12.0680000	8.2620500	11.3820000	8.0169000	8.0373000	7.2028500	9.0565500	11.2125000	8.6722500	8.4361000	8.0170500	4.5200500	11.2450000	10.8130000	8.8078000	12.5195000	8.9374500	11.0500000
8.9481000	8.1758000	7.5457000	9.1121000	8.3267000	12.0520000	8.7950000	6.9906000	6.1872000	8.6339000	8.1564000	7.2182000	7.5029000	8.6153000	8.3859000	8.0782000	7.8889000	9.1095000	8.3343000	7.7084000	8.1297000	8.1161000	7.9943000	9.7539000	8.8591000	6.9811000	8.3938000	8.6497000	7.3257000	9.5505000	7.3601000	7.6473000	9.2165000	7.9231000	8.2694000	8.3434000	7.9259000	7.6311000	7.1611000	7.6606000	8.1507000	6.6761000	8.8219000	8.1459000	8.1167000	7.4805000	8.6559000	7.9645000	7.9828000	8.3369000	9.4381000	8.2962000	8.5790000	9.0447000	10.3210000	7.7949000	8.1685000	8.6545000	9.1043000	8.6914000	7.7553000	8.8002000	8.0052000	10.8730000	8.1992000	9.6547000	8.4852000	8.6199000	4.4895000	7.8761000	7.4655000	6.8207000	9.2284000	8.3936000	9.7550000
