betI	carA	aer	ariR
7.418233333333332	10.798666666666668	7.2824	5.4907666666666675
8.8082	8.4869	9.2581	7.002999999999999
8.82935	8.33145	9.7651	6.02985
9.9519	9.1415	10.697	7.2386
9.6682	9.5555	9.3445	6.0357
10.321	8.7678	9.3447	6.2178
10.863	8.1241	10.99	9.295
8.962466666666666	9.8293	8.693333333333333	6.187233333333333
10.609666666666667	8.980233333333333	9.1158	9.4753
8.0375	8.28005	8.8496	5.92535
8.2442	8.8894	8.5361	9.4222
