aceK	trg	artQ	astA	appB	dctA	ycgZ	yeeD	fhuF	flgM	hyaE	dmsA	cheZ	argW	ymgC	yjcZ	fliC	pykF	tyrA	cheB	tar	flgK	cheW	yjdA	hcaR	hyaF	ryhB	cheR	astB	yrdB	tsr	deoC	betI	cheY	dadX	fliA	astE	modC	fliD	udp	fliZ	cheA	ccmD	aceB	cysP	ompW	motA	hyaB	cadA	flgL	yhjH	fadA	ycgR	nudB	yjjI	betA	artI	motB	yjdI	hyaD	fecI	fliT	fliS	feaR	tap	flxA	hyaC	ves	rimN	nupG	flgD	fadB	ymgA	pncA	cstA	astD	flgN
8.1845000	10.4310000	8.7023000	8.7960500	9.7575500	9.3377000	7.9533000	8.0318500	7.7990500	12.7350000	11.0410000	10.8835000	11.5590000	5.9507000	4.5290000	10.4320000	13.7475000	10.6335000	7.7819500	10.9960000	13.1680000	11.8680000	11.4790000	11.2495000	8.3129000	11.0855000	7.7392000	10.6105000	8.1376000	8.6101500	9.8696500	10.1815000	8.8293500	11.3625000	9.5026500	12.1325000	6.7689000	9.4270000	11.9145000	10.3000000	10.8285000	11.9725000	7.8019000	12.4760000	8.9146000	9.8256000	11.3230000	12.3985000	10.4515000	11.0990000	12.2925000	7.9286500	10.7570000	9.9065000	9.6018000	8.6088500	9.7505500	10.9090000	10.7895000	12.3125000	7.8063000	10.5560000	11.5200000	6.6417500	11.4115000	10.2368500	12.6260000	10.0680000	8.8595000	7.2382000	8.7997500	8.0849000	8.1742000	8.0326000	10.5820000	7.8919500	12.6765000
8.5126000	9.6623000	9.1786000	9.1963000	7.6428000	11.9010000	8.6791000	7.7784000	10.0250000	11.2400000	7.5145000	7.8920000	10.5460000	6.6162000	5.3933000	8.9000000	12.9330000	10.8560000	7.9633000	10.4160000	11.1210000	10.3650000	11.0990000	8.6630000	9.1657000	7.3806000	8.3597000	9.8164000	8.7200000	8.9343000	11.6350000	11.6460000	9.9519000	10.9260000	10.4650000	10.4710000	7.1898000	8.9253000	10.2830000	12.6910000	9.9440000	11.4330000	7.5687000	11.0450000	8.4726000	8.0117000	10.4440000	8.2344000	7.5119000	10.6870000	11.6030000	8.9820000	8.7202000	10.4820000	7.7562000	9.7003000	9.9031000	10.1880000	8.0664000	7.6904000	9.4292000	10.2130000	10.2360000	7.2190000	10.6050000	9.7093000	7.3249000	8.8078000	9.8693000	10.2990000	11.9330000	9.6602000	9.0485000	9.2590000	10.2320000	8.2253000	11.2320000
