aceK	trg	artQ	astA	appB	dctA	ycgZ	yeeD	fhuF	flgM	hyaE	dmsA	cheZ	argW	ymgC	yjcZ	fliC	pykF	tyrA	cheB	tar	flgK	cheW	yjdA	hcaR	hyaF	ryhB	cheR	astB	yrdB	tsr	deoC	betI	cheY	dadX	fliA	astE	modC	fliD	udp	fliZ	cheA	ccmD	aceB	cysP	ompW	motA	hyaB	cadA	flgL	yhjH	fadA	ycgR	nudB	yjjI	betA	artI	motB	yjdI	hyaD	fecI	fliT	fliS	feaR	tap	flxA	hyaC	ves	rimN	nupG	flgD	fadB	ymgA	pncA	cstA	astD	flgN
8.9900333	6.6999000	10.5423333	8.4266667	9.9838667	9.1905000	7.1564333	10.7810000	8.8119667	7.2076667	9.5693000	9.2541000	7.8334667	8.3221000	4.7838667	7.9693000	8.9402667	11.4103333	10.2152000	6.9100667	7.7951333	5.7377333	7.6340667	6.6398667	7.5742333	9.9576333	7.7543000	7.4351333	8.5152333	8.3349000	7.4310333	8.9475333	7.4182333	7.5741667	8.4409667	6.6768000	6.7254000	8.6250000	5.9768667	10.7366667	6.4311333	7.8070667	8.2059333	11.0550000	10.1465333	10.8951667	7.4012333	9.5722333	7.4253667	8.0267667	7.8953333	7.9227333	6.5110667	10.7690000	7.5551000	7.5528333	9.7103000	6.9877333	8.8978333	9.9205667	7.6814667	6.8891667	5.9662667	6.3151667	6.2800333	7.1470333	9.9856000	7.1121333	9.8371333	8.0886667	7.4381333	7.0218000	6.1731667	9.2515000	9.3021333	7.8711333	6.8683667
9.0248000	9.1248000	8.4127000	8.6018000	7.5563000	8.2630000	8.3031000	9.8878000	8.4105000	8.0818000	7.6830000	8.3215000	8.8763000	5.8878000	4.7110000	8.4384000	8.4234000	8.5111000	7.5646000	7.6186000	9.0008000	7.1081000	8.6517000	7.8810000	8.6475000	7.7410000	9.1382000	8.0252000	8.8309000	8.7611000	9.0921000	7.8520000	8.8082000	8.1123000	8.1605000	7.5468000	6.7975000	7.8574000	7.8607000	7.8539000	7.4189000	7.9216000	7.8267000	10.3050000	9.8483000	8.2855000	7.7312000	8.6305000	8.3273000	8.4634000	9.4889000	7.7934000	6.8242000	8.3360000	7.6930000	8.7867000	8.6927000	7.1260000	9.1242000	8.4782000	8.2355000	9.2822000	7.8625000	7.3200000	8.3571000	9.1381000	7.6617000	8.4119000	8.3656000	7.8106000	8.1256000	8.0894000	8.6150000	8.8682000	10.8840000	7.7100000	8.5655000
