carB	yjcH	betB	araG
8.6639500	8.2034000	9.4802500	7.5341000
10.3393333	6.7023333	7.7158000	6.6041000
