carB	yjcH	betB	araG
10.7773333	8.5473667	9.5855333	7.1826667
9.1768000	6.7526000	9.1929500	7.2140500
