carB	yjcH	betB	araG
8.9214500	9.7496000	10.7500000	7.6666000
8.0906000	6.2995000	10.0720000	6.3643000
