carB	yjcH	betB	araG
8.5171333	8.0108000	8.1824667	8.1451333
10.6240000	9.6742000	8.0671000	9.9178000
