carB	yjcH	betB	araG
10.7773333	8.5473667	9.5855333	7.1826667
8.5171333	8.0108000	8.1824667	8.1451333
9.1768000	6.7526000	9.1929500	7.2140500
10.6240000	9.6742000	8.0671000	9.9178000
8.9214500	9.7496000	10.7500000	7.6666000
8.0906000	6.2995000	10.0720000	6.3643000
8.6639500	8.2034000	9.4802500	7.5341000
10.3393333	6.7023333	7.7158000	6.6041000
