betA	fadJ	flgK	dadA	tyrA	dctA	ymgA	ycgR	cheA	trg	ryhB	ycgZ	ves	fecI	tar	hyaD	yjdA	yhjH	ompW	ansB	hyaE	yqeF	yjdJ	hyaF	motB	mglB	ymgC	rimN	modC	fliC	ybhJ	nudB	fadB	flgM	appC	dadX	flxA	feaR	appB	flgN	flgL	yjjI	fliD	pykF	tsr	fliT	cycA	astA	cheB	pncA	fliZ	cstA	modA	hyaC	fhuF	entB	astC	cheZ	modB	fliA	betT	betI	bcsE	astB	yrdB	cheR	yjcZ	tap	yghZ	cysP	hyaB	cheY	bioD	glnK	motA	bcsF	fadA	cheW	livG
9.2107000	9.8414000	7.1748500	9.1864000	8.1007500	10.3585000	9.9436000	7.0103000	8.4806000	9.3115500	8.3294500	8.0669000	8.6971000	7.8854000	8.9672000	8.2331500	7.4646500	8.2542000	8.6471000	8.0239500	8.1051000	7.9040500	10.4920000	7.9278500	7.7441500	12.7325000	5.9424500	8.2761000	8.3944000	7.9059500	7.9724000	10.5965000	8.7066500	8.4006000	8.8376000	9.2038500	8.0317500	6.8910000	8.0893500	8.1230500	8.2414000	8.1586000	7.0142000	10.5865000	9.5841500	8.5880500	7.9122000	9.0713500	7.9897000	8.2532500	6.6342000	10.1485000	8.9433000	7.9396500	7.8726500	8.4767500	8.8873000	7.8706500	8.0973000	7.5260500	8.9679000	8.7458000	7.8934000	8.3983500	7.6993500	8.0067500	8.1580500	8.8976500	10.4970000	9.0471000	8.8084500	8.9056500	8.1625000	7.7696500	7.4769000	7.1497000	8.4894500	8.5773000	8.6519500
9.2166000	9.2464000	8.7784000	8.6214000	8.3232000	9.0726000	9.5752000	7.7652000	10.5680000	9.5079000	8.5330000	8.2115000	8.9790000	7.9815000	9.5219000	8.4845000	8.5432000	10.2610000	7.4455000	8.0099000	8.0459000	7.9531000	8.5214000	7.8351000	9.9807000	12.9380000	4.8832000	8.3156000	8.4733000	12.1620000	8.0351000	11.4510000	8.9042000	10.3800000	9.6798000	8.9889000	10.9990000	6.6499000	8.6739000	10.1800000	9.6701000	8.2300000	8.4605000	8.9306000	10.3240000	9.3256000	8.0387000	8.7563000	8.1887000	8.0165000	9.7898000	9.3904000	8.8763000	7.6689000	8.3666000	7.9735000	8.6032000	8.1481000	7.9504000	10.5310000	8.9846000	9.6726000	8.5335000	8.1830000	7.7848000	8.1256000	8.6703000	9.4684000	9.0610000	9.2099000	8.9125000	9.3942000	8.1853000	8.0676000	9.6515000	8.0964000	8.7649000	9.8443000	8.6934000
