betA	fadJ	flgK	dadA	tyrA	dctA	ymgA	ycgR	cheA	trg	ryhB	ycgZ	ves	fecI	tar	hyaD	yjdA	yhjH	ompW	ansB	hyaE	yqeF	yjdJ	hyaF	motB	mglB	ymgC	rimN	modC	fliC	ybhJ	nudB	fadB	flgM	appC	dadX	flxA	feaR	appB	flgN	flgL	yjjI	fliD	pykF	tsr	fliT	cycA	astA	cheB	pncA	fliZ	cstA	modA	hyaC	fhuF	entB	astC	cheZ	modB	fliA	betT	betI	bcsE	astB	yrdB	cheR	yjcZ	tap	yghZ	cysP	hyaB	cheY	bioD	glnK	motA	bcsF	fadA	cheW	livG
8.9316000	9.5857500	7.8655500	11.7150000	7.8477000	10.2920000	11.3150000	7.2683500	8.2160500	9.1360500	8.0802500	11.2620000	8.6393000	8.3215500	8.8547500	11.5205000	7.2229000	8.0860000	12.6085000	8.3738500	10.5045000	8.3845000	9.5424000	9.9351500	7.7840000	9.7027000	7.0808500	8.9282500	8.2358000	8.9329000	7.6087000	10.6960000	8.3705500	8.4637500	10.7690000	10.1961500	7.8267000	7.2502500	9.6340500	7.9961000	8.2774500	8.4405000	6.8120500	10.9675000	9.2387000	8.5256000	9.2504500	9.9106000	7.5968500	8.7325000	6.9872000	11.0770000	8.5180000	11.7035000	8.4170000	8.4899500	10.5370000	7.8264000	8.2510500	7.4338500	9.2279000	9.7114000	7.8823500	9.3243000	8.2473500	7.7136500	8.1130500	8.5768500	9.4682500	9.9545500	11.5305000	8.7340000	7.6464000	7.4477500	7.4249000	7.0944500	8.2432000	8.3629500	8.3407500
8.8765000	8.4846000	11.2720000	10.2970000	8.9819000	8.5058000	7.6647000	9.0778000	11.8135000	9.0966000	8.4976500	7.4550000	9.8489500	9.9936500	11.7535000	11.4030000	9.5861000	11.0430000	9.0771000	8.0393500	10.4785000	7.7866000	8.1538500	10.4520000	11.1070000	8.5981500	4.3898500	10.1595000	8.8414000	13.6635000	7.6569000	10.9270000	7.8249500	11.7290000	11.9940000	9.5028000	10.8595000	6.4685000	10.5770000	11.7815000	11.2675000	7.5916500	11.5905000	10.6320000	11.7270000	10.7155000	9.3584000	8.4654500	10.8135000	9.3398500	10.6220000	9.2533500	9.2126500	11.2265000	10.7805000	8.6828000	8.1115000	11.4820000	9.5653500	11.1420000	8.9823500	8.7748000	8.0753000	8.1328500	9.1318500	10.3835000	9.5590000	10.8230000	8.2015000	11.1160000	11.5000000	11.6905000	8.1065500	9.3159000	11.3035000	7.3927000	7.8764500	11.4985000	10.5255000
