betA	fadJ	flgK	dadA	tyrA	dctA	ymgA	ycgR	cheA	trg	ryhB	ycgZ	ves	fecI	tar	hyaD	yjdA	yhjH	ompW	ansB	hyaE	yqeF	yjdJ	hyaF	motB	mglB	ymgC	rimN	modC	fliC	ybhJ	nudB	fadB	flgM	appC	dadX	flxA	feaR	appB	flgN	flgL	yjjI	fliD	pykF	tsr	fliT	cycA	astA	cheB	pncA	fliZ	cstA	modA	hyaC	fhuF	entB	astC	cheZ	modB	fliA	betT	betI	bcsE	astB	yrdB	cheR	yjcZ	tap	yghZ	cysP	hyaB	cheY	bioD	glnK	motA	bcsF	fadA	cheW	livG
8.5847000	9.4159000	6.9483000	11.1510000	9.5864000	10.3860000	8.3117000	6.0288000	7.9728000	8.2912000	8.3725000	7.8517000	8.1895000	8.2760000	8.4148000	7.8841000	7.4981000	8.3626000	12.3470000	9.3545000	7.4608000	9.1442000	8.1540000	7.2274000	6.9767000	10.7420000	4.3556000	9.5270000	8.1688000	8.8209000	7.0287000	10.4000000	8.5685000	8.0896000	8.5895000	10.1960000	7.0996000	7.0482000	7.6277000	7.9012000	7.9712000	8.1984000	6.5004000	10.1590000	8.7994000	8.1668000	10.2050000	8.3802000	7.5208000	9.4955000	6.7259000	11.7490000	8.7776000	7.4922000	9.2414000	8.7588000	8.1900000	7.9966000	8.5167000	7.2486000	8.7720000	8.6366000	8.5577000	8.1954000	8.7296000	7.8908000	8.1273000	8.4491000	9.5872000	12.1020000	8.2783000	8.4416000	7.8220000	7.0856000	7.0922000	7.4941000	8.3788000	8.3399000	8.4815000
9.2495000	10.7640000	7.2948000	11.9600000	7.9727000	9.6966000	9.5642000	6.8280000	7.9829000	8.9860000	8.2838000	8.7287000	8.3650000	7.8593000	8.6644000	8.2279000	7.7351000	7.9307000	7.6639000	7.9746000	7.9440000	9.4967000	11.8130000	7.6094000	7.3681000	11.9730000	6.2247000	9.0900000	8.5603000	8.7313000	7.5149000	9.7443000	10.1460000	8.2796000	8.6393000	10.7160000	8.2428000	7.3418000	7.9911000	7.8214000	8.0516000	7.5059000	6.5124000	10.5480000	8.9906000	8.1823000	9.8967000	10.6830000	7.9049000	8.9661000	6.6153000	12.1330000	8.7642000	7.7247000	7.7629000	8.1782000	11.7480000	7.8652000	8.5581000	7.2613000	9.5329000	9.3044000	9.6058000	10.3670000	8.5640000	7.8376000	8.4298000	8.7271000	10.4060000	10.9100000	8.5440000	8.7673000	7.7482000	7.7421000	7.1838000	9.0695000	9.6806000	8.1365000	8.6393000
