betA	fadJ	flgK	dadA	tyrA	dctA	ymgA	ycgR	cheA	trg	ryhB	ycgZ	ves	fecI	tar	hyaD	yjdA	yhjH	ompW	ansB	hyaE	yqeF	yjdJ	hyaF	motB	mglB	ymgC	rimN	modC	fliC	ybhJ	nudB	fadB	flgM	appC	dadX	flxA	feaR	appB	flgN	flgL	yjjI	fliD	pykF	tsr	fliT	cycA	astA	cheB	pncA	fliZ	cstA	modA	hyaC	fhuF	entB	astC	cheZ	modB	fliA	betT	betI	bcsE	astB	yrdB	cheR	yjcZ	tap	yghZ	cysP	hyaB	cheY	bioD	glnK	motA	bcsF	fadA	cheW	livG
9.4938667	8.9147667	7.2617333	10.5006667	8.1757000	8.1089000	10.6186667	7.2746000	8.1538667	9.1014667	8.5985667	8.9311667	8.4663333	8.6356000	9.4159333	8.0387667	7.3215000	8.5315000	7.9474667	7.9003000	7.8277667	7.8093000	9.3596000	7.5257333	7.8688000	8.6469667	5.4114667	8.5674667	8.3949000	8.8854000	7.6539000	9.4945333	7.9135333	8.1345333	9.8968000	9.1050667	8.0209000	6.6905000	8.4464333	8.6874333	8.5981333	7.7588000	7.8507000	10.7066667	8.8944333	9.1446333	9.1381000	10.9466667	7.4873000	8.1726333	7.4596333	9.1262333	7.8947333	7.8126667	9.2437667	8.7483667	12.4816667	8.8292000	8.0904667	8.0076000	9.3442333	10.6096667	8.1114333	10.1436667	8.6743000	8.3697000	8.2167333	8.2640333	8.3119000	10.0653333	8.7138000	8.0860333	8.6823000	13.0733333	7.6502333	6.6261333	7.8249333	8.5324000	8.6527333
8.3938000	8.9560000	11.2980000	9.0961000	8.1722000	9.2702000	9.2433000	9.4744000	11.1920000	9.4299000	7.8127000	9.1984000	11.5990000	8.1991000	10.9490000	7.8033000	10.8860000	12.4800000	9.7983000	9.9570000	7.5215000	8.1623000	8.6443000	7.0089000	11.8750000	10.4630000	4.8292000	8.8372000	9.5065000	13.0490000	7.4198000	9.9390000	7.8839000	12.7340000	8.3589000	8.6997000	13.2520000	6.1831000	7.5012000	12.3210000	11.3860000	8.9176000	9.6786000	9.1608000	11.0650000	8.9343000	8.8851000	8.0351000	9.9953000	8.0683000	10.5760000	10.0880000	11.4050000	7.3216000	8.5587000	8.2070000	8.2214000	9.3588000	10.7640000	11.8250000	9.1946000	10.5160000	7.5546000	7.9760000	8.1330000	9.1759000	9.8206000	10.0450000	9.0813000	8.3543000	7.9646000	10.3310000	7.6085000	7.6165000	12.4950000	6.8167000	8.0756000	10.2930000	8.0294000
