betA	fadJ	flgK	dadA	tyrA	dctA	ymgA	ycgR	cheA	trg	ryhB	ycgZ	ves	fecI	tar	hyaD	yjdA	yhjH	ompW	ansB	hyaE	yqeF	yjdJ	hyaF	motB	mglB	ymgC	rimN	modC	fliC	ybhJ	nudB	fadB	flgM	appC	dadX	flxA	feaR	appB	flgN	flgL	yjjI	fliD	pykF	tsr	fliT	cycA	astA	cheB	pncA	fliZ	cstA	modA	hyaC	fhuF	entB	astC	cheZ	modB	fliA	betT	betI	bcsE	astB	yrdB	cheR	yjcZ	tap	yghZ	cysP	hyaB	cheY	bioD	glnK	motA	bcsF	fadA	cheW	livG
8.4551500	9.4250500	12.2095000	10.0306000	7.7930000	10.4030000	7.5966500	11.0550000	12.8700000	10.9275000	7.5162000	7.5217000	10.0775000	8.2173500	13.4835000	10.3385000	11.1185000	12.4010000	10.7050000	12.8030000	9.2968500	8.2359500	10.5285000	9.2363000	11.0060000	11.1760000	4.4695500	8.6426500	9.5318500	14.2830000	7.6153000	10.2310000	7.7594500	12.6260000	9.8256000	9.2942000	10.4355000	6.9776500	8.6098000	12.5735000	11.4710000	9.6379000	12.7025000	10.6865000	10.2895000	11.4390000	8.2534500	8.5701000	11.0950000	8.2523000	11.9605000	10.8830000	10.5990000	10.6125000	7.6359500	8.2356500	8.3912500	11.5160000	10.4070000	12.8250000	8.7196000	8.5592000	8.5452500	8.2645000	8.2766500	10.3885000	10.7645000	11.6250000	10.2115000	8.8479500	10.3445000	11.7115000	7.6300000	7.4301000	11.2815000	7.6578000	7.7396500	12.6380000	8.3910000
9.3335000	9.8210000	10.4140000	11.4970000	7.8801000	11.5760000	7.9435000	9.0328000	11.7910000	9.8705000	8.2763000	7.4585000	9.3909000	9.0186000	11.3640000	8.1043000	9.3847000	10.6220000	8.4956000	7.8966000	7.7175000	9.0372000	8.4707000	7.4565000	10.0670000	12.8310000	4.4689000	9.8921000	8.7823000	13.2000000	7.8099000	10.4110000	9.1306000	11.5310000	8.7386000	10.4110000	10.5990000	6.7287000	7.7505000	11.4460000	10.3220000	7.5858000	11.2490000	9.2153000	10.9450000	10.2850000	8.6709000	8.8395000	10.6650000	9.2678000	10.5500000	10.9680000	9.3072000	7.6459000	9.3150000	8.6350000	8.5850000	10.4680000	9.0673000	11.7130000	9.2199000	9.4456000	8.5422000	8.4436000	8.6803000	9.4442000	8.8045000	10.5440000	9.1788000	11.3120000	8.4559000	11.7130000	7.9361000	8.1193000	9.8770000	8.0236000	8.6962000	11.1200000	8.7910000
