fhuF	fliC	motB	yhjH	yjcH
10.7805000	13.6635000	11.1070000	11.0430000	6.5571000
8.3666000	12.1620000	9.9807000	10.2610000	7.3458000
