fhuF	fliC	motB	yhjH	yjcH
12.4280000	12.7190000	11.0440000	11.7470000	5.5497000
9.1037000	8.6765000	7.9301000	8.5680000	9.7748000
