fhuF	fliC	motB	yhjH	yjcH
7.7355000	11.8935000	8.8307000	10.4920000	9.7496000
9.4274667	8.3800000	7.5837000	7.7759667	7.5922667
