fhuF	fliC	motB	yhjH	yjcH
9.4261333	9.9322667	7.4523000	8.1554000	8.0108000
7.7990500	13.7475000	10.9090000	12.2925000	6.5248000
