fhuF	fliC	motB	yhjH	yjcH
11.0676667	10.0792000	7.9523000	8.3469000	6.1164333
8.6859000	13.8090000	10.4430000	12.5340000	11.0780000
