fhuF	fliC	motB	yhjH	yjcH
9.4261333	9.9322667	7.4523000	8.1554000	8.0108000
7.7355000	11.8935000	8.8307000	10.4920000	9.7496000
9.4274667	8.3800000	7.5837000	7.7759667	7.5922667
12.4280000	12.7190000	11.0440000	11.7470000	5.5497000
7.7990500	13.7475000	10.9090000	12.2925000	6.5248000
11.0676667	10.0792000	7.9523000	8.3469000	6.1164333
9.1037000	8.6765000	7.9301000	8.5680000	9.7748000
8.6859000	13.8090000	10.4430000	12.5340000	11.0780000
