fhuF	fliC	motB	yhjH	yjcH
9.4261333	9.9322667	7.4523000	8.1554000	8.0108000
7.7355000	11.8935000	8.8307000	10.4920000	9.7496000
10.7805000	13.6635000	11.1070000	11.0430000	6.5571000
9.4274667	8.3800000	7.5837000	7.7759667	7.5922667
8.3666000	12.1620000	9.9807000	10.2610000	7.3458000
7.7990500	13.7475000	10.9090000	12.2925000	6.5248000
11.0676667	10.0792000	7.9523000	8.3469000	6.1164333
8.6859000	13.8090000	10.4430000	12.5340000	11.0780000
