fhuF	fliC	motB	yhjH	yjcH
7.7355000	11.8935000	8.8307000	10.4920000	9.7496000
10.7805000	13.6635000	11.1070000	11.0430000	6.5571000
9.4274667	8.3800000	7.5837000	7.7759667	7.5922667
8.3666000	12.1620000	9.9807000	10.2610000	7.3458000
12.4280000	12.7190000	11.0440000	11.7470000	5.5497000
11.0676667	10.0792000	7.9523000	8.3469000	6.1164333
9.1037000	8.6765000	7.9301000	8.5680000	9.7748000
8.6859000	13.8090000	10.4430000	12.5340000	11.0780000
