fhuF	fliC	motB	yhjH	yjcH
9.4261333	9.9322667	7.4523000	8.1554000	8.0108000
10.7805000	13.6635000	11.1070000	11.0430000	6.5571000
8.3666000	12.1620000	9.9807000	10.2610000	7.3458000
12.4280000	12.7190000	11.0440000	11.7470000	5.5497000
7.7990500	13.7475000	10.9090000	12.2925000	6.5248000
11.0676667	10.0792000	7.9523000	8.3469000	6.1164333
9.1037000	8.6765000	7.9301000	8.5680000	9.7748000
8.6859000	13.8090000	10.4430000	12.5340000	11.0780000
