carB	yjcH	betB	araG
9.4088500	6.5019000	9.6376000	7.3537000
11.9880000	8.5279000	9.4440000	7.1447000
