carB	yjcH	betB	araG
10.3393333	6.7023333	7.7158000	6.6041000
8.7842000	7.3458000	9.1963000	7.6848000
