carB	yjcH	betB	araG
8.3071000	7.4726000	8.2016500	10.5935000
12.5470000	11.0780000	10.1170000	7.9388000
