carB	yjcH	betB	araG
8.0906000	6.2995000	10.0720000	6.3643000
8.5397000	9.7748000	8.7243000	7.3857000
