carB	yjcH	betB	araG
10.6240000	9.6742000	8.0671000	9.9178000
8.1348000	8.9353000	8.5990000	7.3168000
