carB	yjcH	betB	araG
9.4088500	6.5019000	9.6376000	7.3537000
8.0906000	6.2995000	10.0720000	6.3643000
10.3393333	6.7023333	7.7158000	6.6041000
8.7842000	7.3458000	9.1963000	7.6848000
8.3071000	7.4726000	8.2016500	10.5935000
11.9880000	8.5279000	9.4440000	7.1447000
8.5397000	9.7748000	8.7243000	7.3857000
12.5470000	11.0780000	10.1170000	7.9388000
