carB	yjcH	betB	araG
10.6240000	9.6742000	8.0671000	9.9178000
9.4088500	6.5019000	9.6376000	7.3537000
8.0906000	6.2995000	10.0720000	6.3643000
8.1348000	8.9353000	8.5990000	7.3168000
8.3071000	7.4726000	8.2016500	10.5935000
11.9880000	8.5279000	9.4440000	7.1447000
8.5397000	9.7748000	8.7243000	7.3857000
12.5470000	11.0780000	10.1170000	7.9388000
