carB	yjcH	betB	araG
10.6240000	9.6742000	8.0671000	9.9178000
8.0906000	6.2995000	10.0720000	6.3643000
10.3393333	6.7023333	7.7158000	6.6041000
8.7842000	7.3458000	9.1963000	7.6848000
8.1348000	8.9353000	8.5990000	7.3168000
8.3071000	7.4726000	8.2016500	10.5935000
8.5397000	9.7748000	8.7243000	7.3857000
12.5470000	11.0780000	10.1170000	7.9388000
