tsr	ymgA	udp	deoC	fliZ	agaD	astC	fliC	rihC	nupG	ybaT	fliD	entB	yjdA	bioC	tap	modB	aceB	motA	aidB	fadA	ycgR	sdhD	cheZ	betI	fliS	nac	bcsE	ymgC	ves	cstA	yaeB	yjjI	fhuF	flxA	cheW	cheB	flgK	flgC	cheR	argB	bcsF	yjjZ	cadA	flgM	modC	dmsA	fecI	tyrA	ycgZ	yjcZ	tar	yjdI	astB	feaR	flgN	flgL	ompW	fadB	bioB	motB	mglB	glnK	isrA	yhjH	ogt	cheY	trg	ymdA	fliA	astA	betA	artI	cheA	ygeA
11.0160000	10.8760000	8.9340000	8.3334000	9.9653000	6.2112000	7.6813000	12.7190000	7.5494000	7.3850000	8.1703000	9.0630000	10.6410000	10.2400000	6.3931000	10.0760000	10.2470000	9.0051000	11.7440000	7.6242000	7.5082000	10.0760000	10.4260000	9.6204000	10.8630000	8.6806000	7.3888000	9.6132000	7.7838000	10.1710000	10.3690000	8.2603000	7.0607000	12.4280000	13.4070000	10.5600000	8.8099000	10.0700000	10.9930000	8.9515000	8.0000000	8.8956000	7.3341000	7.5149000	12.7400000	8.9971000	8.0673000	11.4500000	8.3808000	10.6910000	8.7138000	10.4240000	7.6525000	7.5403000	5.9790000	12.7420000	10.8100000	9.2648000	7.2895000	7.1543000	11.0440000	10.2780000	7.1854000	8.2912000	11.7470000	7.4045000	9.4998000	9.1565000	8.4179000	10.6860000	7.5437000	10.3590000	8.2226000	11.2360000	7.4267000
9.5175400	10.6144000	10.0507400	9.4779600	6.6468000	7.2806000	12.2014000	8.2872200	8.6764800	6.9890000	11.7102000	6.9898600	9.7676600	6.9936400	9.0361000	8.8379200	7.7417400	13.5894000	7.3226200	11.5254000	8.1747400	7.0354200	8.0482800	8.1380400	10.2956000	8.0857400	12.9216000	8.5000600	6.2703600	8.7745000	9.2498000	8.7814800	7.9743000	10.6884000	8.3232400	8.5481600	7.9420200	7.4249600	8.6228000	7.7949000	9.4694600	7.3787200	8.9687400	7.4658200	8.2509600	8.4842200	8.7925200	9.5719200	9.7612600	9.5051200	8.1308600	9.0611800	8.9498600	11.2772000	6.6832200	7.9246200	8.5111000	7.6332400	8.2528200	10.6772000	7.8031000	9.1960000	13.4356000	8.7939200	8.2534400	8.0609800	8.8158400	9.2046400	7.2127600	7.6678200	11.7198000	9.9123800	11.2156000	8.0522000	7.8889000
