tsr	ymgA	udp	deoC	fliZ	agaD	astC	fliC	rihC	nupG	ybaT	fliD	entB	yjdA	bioC	tap	modB	aceB	motA	aidB	fadA	ycgR	sdhD	cheZ	betI	fliS	nac	bcsE	ymgC	ves	cstA	yaeB	yjjI	fhuF	flxA	cheW	cheB	flgK	flgC	cheR	argB	bcsF	yjjZ	cadA	flgM	modC	dmsA	fecI	tyrA	ycgZ	yjcZ	tar	yjdI	astB	feaR	flgN	flgL	ompW	fadB	bioB	motB	mglB	glnK	isrA	yhjH	ogt	cheY	trg	ymdA	fliA	astA	betA	artI	cheA	ygeA
8.7721333	7.9170000	9.6804667	9.1471667	6.8289000	6.7140000	7.8559000	8.4165667	8.0271333	7.3283333	8.4382333	6.9717667	8.2090667	7.2055000	8.9362333	8.4587333	8.7735333	11.4733333	7.0634333	7.9749000	7.7990667	6.6589667	8.3918000	8.0140667	8.2417333	7.8439000	7.7247667	8.6625000	4.3005000	8.2597333	9.5714000	8.6124000	8.9283667	7.5021333	7.4309667	8.2727000	7.6280333	6.9905000	8.3435667	7.7252333	12.0960000	7.9100333	6.1699667	7.4119000	8.6280000	8.3783667	10.7586667	8.2272667	9.6315333	7.3395667	7.7940000	8.5486000	8.7016000	8.0500000	6.2136667	8.3324667	7.9949333	9.8249667	7.8922333	10.3120000	7.3994667	8.7872667	8.2603667	9.2867000	7.8862333	8.4924000	8.6344667	8.5277667	7.4132000	7.4484000	8.2030000	8.4499667	11.1643333	7.8801000	8.3258000
9.0719667	7.9874000	8.6664333	8.0146000	7.5351000	7.9810667	11.3423333	8.8207667	8.8197333	7.7612667	9.1652333	8.2058667	8.9606000	7.8547000	7.6650000	8.5175667	8.3473667	13.4660000	7.8064333	8.2942333	8.3566000	7.0634667	7.9705333	9.1670000	8.7114000	7.9333333	12.5190000	8.3809000	4.7711000	8.4341667	9.0897667	7.6455333	8.0762667	8.1577667	8.4948000	8.7718333	7.6373000	7.1902333	8.2490667	8.5971667	9.7923000	6.7513333	6.7339667	8.1982333	7.9105667	8.4929000	8.0727000	8.5917000	8.1223667	7.8923667	8.6944000	9.8575000	8.4717000	9.1767667	6.9526667	8.5489333	8.7357333	7.9532667	8.3680667	9.5437000	7.8916000	8.7445000	13.2336667	8.5770000	8.6714667	7.7939333	8.1503333	8.7197333	8.3975333	8.2899333	9.9284000	8.9421333	10.0149667	8.0117667	8.0612333
