tsr	ymgA	udp	deoC	fliZ	agaD	astC	fliC	rihC	nupG	ybaT	fliD	entB	yjdA	bioC	tap	modB	aceB	motA	aidB	fadA	ycgR	sdhD	cheZ	betI	fliS	nac	bcsE	ymgC	ves	cstA	yaeB	yjjI	fhuF	flxA	cheW	cheB	flgK	flgC	cheR	argB	bcsF	yjjZ	cadA	flgM	modC	dmsA	fecI	tyrA	ycgZ	yjcZ	tar	yjdI	astB	feaR	flgN	flgL	ompW	fadB	bioB	motB	mglB	glnK	isrA	yhjH	ogt	cheY	trg	ymdA	fliA	astA	betA	artI	cheA	ygeA
9.6641333	9.7283000	13.0370000	9.2532333	9.2259000	6.9442333	10.8979333	13.2540000	9.5359000	10.9413333	8.9444000	9.9331333	8.1353000	9.6008000	9.5428667	10.4673333	9.2506667	9.2282000	9.9096333	9.2224000	8.9145667	9.0991333	11.2293333	10.8250000	9.2736667	9.7691000	7.2082333	8.7903333	5.2444667	9.4044333	11.8123333	8.4372333	7.4384000	7.6349000	9.6138333	11.4446667	9.7711333	9.9102333	10.4719667	9.1839000	8.4441333	7.5421667	6.4164333	7.5726000	11.1506667	8.6261667	8.8976333	7.8012000	8.1023000	9.2230333	9.1523667	11.4723333	10.6903333	10.1064667	7.7536667	10.7193333	10.4660667	11.6360000	9.0686667	9.4183333	9.9085000	13.7400000	7.5247000	9.5001667	10.6185333	8.3691667	10.8416667	10.1251000	7.4162667	9.9997667	10.3978667	9.1427000	11.2666667	11.2220000	7.9138000
12.2240000	7.6448000	9.5050000	9.0501000	11.1690000	6.8939000	8.1200000	13.5710000	9.1420000	7.7426000	7.6134000	11.8490000	8.3001000	10.1790000	7.6595000	11.5610000	9.8263000	10.9330000	10.8180000	7.8945000	8.3946000	10.3320000	11.7250000	11.5590000	9.2396000	11.4400000	6.9184000	8.2713000	4.2620000	9.5196000	10.8840000	8.7154000	7.7374000	8.4133000	11.7010000	11.9830000	11.3340000	11.2910000	12.9660000	10.2440000	8.7171000	7.3381000	6.4456000	7.2953000	12.3250000	9.2107000	8.1774000	8.5267000	7.9352000	7.2674000	9.9145000	12.4380000	8.0614000	8.0935000	6.9221000	12.1240000	11.4790000	9.6862000	8.6241000	8.2654000	10.6040000	10.7720000	7.4119000	9.3590000	11.7140000	7.9116000	12.0480000	10.5850000	10.9400000	11.5210000	8.3665000	9.0455000	10.4500000	12.3790000	7.9900000
