tsr	ymgA	udp	deoC	fliZ	agaD	astC	fliC	rihC	nupG	ybaT	fliD	entB	yjdA	bioC	tap	modB	aceB	motA	aidB	fadA	ycgR	sdhD	cheZ	betI	fliS	nac	bcsE	ymgC	ves	cstA	yaeB	yjjI	fhuF	flxA	cheW	cheB	flgK	flgC	cheR	argB	bcsF	yjjZ	cadA	flgM	modC	dmsA	fecI	tyrA	ycgZ	yjcZ	tar	yjdI	astB	feaR	flgN	flgL	ompW	fadB	bioB	motB	mglB	glnK	isrA	yhjH	ogt	cheY	trg	ymdA	fliA	astA	betA	artI	cheA	ygeA
9.0233333	8.6200000	10.8246667	10.6170667	6.6509667	7.0694667	8.3346333	8.1335000	8.6478000	9.4554333	7.7855667	7.0350333	8.4469000	7.1898000	7.9758000	8.8669333	8.5436333	9.0323000	7.0572000	7.7248667	8.2213333	6.6962000	10.4632000	7.7529333	9.2169000	7.9283333	7.1396000	8.8403667	4.6732000	8.5888333	9.5492333	8.8791333	7.7387333	8.9048333	7.5529667	8.3741667	7.7547667	7.1947667	8.9722667	7.7330667	8.8398000	7.7688667	6.5463667	7.4689667	8.3263667	8.3245333	7.9920333	8.8447667	8.3582667	8.4191333	8.0267667	8.7367667	8.0576667	8.1235000	6.5133000	8.2076000	8.1973333	7.6855333	8.1732667	8.5550333	7.6519000	10.0480333	7.7805667	8.7614000	7.9965667	8.0593333	8.6376333	8.6918667	7.3428000	7.8481000	8.3714333	9.2489000	10.0071333	8.0714333	7.9697000
9.0506000	8.6996000	8.8907000	8.4059000	6.2865000	6.6473000	10.0190000	8.4930000	8.2433000	7.1405000	7.6785000	6.7400000	8.3077000	6.5903000	8.0228000	8.9178000	8.2351000	8.8533000	7.0399000	7.6435000	8.4493000	6.7667000	10.9510000	8.1538000	9.5682000	7.7429000	7.2610000	6.8126000	4.5195000	8.5256000	10.5600000	8.0625000	7.5284000	8.9844000	7.7924000	8.3757000	7.5718000	7.1236000	8.3969000	7.7690000	9.9262000	5.5412000	7.1387000	7.4027000	8.5456000	8.2017000	7.9441000	7.7043000	8.4825000	8.6792000	7.9206000	8.8458000	8.1989000	8.3081000	6.8712000	7.9131000	8.2688000	8.3906000	8.8227000	8.2799000	7.6172000	10.3540000	7.5043000	10.7790000	8.3630000	8.2949000	8.4261000	8.8589000	7.4913000	7.3278000	8.9681000	8.4894000	10.9400000	8.0477000	8.3803000
