tsr	ymgA	udp	deoC	fliZ	agaD	astC	fliC	rihC	nupG	ybaT	fliD	entB	yjdA	bioC	tap	modB	aceB	motA	aidB	fadA	ycgR	sdhD	cheZ	betI	fliS	nac	bcsE	ymgC	ves	cstA	yaeB	yjjI	fhuF	flxA	cheW	cheB	flgK	flgC	cheR	argB	bcsF	yjjZ	cadA	flgM	modC	dmsA	fecI	tyrA	ycgZ	yjcZ	tar	yjdI	astB	feaR	flgN	flgL	ompW	fadB	bioB	motB	mglB	glnK	isrA	yhjH	ogt	cheY	trg	ymdA	fliA	astA	betA	artI	cheA	ygeA
10.4770000	9.4769000	11.2190000	12.3280000	11.0700000	7.2005000	8.5273000	12.5750000	8.4252000	7.2432000	7.5963000	9.7158000	8.1929000	8.9443000	7.9272000	9.1492000	7.9278000	9.5886000	10.2610000	8.0779000	8.4294000	8.1079000	12.0670000	7.9724000	9.4908000	9.5724000	7.2373000	9.2883000	4.9673000	9.2617000	9.1924000	8.7282000	7.8144000	8.1582000	11.7490000	10.1050000	8.5898000	9.7814000	11.5270000	7.9377000	8.9838000	8.6049000	6.9276000	8.3761000	11.4800000	8.2179000	7.9051000	8.1334000	7.9666000	8.7521000	8.9030000	9.6623000	8.7901000	7.9929000	6.3416000	11.3700000	9.8502000	7.2995000	8.4684000	8.3280000	10.6950000	11.2430000	7.9541000	8.7245000	11.6310000	8.0540000	9.3126000	9.1822000	8.4425000	11.7090000	8.6017000	9.1088000	8.6726000	11.0780000	7.7701000
9.0172000	8.8938000	10.2790000	9.1595000	6.7191000	6.9369000	8.6193000	8.6015000	8.4820000	7.8040000	8.5578000	6.7038000	8.1507000	8.0088000	7.5221000	8.4897000	8.7624000	12.0930000	7.3247000	8.2317000	8.2395000	6.4972000	9.7195000	7.8632000	10.2510000	7.8779000	8.1249000	8.6853000	4.9569000	8.4981000	10.1440000	8.5148000	7.1735000	9.0882000	8.2705000	8.0877000	7.6824000	6.9898000	8.0501000	7.6301000	10.7120000	7.8949000	6.4429000	7.6867000	8.6880000	8.2289000	7.9041000	8.0879000	9.3091000	8.3642000	8.3083000	8.4812000	8.9373000	8.2571000	6.6586000	8.2344000	8.1497000	7.2185000	8.1919000	8.2736000	7.1738000	10.2440000	8.4957000	6.9806000	8.5458000	6.9730000	8.5771000	8.5783000	7.6345000	7.1940000	8.4208000	9.8781000	9.5219000	8.0532000	7.9266000
