betA	carB	fadJ	flgK	dadA	tyrA	dctA	ymgA	artQ	ycgR	cheA	trg	ryhB	ycgZ	ves	fecI	tar	hyaD	yjdA	yhjH	ompW	ansB	hyaE	yqeF	hyaF	motB	mglB	ymgC	modC	fliC	yjcH	fadB	flgM	appC	yebK	dadX	flxA	feaR	appB	flgN	actP	flgL	yjjI	fliD	pyrB	pykF	tsr	fliT	cycA	artI	aceF	cheB	pncA	fliZ	cstA	modA	hyaC	fhuF	entB	modB	cheZ	fliA	betT	betI	aceK	bcsE	cheR	yjcZ	tap	hyaB	cheY	bioD	glnK	aceB	pyrI	motA	bcsF	fadA	cheW
9.2111000	12.9960000	9.4859000	11.7810000	11.3980000	7.9885000	9.9910000	8.4951000	8.7831000	11.5700000	12.9390000	11.0280000	8.6259000	7.7385000	10.9390000	8.2270000	12.8820000	8.4508000	10.7190000	12.4630000	10.0790000	10.0030000	8.0537000	8.9755000	7.7073000	10.7570000	12.7840000	4.3598000	9.1259000	13.8090000	8.4045000	10.3350000	12.9290000	8.6822000	9.6593000	10.1060000	11.8650000	7.2750000	8.0646000	12.3470000	8.4749000	12.1610000	8.2940000	12.1410000	13.7070000	9.8592000	10.9150000	10.9720000	8.4199000	10.0080000	10.9300000	10.8120000	8.6143000	11.3970000	10.8370000	9.7865000	7.8670000	8.2571000	8.4474000	9.3808000	11.0570000	11.9540000	9.0005000	9.3560000	8.6034000	8.2544000	9.7307000	11.1310000	11.3210000	8.7607000	11.9580000	7.7981000	9.3271000	12.6510000	13.2120000	10.6710000	7.0196000	9.5456000	12.8140000
9.2166000	8.7842000	9.2464000	8.7784000	8.6214000	8.3232000	9.0726000	9.5752000	7.8177000	7.7652000	10.5680000	9.5079000	8.5330000	8.2115000	8.9790000	7.9815000	9.5219000	8.4845000	8.5432000	10.2610000	7.4455000	8.0099000	8.0459000	7.9531000	7.8351000	9.9807000	12.9380000	4.8832000	8.4733000	12.1620000	7.3458000	8.9042000	10.3800000	9.6798000	8.4557000	8.9889000	10.9990000	6.6499000	8.6739000	10.1800000	7.5930000	9.6701000	8.2300000	8.4605000	8.4478000	8.9306000	10.3240000	9.3256000	8.0387000	8.5839000	8.6906000	8.1887000	8.0165000	9.7898000	9.3904000	8.8763000	7.6689000	8.3666000	7.9735000	7.9504000	8.1481000	10.5310000	8.9846000	9.6726000	8.2625000	8.5335000	8.1256000	8.6703000	9.4684000	8.9125000	9.3942000	8.1853000	8.0676000	9.3600000	7.6903000	9.6515000	8.0964000	8.7649000	9.8443000
