betA	carB	fadJ	flgK	dadA	tyrA	dctA	ymgA	artQ	ycgR	cheA	trg	ryhB	ycgZ	ves	fecI	tar	hyaD	yjdA	yhjH	ompW	ansB	hyaE	yqeF	hyaF	motB	mglB	ymgC	modC	fliC	yjcH	fadB	flgM	appC	yebK	dadX	flxA	feaR	appB	flgN	actP	flgL	yjjI	fliD	pyrB	pykF	tsr	fliT	cycA	artI	aceF	cheB	pncA	fliZ	cstA	modA	hyaC	fhuF	entB	modB	cheZ	fliA	betT	betI	aceK	bcsE	cheR	yjcZ	tap	hyaB	cheY	bioD	glnK	aceB	pyrI	motA	bcsF	fadA	cheW
9.4938667	9.0085333	8.9147667	7.2617333	10.5006667	8.1757000	8.1089000	10.6186667	9.1685000	7.2746000	8.1538667	9.1014667	8.5985667	8.9311667	8.4663333	8.6356000	9.4159333	8.0387667	7.3215000	8.5315000	7.9474667	7.9003000	7.8277667	7.8093000	7.5257333	7.8688000	8.6469667	5.4114667	8.3949000	8.8854000	7.4157000	7.9135333	8.1345333	9.8968000	8.3053667	9.1050667	8.0209000	6.6905000	8.4464333	8.6874333	7.7132333	8.5981333	7.7588000	7.8507000	8.9337667	10.7066667	8.8944333	9.1446333	9.1381000	10.9356667	11.0513333	7.4873000	8.1726333	7.4596333	9.1262333	7.8947333	7.8126667	9.2437667	8.7483667	8.0904667	8.8292000	8.0076000	9.3442333	10.6096667	8.5940333	8.1114333	8.3697000	8.2167333	8.2640333	8.7138000	8.0860333	8.6823000	13.0733333	12.9743333	8.0660667	7.6502333	6.6261333	7.8249333	8.5324000
9.3767000	8.6967333	9.5121000	7.4577667	11.1426667	8.3099333	11.0370000	8.9910333	8.9756000	6.9093333	8.1791667	8.7392333	7.8949000	8.9736667	8.5668333	9.0731000	8.7939000	8.0553667	7.3458000	7.9264667	8.2547333	7.8538333	7.8172333	9.1648000	7.6702000	7.5696000	12.5870000	4.8568000	8.4075000	8.1332667	7.8110333	8.5338000	8.6970667	8.6467333	10.2174333	9.9553000	7.6970333	7.0421333	7.8153000	8.4878000	7.6293333	8.2575667	7.7949000	7.2526333	9.0491333	10.6226667	9.0730333	8.3538000	9.1164333	9.9400333	12.3056667	7.7669667	9.5565667	7.6471000	10.4465000	8.9693333	7.7544667	9.6230333	8.9267000	8.5423667	7.6588333	8.6230333	8.8847000	9.6015667	8.2627333	9.1294667	7.7572000	8.1785333	8.8543333	8.4880333	8.6246000	7.9635667	7.7581667	10.3918667	8.0896000	7.2067333	8.1878667	8.4265667	8.3326333
