betA	carB	fadJ	flgK	dadA	tyrA	dctA	ymgA	artQ	ycgR	cheA	trg	ryhB	ycgZ	ves	fecI	tar	hyaD	yjdA	yhjH	ompW	ansB	hyaE	yqeF	hyaF	motB	mglB	ymgC	modC	fliC	yjcH	fadB	flgM	appC	yebK	dadX	flxA	feaR	appB	flgN	actP	flgL	yjjI	fliD	pyrB	pykF	tsr	fliT	cycA	artI	aceF	cheB	pncA	fliZ	cstA	modA	hyaC	fhuF	entB	modB	cheZ	fliA	betT	betI	aceK	bcsE	cheR	yjcZ	tap	hyaB	cheY	bioD	glnK	aceB	pyrI	motA	bcsF	fadA	cheW
9.4135000	9.2979000	8.5605000	10.1860000	8.8805000	8.1734000	9.1332000	8.0263000	9.3203000	8.8528000	11.7360000	9.0484000	8.4191000	7.8100000	9.3557000	9.3373000	10.9760000	8.0897000	8.7881000	11.0810000	7.3330000	8.0294000	7.9337000	8.2293000	7.6991000	10.2560000	8.7176000	4.5557000	8.9202000	12.7520000	6.7631000	8.2651000	11.4570000	8.6709000	9.1726000	8.7321000	10.8380000	6.6464000	7.7963000	11.3320000	7.3673000	10.4880000	7.7493000	11.1380000	9.1377000	10.8180000	11.7300000	10.5710000	8.5300000	10.0920000	12.2560000	10.5900000	9.5862000	9.6797000	9.0431000	9.2643000	7.7214000	9.5879000	8.8750000	9.1313000	10.4170000	10.8010000	9.2245000	9.6102000	8.2883000	8.6037000	9.5798000	8.9536000	10.3160000	8.5830000	11.4090000	8.0072000	7.9352000	9.0448000	8.5558000	10.1760000	7.7684000	8.2320000	11.2640000
8.5640000	10.6240000	10.1980000	6.6133000	9.5107000	8.3403000	9.4389000	7.7578000	9.2488000	6.7760000	7.7965000	8.3261000	9.5060000	7.3923000	8.1158000	9.6888000	8.2242000	7.5414000	7.3451000	8.5247000	7.5315000	7.4162000	7.3322000	8.4419000	7.2935000	6.6705000	10.6590000	4.3465000	8.0430000	8.4311000	9.6742000	8.4687000	8.2547000	9.0340000	9.8507000	8.6862000	7.9199000	6.7727000	7.6196000	8.3722000	10.1450000	7.8933000	7.2990000	7.3164000	12.4790000	10.1850000	8.7984000	8.6919000	9.8758000	9.8879000	10.7890000	7.3873000	9.1164000	6.9362000	12.0810000	8.3613000	7.2958000	10.6050000	9.7990000	8.9673000	8.1079000	6.9296000	8.6210000	8.1144000	9.7160000	9.0386000	7.8142000	8.2970000	8.3498000	8.0414000	8.4029000	8.5531000	7.6400000	12.8180000	11.4430000	7.4871000	8.2375000	8.7766000	8.1825000
