betA	carB	fadJ	flgK	dadA	tyrA	dctA	ymgA	artQ	ycgR	cheA	trg	ryhB	ycgZ	ves	fecI	tar	hyaD	yjdA	yhjH	ompW	ansB	hyaE	yqeF	hyaF	motB	mglB	ymgC	modC	fliC	yjcH	fadB	flgM	appC	yebK	dadX	flxA	feaR	appB	flgN	actP	flgL	yjjI	fliD	pyrB	pykF	tsr	fliT	cycA	artI	aceF	cheB	pncA	fliZ	cstA	modA	hyaC	fhuF	entB	modB	cheZ	fliA	betT	betI	aceK	bcsE	cheR	yjcZ	tap	hyaB	cheY	bioD	glnK	aceB	pyrI	motA	bcsF	fadA	cheW
8.6088500	8.4885000	9.4494000	11.8680000	10.4185000	7.7819500	9.3377000	8.1742000	8.7023000	10.7570000	11.9725000	10.4310000	7.7392000	7.9533000	10.0680000	7.8063000	13.1680000	12.3125000	11.2495000	12.2925000	9.8256000	11.9370000	11.0410000	7.9664500	11.0855000	10.9090000	9.1489000	4.5290000	9.4270000	13.7475000	6.5248000	8.0849000	12.7350000	11.0335000	8.7944000	9.5026500	10.2368500	6.6417500	9.7575500	12.6765000	7.0687000	11.0990000	9.6018000	11.9145000	8.4983000	10.6335000	9.8696500	10.5560000	8.4173000	9.7505500	11.3330000	10.9960000	8.0326000	10.8285000	10.5820000	10.5070000	12.6260000	7.7990500	8.2813000	10.2565000	11.5590000	12.1325000	9.0923500	8.8293500	8.1845000	8.1014500	10.6105000	10.4320000	11.4115000	12.3985000	11.3625000	7.7312000	7.7495000	12.4760000	7.8771500	11.3230000	7.3034000	7.9286500	11.4790000
9.2922667	8.8025333	10.5419333	10.6863333	12.0893333	8.0628667	10.6206667	9.4169667	9.8386000	10.0810000	11.8896667	10.9830000	8.9098667	9.0498667	9.6434000	8.6937333	12.4083333	8.0881000	10.7226667	11.1936667	9.4953667	7.8470667	7.9477333	9.4843000	7.6724333	10.9693333	13.6080000	5.0389000	9.1748333	13.5883333	6.6285333	9.9984000	11.9930000	8.5640333	9.5557333	10.9430000	11.0893333	8.4665000	7.9811000	11.8703333	7.2397000	11.3810000	7.5804000	10.7990000	8.5219000	10.6930000	10.5763333	10.1047333	10.2652000	10.6777333	10.1231000	10.1293333	8.6381000	9.9601667	11.8460000	9.5994333	7.7481333	9.5127333	8.5939000	9.8157000	11.3660000	11.0030000	9.0110000	9.3188333	8.0193667	8.6253667	10.2179333	10.0786000	11.1913333	8.4945333	11.3000000	10.4314333	7.6113667	9.7418667	7.8802333	11.1166667	7.3623667	9.6195000	12.2350000
