betA	carB	fadJ	flgK	dadA	tyrA	dctA	ymgA	artQ	ycgR	cheA	trg	ryhB	ycgZ	ves	fecI	tar	hyaD	yjdA	yhjH	ompW	ansB	hyaE	yqeF	hyaF	motB	mglB	ymgC	modC	fliC	yjcH	fadB	flgM	appC	yebK	dadX	flxA	feaR	appB	flgN	actP	flgL	yjjI	fliD	pyrB	pykF	tsr	fliT	cycA	artI	aceF	cheB	pncA	fliZ	cstA	modA	hyaC	fhuF	entB	modB	cheZ	fliA	betT	betI	aceK	bcsE	cheR	yjcZ	tap	hyaB	cheY	bioD	glnK	aceB	pyrI	motA	bcsF	fadA	cheW
8.9031000	8.7425000	9.6117500	8.0039500	11.8435000	7.9534500	9.1476000	12.2660000	9.1408000	7.0696000	8.2569000	9.0596000	9.4109000	12.3880000	8.5962500	9.9259500	8.8519000	8.5070500	7.2748500	7.9291500	8.5155000	7.7187500	8.1929000	8.1178500	7.8242500	7.7392000	9.8897500	8.1011000	8.2782500	9.1253500	9.2962500	9.2254500	8.5687500	10.0800000	8.9406500	10.2135000	8.1876500	6.9207000	8.7031500	8.1286500	8.6738000	8.3707500	7.4651500	6.8240000	9.4780500	10.9355000	9.2425000	8.5513500	9.3596500	10.4430000	10.6875000	7.7432000	8.4918000	7.3254500	10.6230000	8.3639500	8.5295500	10.4445000	10.0383000	7.8990000	8.0867500	7.8220000	9.4889500	9.8032000	9.5663000	8.3285000	7.6035500	8.1771500	8.5257500	8.7253500	8.6839500	7.6330000	7.6751000	13.8665000	8.5813500	7.5133500	7.4901000	8.7554000	8.3935000
8.9229000	8.4055000	10.2480000	7.1052000	11.2610000	7.5706000	10.0180000	9.1716000	8.0825000	7.2874000	8.5636000	9.4558000	10.6120000	9.1080000	9.0978000	9.0945000	9.4178000	8.1267000	8.0115000	8.7341000	8.4848000	7.3370000	7.8680000	7.9685000	7.5996000	7.4682000	9.3223000	5.4306000	7.8605000	9.0372000	8.4106000	9.2651000	8.2568000	9.1820000	8.6212000	9.1496000	8.2552000	7.1358000	7.4632000	8.8014000	8.5812000	8.3872000	7.2707000	7.3308000	8.7379000	10.9660000	9.3590000	9.2824000	9.1039000	9.4834000	9.0664000	8.0903000	8.3003000	7.4558000	10.3140000	7.6278000	7.9830000	9.4896000	8.3402000	8.4501000	8.4769000	7.8521000	9.4983000	8.0847000	8.2988000	8.0876000	7.7265000	8.6454000	8.4777000	8.7535000	8.3403000	8.3076000	6.5902000	8.9297000	8.3143000	7.7086000	7.4879000	8.5555000	8.6937000
