flxA	fliZ	ycgZ	fadA	yjjI	aceB	yjjZ	modA	hyaB	araA	glnK	cheZ	cheY	ymgA	tsr	fliD	dadA	appC	fadB	nudB	cheR	fadJ	fliA	yjcZ	bioC	artM	nupG	hyaD	udp	hyaE	yghZ	flgK	deoC	bcsF	fliC	fhuF	trg	ompW	fliS	cstA	cheA	ycgR	hcaR	cadB	yedL	cheW	araB	ygeA	artI	fliT	ysaA	gadA	yhjH	ves	cheB	bioB	hyaC	tyrA	yjdA	pykF	hyaF	modC	ilvI	tar	araD	flgL	motB	flgM	ksgA	ryhB	motA	ymgC	dmsA	aceK	flgN	tap	entB	appB
8.2630500	8.3757000	8.7284500	8.0242500	7.5954000	10.2900000	7.0261000	8.7887000	8.3236500	7.8088000	7.7932000	8.3034000	9.1231500	8.7050000	9.3119000	8.0414500	8.9387500	8.2827500	8.0427000	10.9795000	7.7134000	8.6086500	10.0306500	8.1420500	7.8666000	8.6922000	7.7371000	7.8426000	10.0209000	7.7083500	8.0405000	8.2815000	9.8527500	7.6265000	9.9652000	9.6000000	8.5144000	7.5201500	8.5763500	9.2508000	9.2787500	7.2880000	7.6226500	6.8655000	7.0602500	9.1200000	7.9133500	7.7690000	10.1080000	8.5417500	7.4415500	6.0808500	8.6905500	8.3391500	8.3826000	8.5419500	7.5426500	8.1673000	7.5844000	10.7530000	7.4176500	8.2484000	7.6253500	9.0309500	8.7094500	8.9785500	7.9941000	10.1850000	10.0872000	8.2635000	7.8903500	4.4972000	8.0863000	7.9829500	10.2585000	8.6532000	8.6245000	7.5596500
7.8358000	6.1501000	8.9728000	8.1543000	7.1789000	8.9146000	7.4618000	8.8831000	8.2596000	7.7732000	7.6755000	8.0871000	8.5394000	9.0269000	9.0315000	6.5802000	10.9250000	8.5151000	8.2281000	9.9904000	7.7663000	8.7324000	7.0206000	7.9362000	8.2443000	8.6549000	7.4919000	7.9548000	10.0260000	7.6666000	8.8181000	7.0266000	8.8175000	6.1513000	9.2382000	9.8735000	9.0173000	8.4183000	7.9153000	10.4480000	7.6849000	6.9051000	9.0706000	6.9095000	7.3238000	8.1500000	7.9183000	8.6882000	10.9030000	8.1520000	7.3220000	5.6992000	7.8723000	8.5516000	7.6329000	9.4491000	7.4907000	9.9563000	6.8748000	8.6791000	7.3421000	8.1606000	7.4659000	8.5273000	8.6250000	8.1020000	6.7724000	8.7372000	8.9705000	10.0910000	6.9093000	4.8334000	7.7757000	7.8367000	8.3718000	8.5750000	9.1249000	7.6841000
