flxA	fliZ	ycgZ	fadA	yjjI	aceB	yjjZ	modA	hyaB	araA	glnK	cheZ	cheY	ymgA	tsr	fliD	dadA	appC	fadB	nudB	cheR	fadJ	fliA	yjcZ	bioC	artM	nupG	hyaD	udp	hyaE	yghZ	flgK	deoC	bcsF	fliC	fhuF	trg	ompW	fliS	cstA	cheA	ycgR	hcaR	cadB	yedL	cheW	araB	ygeA	artI	fliT	ysaA	gadA	yhjH	ves	cheB	bioB	hyaC	tyrA	yjdA	pykF	hyaF	modC	ilvI	tar	araD	flgL	motB	flgM	ksgA	ryhB	motA	ymgC	dmsA	aceK	flgN	tap	entB	appB
8.0209000	7.4596333	8.9311667	7.8249333	7.7588000	12.9743333	6.8239667	7.8947333	8.7138000	9.2259667	13.0733333	8.8292000	8.0860333	10.6186667	8.8944333	7.8507000	10.5006667	9.8968000	7.9135333	9.4945333	8.3697000	8.9147667	8.0076000	8.2167333	8.0172667	8.7747333	7.2129333	8.0387667	8.9515667	7.8277667	8.3119000	7.2617333	8.8719333	6.6261333	8.8854000	9.2437667	9.1014667	7.9474667	7.8161000	9.1262333	8.1538667	7.2746000	8.2140667	7.3943667	10.4626667	8.5324000	8.7669667	7.8342333	10.9356667	9.1446333	7.8173333	13.5133333	8.5315000	8.4663333	7.4873000	10.9623333	7.8126667	8.1757000	7.3215000	10.7066667	7.5257333	8.3949000	7.5926333	9.4159333	9.6756333	8.5981333	7.8688000	8.1345333	9.7062000	8.5985667	7.6502333	5.4114667	8.0520333	8.5940333	8.6874333	8.2640333	8.7483667	8.4464333
7.3393000	6.5293500	6.9891500	8.3784500	7.7234000	9.1921500	7.6767000	7.9733000	8.3564000	13.5080000	7.7624000	7.7921500	8.1370500	7.2827500	9.1536000	6.8066500	8.1553500	8.0171500	8.4481500	10.0135000	7.3626500	9.3016500	7.0473500	8.6356000	7.1057000	7.6650000	8.2907500	8.3673000	11.4205000	7.5860000	9.4205000	6.6174500	10.3395500	8.6325500	7.7034500	8.7479500	8.2815500	6.7474500	7.3148000	8.6793000	8.0732500	6.0151500	7.3675000	8.3360000	7.0798000	7.7337500	13.5640000	10.6935000	9.1790500	8.2206000	8.4181000	8.8565000	8.8404000	7.9244000	7.3319000	7.8874000	7.9628000	7.8348500	8.0164000	10.7195000	7.4782500	7.3619500	7.1714000	8.1260500	12.8470000	7.7354500	6.9224500	7.3999500	9.1199000	8.2853500	7.0507500	4.2001000	8.2283000	8.8637500	7.5309500	7.9985500	8.0430500	6.7867500
