flxA	fliZ	ycgZ	fadA	yjjI	aceB	yjjZ	modA	hyaB	araA	glnK	cheZ	cheY	ymgA	tsr	fliD	dadA	appC	fadB	nudB	cheR	fadJ	fliA	yjcZ	bioC	artM	nupG	hyaD	udp	hyaE	yghZ	flgK	deoC	bcsF	fliC	fhuF	trg	ompW	fliS	cstA	cheA	ycgR	hcaR	cadB	yedL	cheW	araB	ygeA	artI	fliT	ysaA	gadA	yhjH	ves	cheB	bioB	hyaC	tyrA	yjdA	pykF	hyaF	modC	ilvI	tar	araD	flgL	motB	flgM	ksgA	ryhB	motA	ymgC	dmsA	aceK	flgN	tap	entB	appB
7.6797667	7.0709333	8.1830000	8.1044000	7.4530333	13.0713333	12.0706667	8.5421333	8.1111667	7.7215333	8.0464667	8.0117667	8.7025333	8.5153667	8.6452667	6.9603333	8.9764333	8.9057333	8.3093667	10.5326667	7.8922667	9.1823333	7.5110000	7.7654667	9.6703333	8.4127000	7.1634667	7.7696333	9.9547333	7.4401000	8.5386333	7.0763667	9.4632667	8.3584333	8.4014333	11.4800000	8.4081000	7.3439000	7.9284333	10.0863333	7.9173000	6.5877667	8.0438333	6.8758667	7.8090333	8.3130333	7.8542333	8.3048333	10.5393333	8.1880000	7.5125667	10.9896667	8.0311000	8.3172333	7.5783333	11.2396667	7.3751000	11.2153333	7.1979000	10.7820000	7.1864000	8.2479333	10.9190000	8.6923333	8.5610667	8.1239667	7.4516000	8.5481667	10.2296667	11.2880000	7.1549333	4.8686000	7.5764667	9.3299667	8.3525667	8.4579667	12.5073333	8.0658000
8.4948000	7.5351000	7.8923667	8.3566000	8.0762667	13.4660000	6.7339667	8.0270000	9.1321667	9.3602333	13.2336667	9.1670000	8.1503333	7.9874000	9.0719667	8.2058667	9.6722333	9.0953000	8.3680667	8.7204667	8.5971667	9.1038333	8.2899333	8.6944000	7.6650000	8.1076000	7.7612667	8.6814333	8.6664333	8.2910333	8.8670333	7.1902333	8.0146000	6.7513333	8.8207667	8.1577667	8.7197333	7.9532667	7.9333333	9.0897667	8.0117667	7.0634667	8.2635333	7.7226667	9.4836333	8.7718333	8.8943000	8.0612333	10.0149667	9.3053000	8.3989667	10.5330000	8.6714667	8.4341667	7.6373000	9.5437000	8.2218000	8.1223667	7.8547000	8.7688000	7.9079333	8.4929000	7.7160667	9.8575000	9.8350333	8.7357333	7.8916000	7.9105667	8.5754667	6.9271667	7.8064333	4.7711000	8.0727000	8.9416000	8.5489333	8.5175667	8.9606000	7.9358667
