flxA	fliZ	ycgZ	fadA	yjjI	aceB	yjjZ	modA	hyaB	araA	glnK	cheZ	cheY	ymgA	tsr	fliD	dadA	appC	fadB	nudB	cheR	fadJ	fliA	yjcZ	bioC	artM	nupG	hyaD	udp	hyaE	yghZ	flgK	deoC	bcsF	fliC	fhuF	trg	ompW	fliS	cstA	cheA	ycgR	hcaR	cadB	yedL	cheW	araB	ygeA	artI	fliT	ysaA	gadA	yhjH	ves	cheB	bioB	hyaC	tyrA	yjdA	pykF	hyaF	modC	ilvI	tar	araD	flgL	motB	flgM	ksgA	ryhB	motA	ymgC	dmsA	aceK	flgN	tap	entB	appB
7.8267000	6.9872000	11.2620000	8.2432000	8.4405000	14.0125000	6.5723500	8.5180000	11.5305000	8.5986500	7.4477500	7.8264000	8.7340000	11.3150000	9.2387000	6.8120500	11.7150000	10.7690000	8.3705500	10.6960000	7.7136500	9.5857500	7.4338500	8.1130500	7.6297500	8.9378000	7.2469000	11.5205000	10.2965000	10.5045000	9.4682500	7.8655500	9.8567000	7.0944500	8.9329000	8.4170000	9.1360500	12.6085000	7.7746000	11.0770000	8.2160500	7.2683500	9.2859500	7.1875000	7.5808000	8.3629500	8.7301000	8.3569000	10.5595000	8.5256000	7.5712500	13.9985000	8.0860000	8.6393000	7.5968500	8.1158500	11.7035000	7.8477000	7.2229000	10.9675000	9.9351500	8.2358000	7.7053500	8.8547500	8.9212500	8.2774500	7.7840000	8.4637500	11.0270000	8.0802500	7.4249000	7.0808500	9.1708500	10.0902500	7.9961000	8.5768500	8.4899500	9.6340500
11.2180000	10.4700000	7.6191000	9.3837000	7.7803000	12.2370000	6.6748000	9.1994000	8.2647000	8.3283000	7.9182000	10.5410000	11.6650000	8.0266000	10.6010000	11.0150000	11.9700000	8.3777000	10.3250000	9.8340000	9.8667000	10.4030000	11.7140000	8.9338000	7.9320000	8.3818000	7.9397000	8.0505000	10.2160000	7.6282000	9.2670000	10.4860000	9.9442000	7.4054000	13.1090000	9.1839000	9.9117000	8.2369000	10.4730000	10.6340000	12.0850000	9.6416000	9.0883000	7.5942000	7.5808000	11.0930000	8.0922000	8.1753000	9.5335000	10.1730000	7.2973000	6.7652000	10.7260000	9.4426000	10.8370000	8.3944000	7.3908000	8.0622000	9.3384000	9.4634000	7.3242000	8.3730000	7.2831000	12.0290000	9.2322000	10.4300000	10.4760000	11.6110000	9.8384000	7.9886000	10.4190000	4.0566000	8.2657000	9.0342000	11.5070000	11.0700000	7.9564000	7.4517000
