flxA	fliZ	ycgZ	fadA	yjjI	aceB	yjjZ	modA	hyaB	araA	glnK	cheZ	cheY	ymgA	tsr	fliD	dadA	appC	fadB	nudB	cheR	fadJ	fliA	yjcZ	bioC	artM	nupG	hyaD	udp	hyaE	yghZ	flgK	deoC	bcsF	fliC	fhuF	trg	ompW	fliS	cstA	cheA	ycgR	hcaR	cadB	yedL	cheW	araB	ygeA	artI	fliT	ysaA	gadA	yhjH	ves	cheB	bioB	hyaC	tyrA	yjdA	pykF	hyaF	modC	ilvI	tar	araD	flgL	motB	flgM	ksgA	ryhB	motA	ymgC	dmsA	aceK	flgN	tap	entB	appB
11.3220000	7.3859000	10.1030000	8.2356000	6.6881000	9.3179000	6.6818000	9.3584000	7.7183000	7.5535000	7.1066000	8.0887000	8.1864000	10.4850000	10.4240000	7.0759000	9.5282000	8.3616000	7.9176000	10.8040000	7.6899000	8.9784000	8.7192000	8.3222000	6.8885000	7.4568000	6.7449000	7.5200000	8.0529000	7.1200000	8.2151000	8.3700000	8.7037000	7.4083000	11.2640000	8.2415000	9.1494000	7.0567000	7.1289000	10.0870000	10.0340000	8.6217000	7.5518000	6.9738000	6.8236000	9.0867000	7.2109000	7.9640000	8.4326000	7.7286000	7.8057000	5.7762000	10.6670000	8.8847000	7.4737000	7.3837000	7.1517000	9.4736000	9.8428000	8.5955000	6.9217000	8.6095000	6.9781000	8.8054000	8.2015000	8.9631000	10.1360000	9.5027000	7.8751000	6.8445000	11.0290000	6.4098000	7.6595000	7.4447000	9.5206000	8.5875000	8.0221000	7.5399000
7.6779333	7.0461667	8.3044333	8.5109333	7.7113333	10.1583000	6.6676667	8.9604333	8.5295000	8.0069667	7.7959000	7.7945000	8.9085667	8.3343333	9.1246667	7.2018333	10.6570000	8.7525333	8.6124000	11.1503333	7.8712333	9.6455000	8.1563000	8.2698667	7.9267333	8.4186667	8.3392000	8.1768667	9.5918000	7.9454333	9.2437333	7.4491000	9.2572000	7.5590667	8.3481333	8.9061333	8.9413667	8.4093000	7.9542667	10.2089667	8.2921000	6.9120667	8.6126000	7.2303667	7.4741000	8.4006000	8.1740333	8.1185667	9.7477000	8.5344667	7.6543333	5.9407000	7.9865000	8.7360333	7.9411000	8.5188333	7.7998000	8.2908333	7.3796333	10.6583333	7.6756333	8.3871000	7.8254333	8.8061333	8.7077000	8.2006333	7.6494667	8.4576000	9.8883333	7.7500333	7.2446333	4.5089333	8.0957000	8.1963667	8.0947667	8.9561333	8.7591667	7.8932333
