aceK	trg	artQ	isrC	astA	dctA	ycgZ	yedL	bcsE	fhuF	flgM	apaH	dmsA	cheZ	ymgC	yjcZ	fliC	bioB	pykF	tyrA	cheB	tar	flgK	cheW	yjdA	hcaR	ryhB	cheR	astB	yrdB	tsr	deoC	betI	cheY	dadX	fliA	aceF	astE	modC	fliD	udp	fliZ	cheA	aceB	ompW	motA	cadA	flgL	glnK	yhjH	fadA	ycgR	nudB	yjjI	betA	artI	motB	fecI	ksgA	bioD	fliT	cycA	fliS	feaR	tap	flxA	ves	rimN	nupG	flgD	fadB	ymgA	pncA	cstA	astD	flgN
8.7197000	8.3630000	8.4942000	3.5625500	7.8836500	8.6986500	7.5526000	6.9894500	9.3089000	8.1984500	7.7519500	7.7500000	8.1669000	7.7769000	4.5536000	8.4731000	7.7777500	7.9874000	11.1645000	7.6718000	7.4032000	8.0277000	6.5341000	7.7230000	7.9509500	7.5409500	8.0851500	7.3767000	7.8258500	9.5261500	9.0438500	10.4495000	8.0375000	8.0661500	7.8587500	7.0563500	12.5675000	5.9074500	7.6806000	7.0294500	11.7735000	6.7859000	8.0810000	8.8441500	7.4994000	7.0252500	9.7643000	7.8644500	7.9094500	8.7132500	8.1497000	6.5101500	10.2905000	7.4841000	8.5362500	9.1414000	6.8184500	8.6298000	9.3673500	7.4957500	8.3129000	8.4884000	7.4915500	6.8904500	7.9713000	7.5178000	7.9626500	9.7709500	8.4408000	7.4995500	8.3432500	7.8275000	8.4558500	9.1894000	7.0815500	7.8860500
9.3992000	8.3195000	9.8969000	3.6170000	9.9792000	10.4420000	10.5880000	7.5728000	9.8313000	10.9040000	8.3744000	8.9101000	7.6153000	7.8801000	7.1505000	7.8948000	8.9179000	10.6590000	11.3300000	7.9372000	7.3778000	8.1765000	6.8744000	7.9061000	7.1891000	9.4147000	9.9208000	7.6311000	9.6651000	9.1768000	8.5128000	9.3867000	8.2442000	8.3654000	8.8378000	6.5953000	10.3950000	7.6846000	8.1508000	6.9812000	10.3990000	6.8050000	7.7908000	12.7720000	7.5004000	7.1271000	7.1232000	8.1498000	7.3185000	8.0090000	9.7205000	6.5621000	9.7150000	6.9313000	8.4666000	10.6210000	6.7170000	10.0690000	10.1040000	9.0435000	8.3283000	10.0190000	7.6867000	7.6072000	8.2132000	8.2053000	8.0496000	9.9580000	7.9185000	8.0064000	9.9843000	10.7310000	9.5376000	11.9240000	9.0362000	8.1931000
