aceK	trg	artQ	isrC	astA	dctA	ycgZ	yedL	bcsE	fhuF	flgM	apaH	dmsA	cheZ	ymgC	yjcZ	fliC	bioB	pykF	tyrA	cheB	tar	flgK	cheW	yjdA	hcaR	ryhB	cheR	astB	yrdB	tsr	deoC	betI	cheY	dadX	fliA	aceF	astE	modC	fliD	udp	fliZ	cheA	aceB	ompW	motA	cadA	flgL	glnK	yhjH	fadA	ycgR	nudB	yjjI	betA	artI	motB	fecI	ksgA	bioD	fliT	cycA	fliS	feaR	tap	flxA	ves	rimN	nupG	flgD	fadB	ymgA	pncA	cstA	astD	flgN
8.1963667	8.9413667	8.9732333	3.6809000	8.6860000	11.6100000	8.3044333	7.4741000	8.6303333	8.9061333	8.4576000	8.1276333	8.0957000	7.7945000	4.5089333	8.2698667	8.3481333	8.5188333	10.6583333	8.2908333	7.9411000	8.8061333	7.4491000	8.4006000	7.3796333	8.6126000	7.7500333	7.8712333	8.3438000	8.7035667	9.1246667	9.2572000	8.9624667	8.9085667	9.7622333	8.1563000	11.3096667	6.9948667	8.3871000	7.2018333	9.5918000	7.0461667	8.2921000	10.1583000	8.4093000	7.2446333	7.4868667	8.2006333	7.7959000	7.9865000	8.5109333	6.9120667	11.1503333	7.7113333	8.8599333	9.7477000	7.6494667	8.7939667	9.8883333	8.0393667	8.5344667	8.4581667	7.9542667	7.0805667	8.9561333	7.6779333	8.7360333	9.5263000	8.3392000	9.4048000	8.6124000	8.3343333	9.9381000	10.2089667	7.8668000	8.0947667
8.5940333	9.1014667	9.1685000	3.5387667	10.9466667	8.1089000	8.9311667	10.4626667	8.1114333	9.2437667	8.1345333	8.2996000	8.0520333	8.8292000	5.4114667	8.2167333	8.8854000	10.9623333	10.7066667	8.1757000	7.4873000	9.4159333	7.2617333	8.5324000	7.3215000	8.2140667	8.5985667	8.3697000	10.1436667	8.6743000	8.8944333	8.8719333	10.6096667	8.0860333	9.1050667	8.0076000	11.0513333	7.2061000	8.3949000	7.8507000	8.9515667	7.4596333	8.1538667	12.9743333	7.9474667	7.6502333	7.8010000	8.5981333	13.0733333	8.5315000	7.8249333	7.2746000	9.4945333	7.7588000	9.4938667	10.9356667	7.8688000	8.6356000	9.7062000	8.6823000	9.1446333	9.1381000	7.8161000	6.6905000	8.2640333	8.0209000	8.4663333	8.5674667	7.2129333	8.4388000	7.9135333	10.6186667	8.1726333	9.1262333	9.5955000	8.6874333
