motA	carB	ymgA	motB	flxA	ycgR
7.0704667	10.1780000	9.0527000	7.3370000	7.5376667	6.5312000
7.8043000	8.6324000	8.7005000	7.2624000	8.5507000	7.0644000
