motA	carB	ymgA	motB	flxA	ycgR
10.7010000	8.4016000	9.8332000	10.3051333	9.6842000	9.3503667
10.6940000	10.7470000	8.6320000	10.7910000	11.4290000	10.5340000
