motA	carB	ymgA	motB	flxA	ycgR
10.7410000	8.0283000	9.1550000	9.7820000	11.1160000	8.4486000
7.3226200	9.2019600	10.6144000	7.8031000	8.3232400	7.0354200
