motA	carB	ymgA	motB	flxA	ycgR
7.1035000	8.7583000	9.0146500	7.2349000	7.2893500	6.7569500
7.1486000	8.6624000	8.7403000	7.6258000	7.9672000	6.8833000
