motA	carB	ymgA	motB	flxA	ycgR
9.5444000	8.9234000	9.6097000	9.9134000	10.8800000	7.4983000
7.3247000	11.4500000	8.8938000	7.1738000	8.2705000	6.4972000
