motA	carB	ymgA	motB	flxA	ycgR
7.0704667	10.1780000	9.0527000	7.3370000	7.5376667	6.5312000
7.8043000	8.6324000	8.7005000	7.2624000	8.5507000	7.0644000
10.7010000	8.4016000	9.8332000	10.3051333	9.6842000	9.3503667
10.6940000	10.7470000	8.6320000	10.7910000	11.4290000	10.5340000
10.7410000	8.0283000	9.1550000	9.7820000	11.1160000	8.4486000
7.3226200	9.2019600	10.6144000	7.8031000	8.3232400	7.0354200
9.5444000	8.9234000	9.6097000	9.9134000	10.8800000	7.4983000
7.3247000	11.4500000	8.8938000	7.1738000	8.2705000	6.4972000
