dmsA	cheW	tap	hyaD	pykF	flgM	cstA	yrdB	fliT	modB	fhuF	ryhB	serA	cheA	ymgC	ves	flgE	cheB	hyaC	dadA	flgC	yhjH	hcaR	cheR	yjjI	fadA	feaR	flgD	motB	fliS	fliC	tyrA	cheZ	nupG	flxA	deoC	appC	yjdA	rimN	hyaA	cheY	glnK	aceB	ymgA	yjcZ	hyaF	artP	yjdI	agaD	tsr	aceF	flgK	appB	hyaE	udp	modC	artQ	tar	bioC	fadB	trg	flgL	motA	entB	bioD	yjjZ	flgN	fliA	fliZ	yghZ	ycgR	bioB	ycgZ	ksgA	cadB	hyaB	fliD	aceK
8.0553000	8.2873000	8.7806000	9.5994000	11.1160000	8.3511000	11.5910000	8.1899000	8.1797000	8.5530000	7.8666000	8.3110000	8.8537000	8.0146000	6.8352000	8.3450000	7.2719000	7.9337000	9.3457000	12.0190000	8.4005000	7.8600000	7.9305000	7.6743000	7.5816000	9.0488000	7.0335000	8.3706000	7.4543000	7.7520000	9.0536000	7.8384000	8.0238000	7.3846000	8.0827000	9.8988000	9.9581000	7.4287000	8.7173000	10.2950000	8.7803000	7.7300000	13.4910000	10.6470000	8.0800000	8.2851000	11.7530000	11.1130000	6.5411000	9.0528000	10.3090000	7.6796000	8.9307000	8.6777000	10.5140000	8.4720000	10.4190000	8.7575000	7.8266000	9.2277000	8.9791000	8.4036000	7.3127000	8.3476000	7.7534000	6.5746000	7.8741000	7.4672000	6.8508000	10.0660000	6.9993000	8.0896000	8.5219000	10.3500000	6.8683000	9.5500000	6.7333000	9.6259000
8.6598000	11.2380000	11.1050000	8.1804000	9.2092000	11.5400000	11.5550000	8.7569000	10.3310000	8.9696000	8.5183000	7.8673000	9.0507000	11.7750000	4.1466000	9.4148000	12.0210000	10.5170000	7.4916000	11.0560000	12.1180000	11.0940000	8.2359000	9.5966000	7.9437000	9.2066000	6.9369000	12.4290000	10.1270000	10.5980000	13.2350000	7.8921000	10.7810000	8.0194000	10.7110000	9.4178000	8.5569000	9.8482000	9.7508000	7.8834000	11.6780000	7.1538000	12.0540000	8.0321000	9.5068000	7.4375000	10.4070000	8.4054000	6.4544000	11.1680000	11.3150000	10.5610000	7.7041000	7.7185000	9.7298000	8.3903000	8.6793000	11.8300000	7.4448000	10.0280000	9.6599000	10.6460000	10.2060000	8.4716000	7.4893000	6.3443000	11.1620000	11.6380000	10.2580000	9.2358000	9.1621000	8.0511000	7.5844000	9.4835000	6.8523000	8.3568000	11.2390000	9.0786000
