dmsA	cheW	tap	hyaD	pykF	flgM	cstA	yrdB	fliT	modB	fhuF	ryhB	serA	cheA	ymgC	ves	flgE	cheB	hyaC	dadA	flgC	yhjH	hcaR	cheR	yjjI	fadA	feaR	flgD	motB	fliS	fliC	tyrA	cheZ	nupG	flxA	deoC	appC	yjdA	rimN	hyaA	cheY	glnK	aceB	ymgA	yjcZ	hyaF	artP	yjdI	agaD	tsr	aceF	flgK	appB	hyaE	udp	modC	artQ	tar	bioC	fadB	trg	flgL	motA	entB	bioD	yjjZ	flgN	fliA	fliZ	yghZ	ycgR	bioB	ycgZ	ksgA	cadB	hyaB	fliD	aceK
8.4367000	11.0170000	10.2490000	7.8073000	8.9394000	12.3290000	9.6316000	9.0154000	9.8125000	10.9810000	7.5388000	7.4895000	8.7495000	11.5240000	4.5314000	11.2490000	11.3870000	10.4550000	7.2338000	9.2544000	13.2030000	12.5110000	7.6849000	9.8629000	7.3331000	8.2705000	6.0356000	12.6220000	11.9470000	9.9915000	13.2590000	8.4566000	10.1450000	7.6193000	13.2700000	9.5568000	8.4491000	10.5290000	9.6339000	7.3279000	10.8260000	7.6292000	9.0388000	8.1566000	9.6610000	7.1135000	9.5431000	8.2630000	6.8340000	11.5520000	11.1370000	11.2480000	7.5349000	7.3659000	9.5564000	9.7233000	8.1943000	10.2860000	7.4867000	8.1964000	9.2868000	11.3920000	12.6000000	8.2229000	7.6350000	5.6812000	12.1050000	11.5030000	10.5530000	8.5741000	9.3030000	7.9960000	8.2901000	9.3720000	7.1857000	7.7612000	9.8600000	7.7793000
7.9211000	8.2467000	8.3818000	7.8008000	9.5401000	8.8318000	10.1050000	8.9882000	8.0568000	8.6012000	8.7433000	8.4328000	11.7030000	7.9168000	4.8293000	8.1631000	7.0969000	7.2572000	7.2696000	10.1820000	7.8593000	8.5824000	8.1282000	7.6797000	7.2943000	7.9810000	6.2920000	8.2028000	7.0137000	7.4060000	8.7194000	8.4644000	8.2053000	7.5835000	7.7072000	8.3778000	8.7137000	7.6855000	9.0970000	8.2409000	8.3234000	8.7495000	11.6840000	8.8884000	8.3744000	7.4314000	10.0530000	8.6970000	7.4412000	8.7402000	11.7230000	6.6982000	7.7719000	7.4031000	8.8786000	8.2572000	8.7625000	8.2698000	7.2826000	7.8594000	8.5899000	8.0663000	7.3518000	8.4048000	7.6272000	6.7858000	8.4895000	6.8407000	6.6686000	8.5975000	6.6899000	8.3160000	8.3802000	9.5169000	7.5104000	8.3424000	6.7694000	8.2417000
