dmsA	cheW	tap	hyaD	pykF	flgM	cstA	yrdB	fliT	modB	fhuF	ryhB	serA	cheA	ymgC	ves	flgE	cheB	hyaC	dadA	flgC	yhjH	hcaR	cheR	yjjI	fadA	feaR	flgD	motB	fliS	fliC	tyrA	cheZ	nupG	flxA	deoC	appC	yjdA	rimN	hyaA	cheY	glnK	aceB	ymgA	yjcZ	hyaF	artP	yjdI	agaD	tsr	aceF	flgK	appB	hyaE	udp	modC	artQ	tar	bioC	fadB	trg	flgL	motA	entB	bioD	yjjZ	flgN	fliA	fliZ	yghZ	ycgR	bioB	ycgZ	ksgA	cadB	hyaB	fliD	aceK
8.0276333	8.4151000	8.8214333	8.1287667	11.3470000	7.9646333	9.5018667	8.5434333	8.9838000	8.4680667	8.7803333	8.5606000	8.8355000	8.0209000	7.2198667	8.6426000	7.7872333	7.4302333	7.6572667	10.6606667	8.1800000	8.6019333	8.5199000	8.1590667	7.8542000	7.8364333	6.7796000	8.3972333	7.0907000	7.9127000	8.5325667	8.6159667	8.3803000	7.2963667	8.0989000	9.0546333	9.9400333	7.1733333	9.3107000	8.6598333	8.4888000	12.6130000	13.5166667	11.8160000	8.2110667	7.4887667	11.2513333	8.7246000	7.3511000	9.2280667	11.1313333	7.1106000	8.6164333	7.7754000	8.9230667	8.5062667	9.6916667	8.9929333	8.3184333	7.9127333	8.9739333	8.5412333	7.5964000	8.2573000	8.7003333	6.7532667	8.1641333	7.3910667	7.0125333	8.5850667	6.7560000	11.2560000	10.4403333	9.8408333	7.5159333	8.2210000	7.0984000	8.8991667
7.9051000	10.1050000	9.1492000	8.0661000	8.4944000	11.4800000	9.1924000	7.6129000	9.6647000	7.9278000	8.1582000	8.4683000	8.5145000	11.0780000	4.9673000	9.2617000	10.4110000	8.5898000	7.4614000	8.5503000	11.5270000	11.6310000	7.6076000	7.9377000	7.8144000	8.4294000	6.3416000	11.6930000	10.6950000	9.5724000	12.5750000	7.9666000	7.9724000	7.2432000	11.7490000	12.3280000	9.4290000	8.9443000	8.3274000	8.2462000	9.3126000	7.9541000	9.5886000	9.4769000	8.9030000	7.5877000	9.3140000	8.7901000	7.2005000	10.4770000	8.0257000	9.7814000	8.1711000	7.9205000	11.2190000	8.2179000	7.2069000	9.6623000	7.9272000	8.4684000	9.1822000	9.8502000	10.2610000	8.1929000	8.1619000	6.9276000	11.3700000	11.7090000	11.0700000	8.9208000	8.1079000	8.3280000	8.7521000	8.8150000	8.0867000	8.5366000	9.7158000	8.5175000
