dmsA	cheW	tap	hyaD	pykF	flgM	cstA	yrdB	fliT	modB	fhuF	ryhB	serA	cheA	ymgC	ves	flgE	cheB	hyaC	dadA	flgC	yhjH	hcaR	cheR	yjjI	fadA	feaR	flgD	motB	fliS	fliC	tyrA	cheZ	nupG	flxA	deoC	appC	yjdA	rimN	hyaA	cheY	glnK	aceB	ymgA	yjcZ	hyaF	artP	yjdI	agaD	tsr	aceF	flgK	appB	hyaE	udp	modC	artQ	tar	bioC	fadB	trg	flgL	motA	entB	bioD	yjjZ	flgN	fliA	fliZ	yghZ	ycgR	bioB	ycgZ	ksgA	cadB	hyaB	fliD	aceK
8.0609000	11.1680000	10.3950000	7.9654500	10.7925000	11.4190000	9.0565500	9.1012000	10.5035000	9.0763000	9.4647500	8.5904000	8.8998000	11.7765000	4.5200500	9.4235500	11.4990000	10.5840000	7.5410500	8.9083000	11.9800000	11.2125000	7.7692500	9.4351000	7.6831000	8.0170500	6.5083000	12.0680000	10.3940000	10.4575000	12.8260000	8.2672000	10.3560000	7.3495500	10.9415000	9.2148500	8.5147000	8.7918000	10.1440000	7.8863000	11.3820000	8.0169000	9.3397500	8.0373000	8.9374500	7.5384000	10.9320000	8.3108000	7.1846500	11.6160000	12.5195000	10.3300000	7.5573500	7.6809000	8.9676500	8.7294500	9.4104000	11.0260000	7.8016000	8.2620500	8.9075500	10.5260000	10.3555000	8.7204000	7.9887500	6.3718500	11.2450000	10.8130000	9.6175500	8.3694000	8.8078000	8.2804500	7.6160000	10.2365000	7.4634500	8.4184500	11.1095000	8.2107500
7.9879000	9.1773000	9.1556000	7.9968000	8.3797000	11.6570000	10.7970000	8.3751000	8.4843000	9.1030000	8.9960000	8.5057000	8.9572000	9.9889000	4.7109000	10.0880000	7.7414000	8.2962000	7.3141000	10.6640000	9.1911000	11.0800000	8.8196000	8.2295000	7.3674000	8.5531000	6.6118000	9.0979000	10.3170000	8.2087000	11.3780000	8.4711000	8.3487000	7.9738000	11.6180000	9.9569000	8.3738000	8.6500000	9.1745000	7.8909000	8.9674000	7.7533000	9.4861000	8.8749000	8.5615000	7.2400000	9.0897000	8.1344000	6.7811000	10.3830000	8.7980000	9.3487000	7.6179000	7.6136000	9.4590000	8.8242000	7.5952000	9.5067000	7.6800000	9.4055000	9.5270000	9.4908000	11.1940000	7.9348000	7.6626000	6.8325000	11.6820000	10.2090000	8.4740000	8.9835000	9.1882000	7.9684000	8.7298000	9.0508000	7.1410000	8.1189000	7.8503000	8.1624000
