dmsA	cheW	tap	hyaD	pykF	flgM	cstA	yrdB	fliT	modB	fhuF	ryhB	serA	cheA	ymgC	ves	flgE	cheB	hyaC	dadA	flgC	yhjH	hcaR	cheR	yjjI	fadA	feaR	flgD	motB	fliS	fliC	tyrA	cheZ	nupG	flxA	deoC	appC	yjdA	rimN	hyaA	cheY	glnK	aceB	ymgA	yjcZ	hyaF	artP	yjdI	agaD	tsr	aceF	flgK	appB	hyaE	udp	modC	artQ	tar	bioC	fadB	trg	flgL	motA	entB	bioD	yjjZ	flgN	fliA	fliZ	yghZ	ycgR	bioB	ycgZ	ksgA	cadB	hyaB	fliD	aceK
7.6104333	8.1953000	8.4633333	7.8514667	10.7840000	8.5453333	10.3343333	8.8520667	8.0787667	8.4691667	11.5013333	10.8430000	12.9603333	7.8541000	4.7265667	8.2290333	7.4771000	7.5441667	7.4018667	9.0728667	8.2105333	7.9731333	8.2187333	7.7904333	7.3541333	8.5323333	6.5250333	8.4140000	7.4542667	7.7874333	8.2767333	9.9329000	7.8449000	7.2423000	7.6387000	9.3139000	8.5975333	7.2197000	9.7205333	7.9352000	8.6256000	8.2025000	13.1096667	8.5729667	7.8455667	7.3102333	10.6936667	9.5878667	6.8571667	8.7119000	11.8840000	6.9587667	7.7168000	7.4710667	9.8988333	8.1908667	9.4303333	8.4187333	9.2873000	9.1580000	8.5265000	7.9544667	7.0183000	12.5210000	9.1984667	11.4736667	8.2513000	7.2859333	6.7828333	8.4483000	6.6109000	10.7210000	8.3506667	10.1863333	6.9270333	8.2377000	6.8812000	9.3469333
8.2834333	8.8171333	8.5722333	8.4208333	8.9896000	8.2011333	8.8639667	8.8877667	9.4301667	8.1732333	8.2789000	7.3893000	8.7361667	8.2160333	4.5768667	8.7605333	8.0182667	7.7375667	7.9752667	9.8899667	8.6234333	9.1450000	8.5863333	8.8222333	7.8859000	8.2819000	6.9651333	8.8249667	7.9686667	7.8900333	8.8142333	8.4016333	9.2063333	7.7542667	8.5135333	8.0092333	9.3192000	7.7255667	8.4232000	8.6428000	8.3133000	11.8723333	13.3513333	7.9364333	8.9076333	7.9231667	9.0773000	8.4584667	8.2161000	9.0986333	10.2730000	6.9759333	7.8130667	8.0839000	8.6771333	8.3035333	8.4121000	9.7497333	7.7640333	8.3665333	9.1892667	8.6978667	8.0051000	8.7771000	8.5701333	6.7843000	8.7407000	8.5101000	7.7768667	8.6760000	7.6136000	9.5889000	7.5958333	8.8495000	8.0563667	8.8795667	8.2105000	9.1663000
