aer	bfd
7.2824	8.167399999999999
9.2581	9.6501
9.7651	7.69725
10.697	9.3395
9.3445	9.1789
9.3447	8.3116
10.99	12.138
8.693333333333333	8.808633333333333
9.1158	9.126533333333333
8.8496	9.3865
8.5361	11.899
