cheY	cstA	fliS	pykF	motB	glnK	deoC	cheW	fliD	yhjH	dadA	aceF	tyrA	artI	flgN	flgM	yjdA	bioD	nac	trg	cheZ	pck	motA	hcaR	fadA	udp	cheA	yeeD	fadB	ymgC	ves	aceK	ucpA	ccmD	tar	cheR	ymgA	cadB	agaD	bglG	yjdI	flxA	yjcH	artQ	aceB	ksgA	flgL	livH	ycgZ	dmsA	fliZ	nupG	cheB	cycA	arnB	betA	yjcZ	tap	fliC	ycgR	ycdZ	bioC	actP	yjjI	betI	tsr	modB	bcsF	modC	flgK	aldA	flgD
7.6228000	9.2287667	6.8553000	10.7253333	7.0039333	7.7241667	9.4490333	7.6377000	5.6777667	7.9460667	9.1405667	9.9347333	9.0306000	9.4863333	6.3661667	6.9012333	5.8515000	8.3120333	7.6138000	7.2369333	7.6998667	8.5069333	7.2701667	7.4405333	7.6673667	10.4953333	7.7503667	11.7513333	6.5119667	4.6923333	7.2836667	8.1395667	8.6079667	8.4924000	7.7849333	7.8007667	6.0463333	7.5633333	7.6196000	5.6976333	9.1771000	6.9676000	6.7023333	10.0906667	10.2492667	10.2554333	8.3095333	9.7851000	6.9376333	9.4474333	6.3922667	7.7396333	7.1762333	10.5010000	7.9909667	7.5590000	7.8535000	6.8844333	8.8762000	6.8367667	9.6513000	8.4929667	7.6567333	7.4595000	6.9165667	7.6582667	8.7194000	8.0576000	8.1135000	6.3279333	7.3591000	7.2318333
8.5024000	9.4246000	7.8348000	9.9619667	7.6728667	12.8610000	9.0568000	8.3501333	6.9887333	8.4148667	9.8457333	11.7643333	10.5370000	10.6020000	8.0183333	8.1886333	7.0541667	9.1960667	12.9510000	8.9373667	7.9916000	9.1877667	7.3882333	8.2108667	8.0555000	9.3953667	7.9684333	12.5956667	8.1549000	5.1071667	8.5360667	10.4086667	9.2203000	7.1679333	8.8351000	7.8689667	9.1953000	7.1442000	7.2204667	6.5120000	8.6019667	8.1133667	6.7283333	9.8784000	13.6870000	9.8986000	8.4038000	8.9178667	8.2766667	8.4386333	6.7171000	6.8888000	7.5938333	9.0832667	7.7094667	10.2413333	8.0805000	8.6435000	8.4483333	6.9185667	8.5889333	9.2174333	7.1459667	7.7018333	10.6243333	9.2045333	7.7562667	7.1099000	8.2177333	7.1658000	8.1941333	8.6453333
