cheY	cstA	fliS	pykF	motB	glnK	deoC	cheW	fliD	yhjH	dadA	aceF	tyrA	artI	flgN	flgM	yjdA	bioD	nac	trg	cheZ	pck	motA	hcaR	fadA	udp	cheA	yeeD	fadB	ymgC	ves	aceK	ucpA	ccmD	tar	cheR	ymgA	cadB	agaD	bglG	yjdI	flxA	yjcH	artQ	aceB	ksgA	flgL	livH	ycgZ	dmsA	fliZ	nupG	cheB	cycA	arnB	betA	yjcZ	tap	fliC	ycgR	ycdZ	bioC	actP	yjjI	betI	tsr	modB	bcsF	modC	flgK	aldA	flgD
8.8267000	10.6250000	8.0398000	9.9392000	7.6258000	7.8707000	9.5801000	8.2315000	7.0691000	8.0842000	10.9170000	10.2240000	8.2028000	9.3126000	7.8119000	8.2020000	7.0303000	7.9936000	7.1822000	8.9070000	7.8998000	11.2360000	7.1486000	9.0572000	8.5725000	10.2500000	8.0465000	8.3133000	8.5530000	4.7605000	8.6604000	8.1774000	10.6280000	7.3918000	8.8861000	7.6453000	8.7403000	7.3261000	7.0671000	6.7383000	8.3710000	7.9672000	7.4220000	8.4700000	8.0720000	9.2987000	8.2341000	9.1763000	8.5280000	8.1029000	6.2268000	8.3675000	7.9039000	9.5285000	7.0181000	9.0644000	8.3261000	8.8090000	8.7269000	6.8833000	9.2290000	8.0395000	7.4984000	7.5734000	10.0900000	9.3434000	8.3508000	6.5730000	8.4115000	6.9371000	10.2660000	8.6634000
8.9124667	11.3983333	7.9659667	11.0510000	7.9523000	7.6129667	9.9650333	8.9215667	7.2248000	8.3469000	11.8456667	10.0351000	8.2055333	11.0530000	8.8847333	9.1069667	7.4822667	10.9090667	7.2472333	9.0174000	8.4557667	9.9450667	8.0892667	10.0158333	10.0316333	13.1146667	8.6483333	9.6961333	10.0309333	5.2595000	8.8572667	8.1925667	9.6900333	7.0782333	9.6013333	8.0637000	9.8478333	7.0062000	7.0423667	6.1957667	9.4517667	8.3170000	6.1164333	10.1312333	10.3254333	10.3393333	8.7100000	8.8761000	9.5904667	7.9461000	7.2976000	9.6723667	8.0207000	9.6592333	7.6854333	9.4124333	8.1633667	9.1143000	10.0792000	7.3376333	12.1143333	9.8418333	6.7717333	7.4615667	9.7463000	9.3281000	8.2239000	7.0063333	8.0317000	7.6804667	12.0113333	9.1153333
