cheY	cstA	fliS	pykF	motB	glnK	deoC	cheW	fliD	yhjH	dadA	aceF	tyrA	artI	flgN	flgM	yjdA	bioD	nac	trg	cheZ	pck	motA	hcaR	fadA	udp	cheA	yeeD	fadB	ymgC	ves	aceK	ucpA	ccmD	tar	cheR	ymgA	cadB	agaD	bglG	yjdI	flxA	yjcH	artQ	aceB	ksgA	flgL	livH	ycgZ	dmsA	fliZ	nupG	cheB	cycA	arnB	betA	yjcZ	tap	fliC	ycgR	ycdZ	bioC	actP	yjjI	betI	tsr	modB	bcsF	modC	flgK	aldA	flgD
9.2457000	10.0100000	8.6487000	8.6368000	11.4010000	7.1649000	9.6578000	10.4720000	8.8539000	11.7390000	10.4240000	10.2140000	9.0567000	8.1176000	11.0630000	11.2960000	9.5889000	7.5274000	6.8141000	9.4788000	8.8880000	9.8755000	11.9110000	8.2540000	8.4045000	8.8013000	11.2240000	8.0686000	8.3221000	5.5037000	10.4930000	7.5719000	10.2950000	7.6501000	9.6212000	8.4955000	9.6644000	6.9537000	6.5863000	6.6208000	8.0415000	12.4700000	6.2995000	7.5503000	9.1644000	8.9579000	10.0540000	8.9930000	9.0887000	7.9109000	10.0010000	7.2103000	8.6495000	9.7873000	7.0632000	8.7827000	8.9692000	9.1477000	12.6670000	9.2740000	10.0990000	7.5598000	6.7939000	7.0161000	10.3990000	11.6210000	10.1030000	6.6725000	9.0509000	10.1470000	9.2233000	11.8810000
11.8180000	12.6420000	11.5600000	9.4192000	10.4430000	8.0622000	9.3613000	12.1460000	11.9210000	12.5340000	12.1090000	11.0900000	8.0400000	10.1360000	12.2870000	12.7210000	10.9500000	7.8612000	7.4395000	11.3680000	11.0190000	12.4010000	10.9250000	10.3800000	10.3600000	9.6607000	12.3580000	10.5660000	11.5770000	4.6267000	10.7160000	9.2032000	11.1630000	7.6135000	12.7400000	9.8051000	8.1345000	6.9155000	7.0987000	6.4995000	9.0592000	11.8900000	11.0780000	8.9551000	13.3270000	9.8488000	12.0420000	9.2782000	7.9013000	8.4740000	11.6670000	8.3938000	10.9430000	10.1630000	7.1476000	9.5806000	10.5170000	11.2970000	13.8090000	11.3340000	8.3498000	7.8800000	10.5290000	7.7179000	9.8268000	10.6590000	9.7046000	7.3495000	9.2918000	11.4230000	11.8530000	12.8010000
