cheY	cstA	fliS	pykF	motB	glnK	deoC	cheW	fliD	yhjH	dadA	aceF	tyrA	artI	flgN	flgM	yjdA	bioD	nac	trg	cheZ	pck	motA	hcaR	fadA	udp	cheA	yeeD	fadB	ymgC	ves	aceK	ucpA	ccmD	tar	cheR	ymgA	cadB	agaD	bglG	yjdI	flxA	yjcH	artQ	aceB	ksgA	flgL	livH	ycgZ	dmsA	fliZ	nupG	cheB	cycA	arnB	betA	yjcZ	tap	fliC	ycgR	ycdZ	bioC	actP	yjjI	betI	tsr	modB	bcsF	modC	flgK	aldA	flgD
8.6256000	10.3343333	7.7874333	10.7840000	7.4542667	8.2025000	9.3139000	8.1953000	6.8812000	7.9731333	9.0728667	11.8840000	9.9329000	10.4513333	8.2513000	8.5453333	7.2197000	9.1984667	7.6246667	8.5265000	7.8449000	9.0976000	7.0183000	8.2187333	8.5323333	9.8988333	7.8541000	10.2413333	9.1580000	4.7265667	8.2290333	9.3469333	8.6901667	7.4647000	8.4187333	7.7904333	8.5729667	6.9270333	6.8571667	6.0859333	9.5878667	7.6387000	8.5473667	9.4303333	13.1096667	10.1863333	7.9544667	11.2986667	8.3506667	7.6104333	6.7828333	7.2423000	7.5441667	9.3753667	7.8277333	9.1892333	7.8455667	8.4633333	8.2767333	6.6109000	8.6871000	9.2873000	8.1766000	7.3541333	9.3794333	8.7119000	8.4691667	8.6249667	8.1908667	6.9587667	9.4783000	8.4140000
11.3820000	9.0565500	10.4575000	10.7925000	10.3940000	8.0169000	9.2148500	11.1680000	11.1095000	11.2125000	8.9083000	12.5195000	8.2672000	10.1165000	11.2450000	11.4190000	8.7918000	7.9887500	7.0292500	8.9075500	10.3560000	10.0990000	10.3555000	7.7692500	8.0170500	8.9676500	11.7765000	8.7322000	8.2620500	4.5200500	9.4235500	8.2107500	9.2789500	7.6458000	11.0260000	9.4351000	8.0373000	7.4634500	7.1846500	6.6064000	8.3108000	10.9415000	6.5019000	9.4104000	9.3397500	10.2365000	10.5260000	9.0996500	7.6160000	8.0609000	9.6175500	7.3495500	10.5840000	8.5396000	7.1705500	9.5233000	8.9374500	10.3950000	12.8260000	8.8078000	9.2430000	7.8016000	7.0049000	7.6831000	9.6682000	11.6160000	9.0763000	7.3347000	8.7294500	10.3300000	7.9564500	12.0680000
