yjdI	tsr	entB	artQ	fliA	cheZ	aldA	hyaB	flgN	fhuF	ksgA	motA	yhjH	ymdA	yjdA	bioB	hcaR	flgK	feaR	fliS	cheR	dadA	fliD	ves	flgL	fadB	actP	tnaA	hyaF	argW	fadJ	modC	fliZ	modB	artI	ryhB	flgM	pykF	ycgZ	flgB	hyaE	trg	hyaC	aceB	tar	yjdJ	yjjZ	aceF	rimN	yjcH	cheW	bcsE	cheB	ymgC	tap	aceK	flxA	dadX	yjcZ	flgC	motB	fecI	ycgR	flgD	fliC	fliT	cheA	cheY	ymgA	glnK	bioC	appB	hyaD	fadA	cstA	cadB	yrdB	argB	appC
8.3240000	8.5668000	8.5572500	9.6389000	9.9064000	7.8142500	7.6879500	8.0911000	9.7392000	9.7697500	9.7763000	7.1035000	7.7299000	8.4285000	7.1137000	8.8527000	7.3156000	7.9166000	6.3021500	8.0597500	7.3745000	8.9809000	7.3375000	8.0222000	8.6905000	7.8425500	7.3551000	6.7809500	7.2540000	7.9885500	8.4941000	8.2360500	8.5810500	8.6672000	10.5430000	8.0623500	9.8669500	10.9495000	8.9731000	9.9147500	7.5759000	8.3121500	7.3883000	10.3515000	8.3909000	8.7431000	6.3725500	12.3315000	9.9500000	6.6460000	8.3075000	8.4566500	7.4705000	4.7202000	8.3242500	8.0012000	7.2893500	8.6095000	7.7695500	10.8445000	7.2349000	9.5388500	6.7569500	10.4110000	8.5851000	8.0415000	8.2665500	8.5032500	9.0146500	7.6956500	7.9823000	7.4954000	7.8045000	7.8992000	9.1486000	6.7298500	9.2728500	8.9013000	8.3489000
8.5463500	9.1305000	9.0077500	9.2293500	9.1659500	7.8581000	10.5690000	8.5257000	8.5140000	9.5594000	10.0609000	7.1525000	7.8544000	7.7042500	7.3352000	8.6362000	8.9774500	7.5345000	7.1247000	8.0807500	7.8508500	11.5045000	7.4560500	8.7640500	8.2912500	9.0373000	7.9015000	12.1100000	7.6760000	7.1038500	9.7079000	8.3744000	8.2158500	8.5730500	9.9691500	7.6483500	8.9185000	10.5670000	9.5144000	9.4378500	7.8014000	8.8507000	7.8289000	10.8435500	8.8236000	8.7219500	6.6275500	12.2275000	9.4252500	8.3789000	8.4816500	9.2060500	7.8609500	5.0194500	8.7919500	8.4041500	7.5295000	9.9925000	8.0030000	10.1446500	7.7230000	8.9760000	6.9563500	10.1703500	8.3527500	8.5482000	8.1816000	8.7259500	9.4279500	7.7400000	7.9395500	7.8875500	7.9698000	8.6575000	10.7615000	7.2031500	8.4714000	9.4053000	8.5641500
