yjdI	tsr	entB	artQ	fliA	cheZ	aldA	hyaB	flgN	fhuF	ksgA	motA	yhjH	ymdA	yjdA	bioB	hcaR	flgK	feaR	fliS	cheR	dadA	fliD	ves	flgL	fadB	actP	tnaA	hyaF	argW	fadJ	modC	fliZ	modB	artI	ryhB	flgM	pykF	ycgZ	flgB	hyaE	trg	hyaC	aceB	tar	yjdJ	yjjZ	aceF	rimN	yjcH	cheW	bcsE	cheB	ymgC	tap	aceK	flxA	dadX	yjcZ	flgC	motB	fecI	ycgR	flgD	fliC	fliT	cheA	cheY	ymgA	glnK	bioC	appB	hyaD	fadA	cstA	cadB	yrdB	argB	appC
9.9090000	9.8052000	9.3841000	10.1584333	9.8489333	10.0708000	11.7806667	8.6112667	11.3050000	10.8310000	10.6150000	10.7010000	10.1286333	7.4483333	9.5465667	9.2366000	9.3130333	10.0857667	8.2419000	9.7199000	9.7155667	12.0726667	9.7802000	8.8981000	10.7868333	10.4710000	7.2468333	8.6445333	7.6394000	8.7524333	10.8640000	8.7627333	8.6637667	9.2980000	11.2403333	10.8076667	11.5076667	10.9340000	9.4555000	8.4896000	8.0054667	10.4409000	7.8518000	10.9217000	12.3096667	9.8822000	9.7140000	10.1794333	8.9359000	6.5507667	11.0780000	8.8491667	9.3930333	5.4938000	11.1573333	8.2964000	9.6842000	10.8073333	9.2027667	9.5131333	10.3051333	9.8766000	9.3503667	9.4865667	12.7420000	9.5804667	10.9253333	10.2431000	9.8332000	7.6837000	9.5092333	8.0423000	8.2471000	10.1338333	12.1036667	6.9329667	8.1599333	8.9608000	8.9195667
9.8843000	11.2060000	9.4238000	8.7144000	11.3910000	11.2430000	8.6524000	8.5947000	11.8320000	10.7850000	9.9470000	10.6940000	11.8490000	8.3238000	10.0250000	8.1419000	7.9179000	10.7840000	7.0561000	11.3480000	10.2840000	10.5320000	12.0620000	10.0380000	11.1830000	8.1665000	7.2360000	7.1400000	7.5846000	7.3554000	8.9122000	9.1345000	10.5190000	9.6107000	10.0750000	8.9960000	11.9790000	9.7782000	8.3320000	11.2380000	7.8969000	9.3482000	7.6508000	11.1280000	12.3780000	9.6463000	7.4229000	11.7270000	9.7164000	6.8589000	12.2160000	8.5040000	11.1120000	4.6872000	11.5030000	8.3551000	11.4290000	9.5079000	10.0320000	12.0240000	10.7910000	10.0620000	10.5340000	12.1450000	13.7070000	11.3570000	12.4720000	12.2630000	8.6320000	12.4260000	7.8781000	7.8546000	8.2292000	8.1024000	9.6517000	8.9003000	8.6694000	8.8841000	8.4975000
