yjdI	tsr	entB	artQ	fliA	cheZ	aldA	hyaB	flgN	fhuF	ksgA	motA	yhjH	ymdA	yjdA	bioB	hcaR	flgK	feaR	fliS	cheR	dadA	fliD	ves	flgL	fadB	actP	tnaA	hyaF	argW	fadJ	modC	fliZ	modB	artI	ryhB	flgM	pykF	ycgZ	flgB	hyaE	trg	hyaC	aceB	tar	yjdJ	yjjZ	aceF	rimN	yjcH	cheW	bcsE	cheB	ymgC	tap	aceK	flxA	dadX	yjcZ	flgC	motB	fecI	ycgR	flgD	fliC	fliT	cheA	cheY	ymgA	glnK	bioC	appB	hyaD	fadA	cstA	cadB	yrdB	argB	appC
8.9771333	8.6406667	8.4884667	9.8491333	7.3672000	7.9236000	10.0720000	9.2528000	8.2911000	8.3445333	10.3850000	7.0704667	7.9099333	7.2184333	7.0261667	10.4030000	8.5883000	7.0532667	6.5942333	7.6710667	7.7193333	11.0226667	7.0850000	8.2717000	7.9876000	9.5887667	8.4233667	7.1697000	8.0997000	6.1899000	9.7027000	8.2598000	6.7905000	8.4178667	11.3076667	7.7472667	8.4476667	11.0070000	9.1558667	7.2081333	8.4721667	8.4233333	9.0815667	12.6890000	8.6107667	9.4417667	6.4038667	12.2623333	9.2775000	9.1594333	8.1890667	8.7044000	7.5746333	4.9938333	8.4235000	8.9109000	7.5376667	9.6856000	7.8922000	8.0522667	7.3370000	8.3668667	6.5312000	8.3825667	8.3373000	8.2452667	7.7968667	8.7258333	9.0527000	9.6388667	8.7886000	8.1981333	9.0193333	8.8506667	10.4173333	6.8049333	8.5658000	12.1076667	9.1028000
8.7895000	8.7406000	9.0278000	8.2707000	8.2386000	8.8000000	10.3320000	9.0327000	8.7728000	8.6062000	9.1557000	7.8043000	9.1117000	8.0542000	8.1926000	8.9731000	8.3044000	7.0908000	7.3673000	7.8791000	7.9622000	12.1840000	7.8691000	8.9072000	8.9051000	8.6079000	9.4958000	7.1053000	8.1259000	6.6545000	10.3470000	7.8069000	8.2934000	8.9508000	9.1495000	9.5034000	8.5197000	9.8313000	9.2886000	7.3069000	7.9935000	9.0570000	8.4288000	10.9580000	9.2396000	9.0873000	9.4125000	9.5626000	8.3999000	8.6212000	8.6726000	8.3994000	7.7239000	4.9631000	8.3005000	8.4061000	8.5507000	8.9579000	8.3604000	8.2340000	7.2624000	8.5603000	7.0644000	8.1134000	9.2031000	9.8525000	8.5211000	8.2805000	8.7005000	8.6209000	7.1046000	8.2141000	8.9214000	8.3828000	13.0390000	8.0566000	9.2483000	8.4778000	9.4214000
