yjdI	tsr	entB	artQ	fliA	cheZ	aldA	hyaB	flgN	fhuF	ksgA	motA	yhjH	ymdA	yjdA	bioB	hcaR	flgK	feaR	fliS	cheR	dadA	fliD	ves	flgL	fadB	actP	tnaA	hyaF	argW	fadJ	modC	fliZ	modB	artI	ryhB	flgM	pykF	ycgZ	flgB	hyaE	trg	hyaC	aceB	tar	yjdJ	yjjZ	aceF	rimN	yjcH	cheW	bcsE	cheB	ymgC	tap	aceK	flxA	dadX	yjcZ	flgC	motB	fecI	ycgR	flgD	fliC	fliT	cheA	cheY	ymgA	glnK	bioC	appB	hyaD	fadA	cstA	cadB	yrdB	argB	appC
8.0437000	10.1130000	7.7488000	7.4398000	8.9716000	8.3565000	10.3930000	7.8502000	9.6465000	8.0789000	8.3498000	10.7410000	10.3480000	7.4557000	9.2630000	7.7236000	8.5459000	8.4178000	7.1312000	7.7365000	7.8453000	11.0460000	7.4073000	9.5912000	8.7091000	8.8871000	7.1590000	9.3589000	6.7538000	8.9679000	9.9822000	8.5406000	7.5454000	8.9832000	8.1053000	7.2120000	9.6267000	8.1147000	9.6930000	8.0952000	7.2763000	8.5657000	7.0910000	9.2052000	8.8181000	8.1276000	6.3814000	9.1281000	9.5294000	6.6360000	8.9746000	7.6290000	7.9751000	5.9332000	8.7781000	7.6295000	11.1160000	9.9116000	7.9533000	9.3080000	9.7820000	8.1639000	8.4486000	8.7504000	11.0510000	8.2404000	9.6386000	8.5566000	9.1550000	7.7319000	7.1030000	7.4999000	7.7690000	8.5273000	11.5140000	6.7448000	8.8025000	9.0782000	8.2979000
8.9498600	9.5175400	9.7676600	10.1739800	7.6678200	8.1380400	8.0538200	8.8601800	7.9246200	10.6884000	10.1402200	7.3226200	8.2534400	7.2127600	6.9936400	10.6772000	8.4674000	7.4249600	6.6832200	8.0857400	7.7949000	10.0205400	6.9898600	8.7745000	8.5111000	8.2528200	7.0369000	7.2288600	7.8721600	8.0632400	8.9825000	8.4842200	6.6468000	7.7417400	11.2156000	10.5342000	8.2509600	10.7816000	9.5051200	7.4212000	8.1044400	9.2046400	8.1670800	13.5894000	9.0611800	9.2578200	8.9687400	11.7096000	9.5949000	6.6566400	8.5481600	8.5000600	7.9420200	6.2703600	8.8379200	9.7345000	8.3232400	9.3744200	8.1308600	8.6228000	7.8031000	9.5719200	7.0354200	8.7014200	8.2872200	8.6714400	8.0522000	8.8158400	10.6144000	13.4356000	9.0361000	9.1564600	8.4334600	8.1747400	9.2498000	7.1244200	9.0304600	9.4694600	10.5044000
