yjdI	tsr	entB	artQ	fliA	cheZ	aldA	hyaB	flgN	fhuF	ksgA	motA	yhjH	ymdA	yjdA	bioB	hcaR	flgK	feaR	fliS	cheR	dadA	fliD	ves	flgL	fadB	actP	tnaA	hyaF	argW	fadJ	modC	fliZ	modB	artI	ryhB	flgM	pykF	ycgZ	flgB	hyaE	trg	hyaC	aceB	tar	yjdJ	yjjZ	aceF	rimN	yjcH	cheW	bcsE	cheB	ymgC	tap	aceK	flxA	dadX	yjcZ	flgC	motB	fecI	ycgR	flgD	fliC	fliT	cheA	cheY	ymgA	glnK	bioC	appB	hyaD	fadA	cstA	cadB	yrdB	argB	appC
8.7818000	10.3730000	8.1084000	7.6178000	10.7840000	8.0217000	8.1245000	8.7508000	10.3090000	8.2032000	8.7854000	9.5444000	10.2230000	7.8904000	8.7164000	8.5892000	7.7801000	8.7193000	6.8287000	8.9486000	7.9225000	8.7336000	8.4042000	9.0086000	9.5754000	8.9550000	7.5342000	8.8664000	7.8882000	6.3404000	9.3680000	8.3659000	9.7318000	7.8404000	8.7186000	8.5583000	10.4300000	8.6519000	8.4928000	9.0556000	8.0884000	9.3867000	7.7031000	9.3532000	9.3805000	8.8470000	6.6578000	8.1877000	8.2230000	7.4280000	9.5714000	9.0758000	8.1853000	4.8935000	9.3178000	8.4727000	10.8800000	8.9785000	8.8848000	10.6830000	9.9134000	8.1093000	7.4983000	10.6050000	11.9550000	9.4102000	10.4690000	9.2209000	9.6097000	7.7375000	8.1502000	8.3962000	8.4832000	8.7066000	9.2148000	8.0215000	7.9849000	9.1720000	9.7206000
8.9373000	9.0172000	8.1507000	8.5283000	7.1940000	7.8632000	8.9191000	8.3291000	8.2344000	9.0882000	9.5751000	7.3247000	8.5458000	7.6345000	8.0088000	8.2736000	8.6051000	6.9898000	6.6586000	7.8779000	7.6301000	10.1420000	6.7038000	8.4981000	8.1497000	8.1919000	7.3073000	7.2662000	7.4337000	5.5077000	9.9079000	8.2289000	6.7191000	8.7624000	9.5219000	8.0649000	8.6880000	9.0822000	8.3642000	6.6634000	7.6323000	8.5783000	7.4250000	12.0930000	8.4812000	9.5248000	6.4429000	11.5850000	9.6949000	6.7292000	8.0877000	8.6853000	7.6824000	4.9569000	8.4897000	8.6449000	8.2705000	9.2640000	8.3083000	8.0501000	7.1738000	8.0879000	6.4972000	8.3401000	8.6015000	8.4572000	8.0532000	8.5771000	8.8938000	8.4957000	7.5221000	7.8204000	7.9265000	8.2395000	10.1440000	7.4125000	8.8611000	10.7120000	9.0117000
