cstA	deoC	flgM	araE	nac	udp	ymgC	yjdI	araD	fliZ	nupG	ryhB	astB	tsr	flgK	fliS	fliD	dadA	yjdA	hcaR	astA	yeeD	araA	appB	aceB	dmsA	fliC	ycgR	astC	ycdZ	actP	yjjI	modB	bcsF	hyaB	araB	pykF	glnK	cheW	yhjH	aceF	flgN	trg	cheA	ves	aceK	yjjZ	tar	cheR	ymgA	cadB	ksgA	flgL	modC	appC	yjcZ	tap	yghZ	flgD	cheY	motB	cheZ	pck	motA	fadA	ygeA	flxA	yjcH	fhuF	atpC	livH	ycgZ	hyaE	cheB	cycA	fadB	aldA
9.2533500	8.5445500	11.7290000	7.8195500	7.9980500	8.6697000	4.3898500	7.8610500	8.7053000	10.6220000	7.3148500	8.4976500	8.1328500	11.7270000	11.2720000	10.8035000	11.5905000	10.2970000	9.5861000	7.4870500	8.4654500	11.0070000	7.7794000	10.5770000	11.3710000	9.3691000	13.6635000	9.0778000	8.1115000	9.3899000	7.3724500	7.5916500	9.5653500	7.3927000	11.5000000	7.9613500	10.6320000	9.3159000	11.4985000	11.0430000	12.2580000	11.7815000	9.0966000	11.8135000	9.8489500	8.9485500	7.5129000	11.7535000	10.3835000	7.6647000	7.0395000	10.3660000	11.2675000	8.8414000	11.9940000	9.5590000	10.8230000	8.2015000	11.5380000	11.6905000	11.1070000	11.4820000	9.2043000	11.3035000	7.8764500	8.2410000	10.8595000	6.5571000	10.7805000	12.0520000	10.3305000	7.4550000	10.4785000	10.8135000	9.3584000	7.8249500	7.7574500
12.6420000	9.3613000	12.7210000	8.4542000	7.4395000	9.6607000	4.6267000	9.0592000	9.0495000	11.6670000	8.3938000	7.9434000	9.2442000	10.6590000	11.4230000	11.5600000	11.9210000	12.1090000	10.9500000	10.3800000	10.3870000	10.5660000	8.5458000	7.7263000	13.3270000	8.4740000	13.8090000	11.3340000	11.5930000	8.3498000	10.5290000	7.7179000	9.7046000	7.3495000	8.4205000	8.7440000	9.4192000	8.0622000	12.1460000	12.5340000	11.0900000	12.2870000	11.3680000	12.3580000	10.7160000	9.2032000	6.6392000	12.7400000	9.8051000	8.1345000	6.9155000	9.8488000	12.0420000	9.2918000	8.6365000	10.5170000	11.2970000	10.6250000	12.8010000	11.8180000	10.4430000	11.0190000	12.4010000	10.9250000	10.3600000	8.3466000	11.8900000	11.0780000	8.6859000	11.3690000	9.2782000	7.9013000	7.8547000	10.9430000	10.1630000	11.5770000	11.8530000
