cstA	deoC	flgM	araE	nac	udp	ymgC	yjdI	araD	fliZ	nupG	ryhB	astB	tsr	flgK	fliS	fliD	dadA	yjdA	hcaR	astA	yeeD	araA	appB	aceB	dmsA	fliC	ycgR	astC	ycdZ	actP	yjjI	modB	bcsF	hyaB	araB	pykF	glnK	cheW	yhjH	aceF	flgN	trg	cheA	ves	aceK	yjjZ	tar	cheR	ymgA	cadB	ksgA	flgL	modC	appC	yjcZ	tap	yghZ	flgD	cheY	motB	cheZ	pck	motA	fadA	ygeA	flxA	yjcH	fhuF	atpC	livH	ycgZ	hyaE	cheB	cycA	fadB	aldA
11.7490000	9.0393000	8.0896000	7.7347000	7.2620000	10.3530000	4.3556000	7.9775000	8.5207000	6.7259000	7.9391000	8.3725000	8.1954000	8.7994000	6.9483000	7.5348000	6.5004000	11.1510000	7.4981000	8.3955000	8.3802000	12.8150000	7.8097000	7.6277000	9.8799000	9.7049000	8.8209000	6.0288000	8.1900000	9.4267000	9.1342000	8.1984000	8.5167000	7.4941000	8.2783000	8.0172000	10.1590000	7.0856000	8.3399000	8.3626000	10.7680000	7.9012000	8.2912000	7.9728000	8.1895000	8.1859000	6.8197000	8.4148000	7.8908000	8.3117000	7.1331000	9.0856000	7.9712000	8.1688000	8.5895000	8.1273000	8.4491000	9.5872000	8.2414000	8.4416000	6.9767000	7.9966000	10.6010000	7.0922000	8.3788000	7.9831000	7.0996000	8.9353000	9.2414000	12.9600000	9.2687000	7.8517000	7.4608000	7.5208000	10.2050000	8.5685000	10.8930000
11.3983333	9.9650333	9.1069667	8.5053333	7.2472333	13.1146667	5.2595000	9.4517667	8.8450333	7.2976000	9.6723667	10.7109667	11.4660000	9.3281000	7.6804667	7.9659667	7.2248000	11.8456667	7.4822667	10.0158333	11.0613333	9.6961333	7.8828667	7.9085000	10.3254333	7.9461000	10.0792000	7.3376333	12.1636667	12.1143333	6.7717333	7.4615667	8.2239000	7.0063333	8.2621667	8.1081000	11.0510000	7.6129667	8.9215667	8.3469000	10.0351000	8.8847333	9.0174000	8.6483333	8.8572667	8.1925667	9.8014000	9.6013333	8.0637000	9.8478333	7.0062000	10.3393333	8.7100000	8.0317000	8.5217333	8.1633667	9.1143000	10.1347000	9.1153333	8.9124667	7.9523000	8.4557667	9.9450667	8.0892667	10.0316333	8.0479667	8.3170000	6.1164333	11.0676667	9.8077000	8.8761000	9.5904667	7.8194667	8.0207000	9.6592333	10.0309333	12.0113333
