cstA	deoC	flgM	araE	nac	udp	ymgC	yjdI	araD	fliZ	nupG	ryhB	astB	tsr	flgK	fliS	fliD	dadA	yjdA	hcaR	astA	yeeD	araA	appB	aceB	dmsA	fliC	ycgR	astC	ycdZ	actP	yjjI	modB	bcsF	hyaB	araB	pykF	glnK	cheW	yhjH	aceF	flgN	trg	cheA	ves	aceK	yjjZ	tar	cheR	ymgA	cadB	ksgA	flgL	modC	appC	yjcZ	tap	yghZ	flgD	cheY	motB	cheZ	pck	motA	fadA	ygeA	flxA	yjcH	fhuF	atpC	livH	ycgZ	hyaE	cheB	cycA	fadB	aldA
9.2287667	9.4490333	6.9012333	8.9505333	7.6138000	10.4953333	4.6923333	9.1771000	7.3403333	6.3922667	7.7396333	7.4765333	8.2238000	7.6582667	6.3279333	6.8553000	5.6777667	9.1405667	5.8515000	7.4405333	8.3011333	11.7513333	7.7699333	11.2253333	10.2492667	9.4474333	8.8762000	6.8367667	7.3163333	9.6513000	7.6567333	7.4595000	8.7194000	8.0576000	10.5176667	7.5203000	10.7253333	7.7241667	7.6377000	7.9460667	9.9347333	6.3661667	7.2369333	7.7503667	7.2836667	8.1395667	6.4698667	7.7849333	7.8007667	6.0463333	7.5633333	10.2554333	8.3095333	8.1135000	11.6293333	7.8535000	6.8844333	8.2576667	7.2318333	7.6228000	7.0039333	7.6998667	8.5069333	7.2701667	7.6673667	8.4501000	6.9676000	6.7023333	8.3375667	11.1570000	9.7851000	6.9376333	11.0120000	7.1762333	10.5010000	6.5119667	7.3591000
9.5018667	9.0546333	7.9646333	8.5174333	13.3620000	8.9230667	7.2198667	8.7246000	9.3308000	7.0125333	7.2963667	8.5606000	10.4140000	9.2280667	7.1106000	7.9127000	7.0984000	10.6606667	7.1733333	8.5199000	11.1146667	10.8956667	8.3573000	8.6164333	13.5166667	8.0276333	8.5325667	6.7560000	12.1143333	8.0256000	7.4412000	7.8542000	8.4680667	7.1687333	8.2210000	8.3322000	11.3470000	12.6130000	8.4151000	8.6019333	11.1313333	8.1641333	8.9739333	8.0209000	8.6426000	8.8991667	6.7532667	8.9929333	8.1590667	11.8160000	7.5159333	9.8408333	8.5412333	8.5062667	9.9400333	8.2110667	8.8214333	8.5850667	8.3972333	8.4888000	7.0907000	8.3803000	9.1955000	7.5964000	7.8364333	7.9541000	8.0989000	6.7512000	8.7803333	9.4025333	8.8747000	10.4403333	7.7754000	7.4302333	9.1585333	7.9127333	7.8995000
