cstA	deoC	flgM	araE	nac	udp	ymgC	yjdI	araD	fliZ	nupG	ryhB	astB	tsr	flgK	fliS	fliD	dadA	yjdA	hcaR	astA	yeeD	araA	appB	aceB	dmsA	fliC	ycgR	astC	ycdZ	actP	yjjI	modB	bcsF	hyaB	araB	pykF	glnK	cheW	yhjH	aceF	flgN	trg	cheA	ves	aceK	yjjZ	tar	cheR	ymgA	cadB	ksgA	flgL	modC	appC	yjcZ	tap	yghZ	flgD	cheY	motB	cheZ	pck	motA	fadA	ygeA	flxA	yjcH	fhuF	atpC	livH	ycgZ	hyaE	cheB	cycA	fadB	aldA
10.5820000	10.1815000	12.7350000	8.2015500	7.5815000	10.3000000	4.5290000	10.7895000	8.8950500	10.8285000	7.2382000	7.7392000	8.1376000	9.8696500	11.8680000	11.5200000	11.9145000	10.4185000	11.2495000	8.3129000	8.7960500	8.0318500	8.5106500	9.7575500	12.4760000	10.8835000	13.7475000	10.7570000	8.4380000	8.1321500	7.0687000	9.6018000	10.2565000	7.3034000	12.3985000	8.4086000	10.6335000	7.7495000	11.4790000	12.2925000	11.3330000	12.6765000	10.4310000	11.9725000	10.0680000	8.1845000	6.7390500	13.1680000	10.6105000	8.1742000	10.6095000	10.4270000	11.0990000	9.4270000	11.0335000	10.4320000	11.4115000	9.8037500	8.7997500	11.3625000	10.9090000	11.5590000	10.9400000	11.3230000	7.9286500	7.9657500	10.2368500	6.5248000	7.7990500	9.1163500	9.0422000	7.9533000	11.0410000	10.9960000	8.4173000	8.0849000	8.5041500
9.1894000	10.4495000	7.7519500	12.3880000	6.8293500	11.7735000	4.5536000	9.2297000	12.9135000	6.7859000	8.4408000	8.0851500	7.8258500	9.0438500	6.5341000	7.4915500	7.0294500	8.3490500	7.9509500	7.5409500	7.8836500	7.7798500	13.5865000	7.3646500	8.8441500	8.1669000	7.7777500	6.5101500	7.9269500	7.8900000	8.0081500	7.4841000	8.2705000	8.7813500	8.3815500	13.7405000	11.1645000	7.9094500	7.7230000	8.7132500	12.5675000	7.8860500	8.3630000	8.0810000	7.9626500	8.7197000	7.1320000	8.0277000	7.3767000	7.8275000	8.6780000	9.3673500	7.8644500	7.6806000	8.5212500	8.4731000	7.9713000	9.4225500	7.4995500	8.0661500	6.8184500	7.7769000	11.0570000	7.0252500	8.1497000	11.1170000	7.5178000	7.4726000	8.1984500	10.2115000	9.2049500	7.5526000	7.6490500	7.4032000	8.4884000	8.3432500	7.6812000
