cstA	deoC	flgM	araE	nac	udp	ymgC	yjdI	araD	fliZ	nupG	ryhB	astB	tsr	flgK	fliS	fliD	dadA	yjdA	hcaR	astA	yeeD	araA	appB	aceB	dmsA	fliC	ycgR	astC	ycdZ	actP	yjjI	modB	bcsF	hyaB	araB	pykF	glnK	cheW	yhjH	aceF	flgN	trg	cheA	ves	aceK	yjjZ	tar	cheR	ymgA	cadB	ksgA	flgL	modC	appC	yjcZ	tap	yghZ	flgD	cheY	motB	cheZ	pck	motA	fadA	ygeA	flxA	yjcH	fhuF	atpC	livH	ycgZ	hyaE	cheB	cycA	fadB	aldA
10.3343333	9.3139000	8.5453333	7.7355000	7.6246667	9.8988333	4.7265667	9.5878667	8.5685333	6.7828333	7.2423000	10.8430000	8.5666333	8.7119000	6.9587667	7.7874333	6.8812000	9.0728667	7.2197000	8.2187333	8.9495000	10.2413333	7.8378667	7.7168000	13.1096667	7.6104333	8.2767333	6.6109000	9.3646000	8.6871000	8.1766000	7.3541333	8.4691667	8.6249667	8.2377000	7.9229333	10.7840000	8.2025000	8.1953000	7.9731333	11.8840000	8.2513000	8.5265000	7.8541000	8.2290333	9.3469333	11.4736667	8.4187333	7.7904333	8.5729667	6.9270333	10.1863333	7.9544667	8.1908667	8.5975333	7.8455667	8.4633333	8.4483000	8.4140000	8.6256000	7.4542667	7.8449000	9.0976000	7.0183000	8.5323333	8.3297000	7.6387000	8.5473667	11.5013333	11.1383333	11.2986667	8.3506667	7.4710667	7.5441667	9.3753667	9.1580000	9.4783000
10.3690000	8.3334000	12.7400000	7.5547000	7.3888000	8.9340000	7.7838000	7.6525000	8.0106000	9.9653000	7.3850000	9.5564000	7.5403000	11.0160000	10.0700000	8.6806000	9.0630000	8.3101000	10.2400000	7.3948000	7.5437000	7.2678000	7.0470000	6.6510000	9.0051000	8.0673000	12.7190000	10.0760000	7.6813000	9.9743000	6.6229000	7.0607000	10.2470000	8.8956000	6.8205000	7.4303000	8.9212000	7.1854000	10.5600000	11.7470000	10.3040000	12.7420000	9.1565000	11.2360000	10.1710000	7.8255000	7.3341000	10.4240000	8.9515000	10.8760000	7.2578000	8.7508000	10.8100000	8.9971000	7.4778000	8.7138000	10.0760000	7.9123000	10.0710000	9.4998000	11.0440000	9.6204000	9.7831000	11.7440000	7.5082000	7.4267000	13.4070000	5.5497000	12.4280000	10.6330000	8.8349000	10.6910000	6.2952000	8.8099000	9.6075000	7.2895000	7.9993000
