aer	carA	ariR
7.2824	10.798666666666668	5.4907666666666675
9.2581	8.4869	7.002999999999999
9.7651	8.33145	6.02985
10.697	9.1415	7.2386
9.3445	9.5555	6.0357
9.3447	8.7678	6.2178
10.99	8.1241	9.295
8.693333333333333	9.8293	6.187233333333333
9.1158	8.980233333333333	9.4753
8.8496	8.28005	5.92535
8.5361	8.8894	9.4222
