aer	carA
8.505766666666666	12.287999999999998
9.594833333333334	8.365599999999999
8.76605	8.7109
9.9753	8.6144
8.312899999999999	8.9232
8.9489	8.8306
10.880999999999998	8.5297
8.693333333333333	9.8293
8.9735	9.087133333333334
9.5235	9.848566666666667
8.5752	9.9659
