aer	bfd
8.5691	11.401666666666666
9.607033333333334	8.708466666666668
8.7717	8.1402
10.964	8.9067
9.3445	9.1789
10.653	9.133
11.109000000000002	8.5102
8.577850000000002	8.6065
8.937166666666666	9.999566666666666
9.106	8.0391
8.9806	9.9752
