aceK	trg	artQ	astA	appB	dctA	ycgZ	yeeD	fhuF	flgM	apaH	hyaE	dmsA	cheZ	ymgC	yjcZ	fliC	pykF	cheB	tar	flgK	cheW	yjdA	hcaR	hyaF	ryhB	cheR	astB	yrdB	tsr	deoC	cheY	dadX	fliA	aceF	astE	modC	mglB	fliD	udp	fliZ	cheA	aceB	cysP	ompW	motA	hyaB	cadA	flgL	yhjH	bcsA	fadA	ycgR	nudB	yjjI	artI	motB	yjdI	hyaD	fecI	ksgA	fliT	fliS	feaR	tap	flxA	hyaC	ves	rimN	ybiT	nupG	flgD	fadB	ymgA	cstA	astD	flgN
8.2107500	8.9075500	9.4104000	8.4205000	7.5573500	8.9682500	7.6160000	8.7322000	9.4647500	11.4190000	8.3526500	7.6809000	8.0609000	10.3560000	4.5200500	8.9374500	12.8260000	10.7925000	10.5840000	11.0260000	10.3300000	11.1680000	8.7918000	7.7692500	7.5384000	8.5904000	9.4351000	8.1526000	9.1012000	11.6160000	9.2148500	11.3820000	8.6722500	10.8130000	12.5195000	6.7391500	8.7294500	8.8018500	11.1095000	8.9676500	9.6175500	11.7765000	9.3397500	8.7390500	7.4227000	10.3555000	8.4184500	8.1204000	10.5260000	11.2125000	8.4361000	8.0170500	8.8078000	11.0500000	7.6831000	10.1165000	10.3940000	8.3108000	7.9654500	9.0049500	10.2365000	10.5035000	10.4575000	6.5083000	10.3950000	10.9415000	7.5410500	9.4235500	10.1440000	9.9735000	7.3495500	12.0680000	8.2620500	8.0373000	9.0565500	7.7659500	11.2450000
8.1963667	8.9413667	8.9732333	8.6860000	7.8932333	11.6100000	8.3044333	7.9496000	8.9061333	8.4576000	8.1276333	7.9454333	8.0957000	7.7945000	4.5089333	8.2698667	8.3481333	10.6583333	7.9411000	8.8061333	7.4491000	8.4006000	7.3796333	8.6126000	7.6756333	7.7500333	7.8712333	8.3438000	8.7035667	9.1246667	9.2572000	8.9085667	9.7622333	8.1563000	11.3096667	6.9948667	8.3871000	13.1036667	7.2018333	9.5918000	7.0461667	8.2921000	10.1583000	8.7479000	8.4093000	7.2446333	8.5295000	7.4868667	8.2006333	7.9865000	8.2531667	8.5109333	6.9120667	11.1503333	7.7113333	9.7477000	7.6494667	8.1671000	8.1768667	8.7939667	9.8883333	8.5344667	7.9542667	7.0805667	8.9561333	7.6779333	7.7998000	8.7360333	9.5263000	9.5510667	8.3392000	9.4048000	8.6124000	8.3343333	10.2089667	7.8668000	8.0947667
