aceK	trg	artQ	astA	appB	dctA	ycgZ	yeeD	fhuF	flgM	apaH	hyaE	dmsA	cheZ	ymgC	yjcZ	fliC	pykF	cheB	tar	flgK	cheW	yjdA	hcaR	hyaF	ryhB	cheR	astB	yrdB	tsr	deoC	cheY	dadX	fliA	aceF	astE	modC	mglB	fliD	udp	fliZ	cheA	aceB	cysP	ompW	motA	hyaB	cadA	flgL	yhjH	bcsA	fadA	ycgR	nudB	yjjI	artI	motB	yjdI	hyaD	fecI	ksgA	fliT	fliS	feaR	tap	flxA	hyaC	ves	rimN	ybiT	nupG	flgD	fadB	ymgA	cstA	astD	flgN
8.7197000	8.3630000	8.4942000	7.8836500	7.3646500	8.6986500	7.5526000	7.7798500	8.1984500	7.7519500	7.7500000	7.6490500	8.1669000	7.7769000	4.5536000	8.4731000	7.7777500	11.1645000	7.4032000	8.0277000	6.5341000	7.7230000	7.9509500	7.5409500	7.5224000	8.0851500	7.3767000	7.8258500	9.5261500	9.0438500	10.4495000	8.0661500	7.8587500	7.0563500	12.5675000	5.9074500	7.6806000	9.1236500	7.0294500	11.7735000	6.7859000	8.0810000	8.8441500	8.3972000	7.4994000	7.0252500	8.3815500	9.7643000	7.8644500	8.7132500	8.1016000	8.1497000	6.5101500	10.2905000	7.4841000	9.1414000	6.8184500	9.2297000	8.4378500	8.6298000	9.3673500	8.3129000	7.4915500	6.8904500	7.9713000	7.5178000	7.9926000	7.9626500	9.7709500	8.5571500	8.4408000	7.4995500	8.3432500	7.8275000	9.1894000	7.0815500	7.8860500
9.3992000	8.3195000	9.8969000	9.9792000	8.9235000	10.4420000	10.5880000	9.7558000	10.9040000	8.3744000	8.9101000	7.3874000	7.6153000	7.8801000	7.1505000	7.8948000	8.9179000	11.3300000	7.3778000	8.1765000	6.8744000	7.9061000	7.1891000	9.4147000	7.2232000	9.9208000	7.6311000	9.6651000	9.1768000	8.5128000	9.3867000	8.3654000	8.8378000	6.5953000	10.3950000	7.6846000	8.1508000	11.4460000	6.9812000	10.3990000	6.8050000	7.7908000	12.7720000	9.3581000	7.5004000	7.1271000	8.0624000	7.1232000	8.1498000	8.0090000	7.8818000	9.7205000	6.5621000	9.7150000	6.9313000	10.6210000	6.7170000	10.2710000	7.7459000	10.0690000	10.1040000	8.3283000	7.6867000	7.6072000	8.2132000	8.2053000	7.2986000	8.0496000	9.9580000	9.4072000	7.9185000	8.0064000	9.9843000	10.7310000	11.9240000	9.0362000	8.1931000
