yrdB	fliC	ves	aceB	rihC	motB	ymgC	cheY	dadA	hyaE	dadX	aceK	flgD	fliT	feaR	astC	fliL	ryhB	yjcZ	astA	astB	fliQ	tyrA	cheA	cheW	hcaR	flgN	yjjI	yhjH	flgM	bioD	motA	fadB	trg	ycgZ	modB	fliD	appB	cheR	araB	flgK	fliZ	astD	cheZ	fliS	cstA	udp	flxA	hyaD	flhB	cadA	yjcH	sdhA	fliA	araA	cheB	deoC	tsr	hyaF	yqeF	nac	ygeA	flgC	artI	yjdA	tap	argW	dmsA	araD	bioB	tar	flgL	actP	tnaA	fhuF	nupG	appC	modC	ycgR	ymgA
8.3407000	9.1253500	8.5962500	13.8665000	8.4884500	7.7392000	8.1011000	8.6839500	11.8435000	8.1929000	10.2135000	9.5663000	8.5658500	8.5513500	6.9207000	12.1570000	7.6490500	9.4109000	8.1771500	11.3025000	10.5865000	7.0220000	7.9534500	8.2569000	8.3935000	9.2722000	8.1286500	7.4651500	7.9291500	8.5687500	7.6330000	7.5133500	9.2254500	9.0596000	12.3880000	7.8990000	6.8240000	8.7031500	7.6035500	8.5945000	8.0039500	7.3254500	10.2125000	8.0867500	7.7974000	10.6230000	10.1620000	8.1876500	8.5070500	8.0905000	7.5291000	9.2962500	11.2290000	7.8220000	8.5407000	7.7432000	9.8936500	9.2425000	7.8242500	8.1178500	7.3867500	8.2475000	8.7223000	10.4430000	7.2748500	8.5257500	6.3434500	8.0134500	8.9156500	8.2028000	8.8519000	8.3707500	8.6738000	9.1971000	10.4445000	6.9831500	10.0800000	8.2782500	7.0696000	12.2660000
8.2829000	12.9810000	9.3247000	12.0550000	9.2019000	10.2590000	4.6716000	10.9970000	10.9140000	7.6181000	9.8802000	8.5130000	11.2850000	9.8335000	6.9333000	9.3676000	10.8380000	8.9894000	8.8132000	9.1497000	8.7916000	8.3419000	8.0971000	11.4040000	10.8630000	9.0261000	11.1540000	7.5500000	11.4520000	11.3230000	7.8297000	10.8020000	10.0280000	9.4764000	8.3838000	9.1686000	9.9772000	7.4927000	9.4398000	8.1550000	9.9840000	9.8070000	8.1409000	10.4190000	9.7414000	10.8810000	10.3330000	10.9220000	7.8774000	9.0050000	7.5209000	8.5591000	11.9110000	10.7500000	7.9601000	10.4790000	9.7346000	10.7210000	7.4405000	8.8263000	6.8240000	8.1175000	11.4180000	9.5545000	9.1244000	10.6500000	7.5213000	7.9073000	8.7875000	8.2412000	11.3030000	10.2740000	8.5515000	12.5580000	9.5069000	8.0503000	8.4126000	8.6303000	9.0777000	8.8357000
