yrdB	fliC	ves	aceB	rihC	motB	ymgC	cheY	dadA	hyaE	dadX	aceK	flgD	fliT	feaR	astC	fliL	ryhB	yjcZ	astA	astB	fliQ	tyrA	cheA	cheW	hcaR	flgN	yjjI	yhjH	flgM	bioD	motA	fadB	trg	ycgZ	modB	fliD	appB	cheR	araB	flgK	fliZ	astD	cheZ	fliS	cstA	udp	flxA	hyaD	flhB	cadA	yjcH	sdhA	fliA	araA	cheB	deoC	tsr	hyaF	yqeF	nac	ygeA	flgC	artI	yjdA	tap	argW	dmsA	araD	bioB	tar	flgL	actP	tnaA	fhuF	nupG	appC	modC	ycgR	ymgA
8.0968000	9.2212000	8.5070000	7.7955000	9.3216000	6.9240000	4.7843000	8.5307000	10.7830000	7.7710000	9.8027000	8.0530000	8.2853000	8.3357000	7.2813000	8.9906000	7.1376000	8.0406000	8.0289000	8.4441000	8.0803000	6.9649000	8.2539000	7.9980000	8.1307000	9.0544000	7.9221000	7.2366000	7.9890000	8.0815000	7.7135000	7.0076000	9.3005000	9.0615000	8.6027000	8.5407000	6.7577000	7.8356000	7.8020000	8.0235000	6.9694000	6.2555000	7.7183000	8.0915000	7.9867000	11.0860000	9.6517000	7.9471000	8.1422000	8.1654000	7.3842000	7.4940000	10.9210000	7.0518000	7.8205000	7.7303000	8.9336000	9.2458000	7.4937000	9.0495000	7.4282000	8.2773000	8.0736000	8.4554000	7.2178000	8.5394000	8.3123000	7.7426000	8.6678000	8.1501000	8.5035000	8.2297000	7.4424000	9.9658000	7.8735000	8.1385000	8.6415000	8.3680000	6.4958000	8.7228000
9.2744000	9.7403000	8.8892000	9.3779000	7.9274000	9.5221000	6.9592000	8.1457000	9.8261000	7.1440000	9.1149000	7.3060000	7.7214000	7.7900000	6.6047000	8.5654000	7.1400000	7.4331000	7.9795000	7.7506000	8.1634000	8.3880000	10.5750000	9.5629000	8.8067000	7.3615000	9.3004000	7.0029000	9.2247000	9.0194000	7.3670000	10.0380000	8.3372000	8.9867000	10.2100000	9.1630000	7.2039000	7.3044000	7.7738000	7.3471000	7.6948000	7.2512000	7.7574000	8.2553000	7.5891000	10.4480000	8.2179000	9.0150000	7.5592000	7.7516000	7.0009000	5.6818000	10.3740000	7.6132000	7.5372000	7.3883000	9.3757000	9.8075000	6.4893000	8.6465000	7.6429000	7.3757000	7.6442000	8.6726000	9.7012000	8.3088000	9.1804000	8.0920000	7.9789000	7.6629000	8.7232000	8.3422000	6.7914000	7.1887000	9.9094000	7.1568000	8.2880000	8.7153000	7.8979000	10.4780000
