yrdB	fliC	ves	aceB	rihC	motB	ymgC	cheY	dadA	hyaE	dadX	aceK	flgD	fliT	feaR	astC	fliL	ryhB	yjcZ	astA	astB	fliQ	tyrA	cheA	cheW	hcaR	flgN	yjjI	yhjH	flgM	bioD	motA	fadB	trg	ycgZ	modB	fliD	appB	cheR	araB	flgK	fliZ	astD	cheZ	fliS	cstA	udp	flxA	hyaD	flhB	cadA	yjcH	sdhA	fliA	araA	cheB	deoC	tsr	hyaF	yqeF	nac	ygeA	flgC	artI	yjdA	tap	argW	dmsA	araD	bioB	tar	flgL	actP	tnaA	fhuF	nupG	appC	modC	ycgR	ymgA
9.1440000	8.1572000	8.5815000	8.8700000	9.6508000	7.5085000	5.0440000	8.6338000	11.4990000	7.6495000	10.2110000	8.0302000	9.2088000	8.4339000	7.7854000	8.9887000	8.7150000	8.2818000	8.2595000	8.7653000	8.3328000	7.2910000	8.0971000	7.8409000	8.2095000	10.1840000	8.4049000	7.6531000	8.0802000	8.5558000	7.8753000	7.1310000	9.2821000	8.7196000	8.4699000	8.8425000	6.9375000	7.5248000	7.9334000	8.3296000	7.0788000	6.9709000	7.8811000	7.8772000	7.9386000	10.7700000	12.1450000	7.7643000	7.8524000	8.4562000	7.5187000	7.6184000	12.3120000	7.9948000	7.9817000	7.7744000	11.2850000	9.1642000	7.3906000	9.7419000	7.1681000	8.1855000	9.2861000	9.3669000	7.1949000	8.7677000	7.1637000	7.9283000	8.8760000	8.3529000	8.7448000	8.2090000	7.3780000	11.3270000	9.2230000	10.0220000	8.4612000	8.4917000	6.7823000	8.4775000
8.6743000	8.8854000	8.4663333	12.9743333	8.5378667	7.8688000	5.4114667	8.0860333	10.5006667	7.8277667	9.1050667	8.5940333	8.4388000	9.1446333	6.6905000	12.4816667	7.6952000	8.5985667	8.2167333	10.9466667	10.1436667	8.0392667	8.1757000	8.1538667	8.5324000	8.2140667	8.6874333	7.7588000	8.5315000	8.1345333	8.6823000	7.6502333	7.9135333	9.1014667	8.9311667	8.0904667	7.8507000	8.4464333	8.3697000	8.7669667	7.2617333	7.4596333	9.5955000	8.8292000	7.8161000	9.1262333	8.9515667	8.0209000	8.0387667	8.6559000	7.8010000	7.4157000	8.9962667	8.0076000	9.2259667	7.4873000	8.8719333	8.8944333	7.5257333	7.8093000	12.9866667	7.8342333	8.1633667	10.9356667	7.3215000	8.2640333	6.5379000	8.0520333	9.6756333	10.9623333	9.4159333	8.5981333	7.7132333	7.0908000	9.2437667	7.2129333	9.8968000	8.3949000	7.2746000	10.6186667
