yrdB	fliC	ves	aceB	rihC	motB	ymgC	cheY	dadA	hyaE	dadX	aceK	flgD	fliT	feaR	astC	fliL	ryhB	yjcZ	astA	astB	fliQ	tyrA	cheA	cheW	hcaR	flgN	yjjI	yhjH	flgM	bioD	motA	fadB	trg	ycgZ	modB	fliD	appB	cheR	araB	flgK	fliZ	astD	cheZ	fliS	cstA	udp	flxA	hyaD	flhB	cadA	yjcH	sdhA	fliA	araA	cheB	deoC	tsr	hyaF	yqeF	nac	ygeA	flgC	artI	yjdA	tap	argW	dmsA	araD	bioB	tar	flgL	actP	tnaA	fhuF	nupG	appC	modC	ycgR	ymgA
8.9375333	8.4390333	8.1863000	13.1150000	7.7614000	7.2610333	5.1138333	8.4940667	8.9301000	7.4783000	8.5953000	9.2732667	8.5003000	8.0835667	6.2633333	8.8552000	7.2120667	10.2875333	7.8263000	8.5762000	8.1846333	6.9336333	9.4008000	7.7571667	8.1513000	8.0949333	8.2417000	7.3829000	7.8334333	8.4468000	8.7281333	6.9278000	8.3912000	8.4766333	8.6484667	8.3976000	6.8759667	7.7537000	7.6989667	7.7401333	7.1323333	6.9386333	7.9302667	7.8832667	7.7667667	9.9636667	9.9734000	7.8326333	7.7000667	8.0428333	7.1691000	7.9886333	11.1720000	7.4519667	7.6506000	7.4751000	9.3641000	8.5632667	7.1223000	8.0516000	7.6738000	8.0414333	8.3263000	10.5360000	7.3150000	8.4526000	7.0053333	7.5587000	8.5019333	10.2603333	8.3905333	7.9668667	7.6372667	6.9323667	11.3196667	7.1401667	8.6039333	8.1249667	6.4918000	8.7795333
9.2483000	9.2031000	8.9072000	10.9580000	8.1582000	7.2624000	4.9631000	8.2805000	12.1840000	7.9935000	8.9579000	8.4061000	8.1134000	9.8525000	7.3673000	13.4660000	8.4850000	9.5034000	8.3604000	11.0410000	9.6354000	8.5615000	7.6766000	8.5211000	8.6726000	8.3044000	8.7728000	7.8251000	9.1117000	8.5197000	8.7281000	7.8043000	8.6079000	9.0570000	9.2886000	8.9508000	7.8691000	8.2141000	7.9622000	8.4570000	7.0908000	8.2934000	9.2241000	8.8000000	7.8791000	13.0390000	8.1692000	8.5507000	8.9214000	8.7822000	8.3091000	8.6212000	8.9223000	8.2386000	8.9342000	7.7239000	9.1551000	8.7406000	8.1259000	7.8787000	7.3098000	7.6510000	8.2340000	9.1495000	8.1926000	8.3005000	6.6545000	8.3825000	9.4030000	8.9731000	9.2396000	8.9051000	9.4958000	7.1053000	8.6062000	8.0066000	9.4214000	7.8069000	7.0644000	8.7005000
