yrdB	fliC	ves	aceB	rihC	motB	ymgC	cheY	dadA	hyaE	dadX	aceK	flgD	fliT	feaR	astC	fliL	ryhB	yjcZ	astA	astB	fliQ	tyrA	cheA	cheW	hcaR	flgN	yjjI	yhjH	flgM	bioD	motA	fadB	trg	ycgZ	modB	fliD	appB	cheR	araB	flgK	fliZ	astD	cheZ	fliS	cstA	udp	flxA	hyaD	flhB	cadA	yjcH	sdhA	fliA	araA	cheB	deoC	tsr	hyaF	yqeF	nac	ygeA	flgC	artI	yjdA	tap	argW	dmsA	araD	bioB	tar	flgL	actP	tnaA	fhuF	nupG	appC	modC	ycgR	ymgA
7.6129000	12.5750000	9.2617000	9.5886000	8.4252000	10.6950000	4.9673000	9.3126000	8.5503000	7.9205000	8.7558000	8.5175000	11.6930000	9.6647000	6.3416000	8.5273000	10.8530000	8.4683000	8.9030000	8.6017000	7.9929000	7.3959000	7.9666000	11.0780000	10.1050000	7.6076000	11.3700000	7.8144000	11.6310000	11.4800000	8.1619000	10.2610000	8.4684000	9.1822000	8.7521000	7.9278000	9.7158000	8.1711000	7.9377000	8.2349000	9.7814000	11.0700000	7.8619000	7.9724000	9.5724000	9.1924000	11.2190000	11.7490000	8.0661000	8.7711000	8.3761000	7.1985000	11.5870000	11.7090000	8.2248000	8.5898000	12.3280000	10.4770000	7.5877000	8.0027000	7.2373000	7.7701000	11.5270000	8.6726000	8.9443000	9.1492000	7.9760000	7.9051000	9.0017000	8.3280000	9.6623000	9.8502000	7.3628000	8.0753000	8.1582000	7.2432000	9.4290000	8.2179000	8.1079000	9.4769000
9.4068000	8.4311000	8.1158000	12.8180000	8.0006000	6.6705000	4.3465000	8.4029000	9.5107000	7.3322000	8.6862000	9.7160000	8.3278000	8.6919000	6.7727000	8.1484000	7.5905000	9.5060000	8.2970000	8.3554000	8.5939000	7.5588000	8.3403000	7.7965000	8.1825000	8.6796000	8.3722000	7.2990000	8.5247000	8.2547000	8.5531000	7.4871000	8.4687000	8.3261000	7.3923000	8.9673000	7.3164000	7.6196000	7.8142000	9.5789000	6.6133000	6.9362000	7.3808000	8.1079000	7.9132000	12.0810000	9.3807000	7.9199000	7.5414000	7.8950000	7.5009000	9.6742000	10.8950000	6.9296000	10.2020000	7.3873000	8.6708000	8.7984000	7.2935000	8.4419000	7.4490000	8.0317000	8.2196000	9.8879000	7.3451000	8.3498000	5.8383000	7.6726000	10.1860000	10.1570000	8.2242000	7.8933000	10.1450000	8.5018000	10.6050000	7.6775000	9.0340000	8.0430000	6.7760000	7.7578000
