cheY	cstA	fliS	motB	glnK	deoC	cheW	fliD	yhjH	dadA	aceF	yrdB	artI	flgN	flgM	yjdA	bioD	nac	trg	cheZ	pck	motA	hcaR	fadA	udp	cheA	yeeD	cbpM	ymgC	appB	ves	ccmD	yjjZ	tar	cheR	ymgA	cadB	fadB	yjdI	flxA	yjcH	fhuF	atpC	ksgA	flgL	livH	ycgZ	hyaE	dmsA	fliZ	modC	nupG	ryhB	cheB	cycA	appC	betA	yjcZ	tap	yghZ	fliC	ycgR	ycdZ	bioC	actP	yjjI	betI	tsr	modB	rimN	bcsF	hyaB	flgK	aldA	flgD
8.6256000	10.3343333	7.7874333	7.4542667	8.2025000	9.3139000	8.1953000	6.8812000	7.9731333	9.0728667	11.8840000	8.8520667	10.4513333	8.2513000	8.5453333	7.2197000	9.1984667	7.6246667	8.5265000	7.8449000	9.0976000	7.0183000	8.2187333	8.5323333	9.8988333	7.8541000	10.2413333	8.7690000	4.7265667	7.7168000	8.2290333	7.4647000	11.4736667	8.4187333	7.7904333	8.5729667	6.9270333	9.1580000	9.5878667	7.6387000	8.5473667	11.5013333	11.1383333	10.1863333	7.9544667	11.2986667	8.3506667	7.4710667	7.6104333	6.7828333	8.1908667	7.2423000	10.8430000	7.5441667	9.3753667	8.5975333	9.1892333	7.8455667	8.4633333	8.4483000	8.2767333	6.6109000	8.6871000	9.2873000	8.1766000	7.3541333	9.3794333	8.7119000	8.4691667	9.7205333	8.6249667	8.2377000	6.9587667	9.4783000	8.4140000
11.2573333	10.2907000	10.7060000	10.8990000	7.8359333	9.6358333	11.9260000	10.9506667	12.0260000	10.6923333	10.9681333	8.3311667	9.8200333	11.8786667	11.9753333	10.1926667	10.4073333	7.1487667	10.4688333	11.2783333	9.9334000	11.1786667	8.5087667	8.2518333	12.1333333	11.9850000	9.1175000	8.5842000	4.3728667	7.9927333	10.4476667	7.3610333	6.6724000	11.9140000	9.7291667	8.2044000	7.4518333	8.2828667	8.3325000	11.3696667	6.7687333	8.5898000	11.7490000	9.6453667	10.7943333	8.8930667	7.5387000	7.9215333	8.2251000	10.5926667	9.1683333	9.3563333	8.2759333	10.3000000	8.8460000	8.5915000	9.1536333	9.8419000	10.7303333	9.4774333	13.1226667	9.7138333	11.6556667	9.4200333	7.2249667	7.8960000	9.0176667	11.6193333	9.9322333	8.9897000	6.7033000	8.6638667	10.5403333	9.4766667	12.0090000
