cheY	cstA	fliS	motB	glnK	deoC	cheW	fliD	yhjH	dadA	aceF	yrdB	artI	flgN	flgM	yjdA	bioD	nac	trg	cheZ	pck	motA	hcaR	fadA	udp	cheA	yeeD	cbpM	ymgC	appB	ves	ccmD	yjjZ	tar	cheR	ymgA	cadB	fadB	yjdI	flxA	yjcH	fhuF	atpC	ksgA	flgL	livH	ycgZ	hyaE	dmsA	fliZ	modC	nupG	ryhB	cheB	cycA	appC	betA	yjcZ	tap	yghZ	fliC	ycgR	ycdZ	bioC	actP	yjjI	betI	tsr	modB	rimN	bcsF	hyaB	flgK	aldA	flgD
9.9974500	11.1520000	9.8577500	8.8307000	7.2851500	9.4647000	10.7935000	10.2520000	10.4920000	12.1700000	11.9100000	8.5599000	10.6080000	11.0290000	11.3555000	8.6601500	7.6068500	6.8959500	9.1919500	9.5712000	11.9170000	9.0618000	9.5683500	9.4339000	10.6175000	10.7795000	7.7341000	8.3816500	6.3985500	7.5896000	8.5678000	7.5959000	6.1386500	10.6510000	8.6521500	10.2660000	7.8517000	10.5965000	9.1358000	8.9225500	9.7496000	7.7355000	11.1720000	10.4290000	10.1545000	8.5983500	10.2445000	7.4038500	7.9464500	11.0080000	8.4038000	8.2152500	7.3229500	9.0076500	9.3007500	8.3853500	9.7940500	8.5021000	9.2822500	10.0555000	11.8935000	9.4310000	8.3299500	7.5458500	9.4758500	7.5237000	10.2895000	9.5997000	9.4248500	9.6131500	7.9389500	7.9574500	9.9712000	11.6315000	12.7085000
10.9020000	9.5407000	10.3160000	12.3290000	7.5493000	9.6238000	11.4500000	10.7210000	12.5280000	9.1231000	11.1680000	8.9834000	8.4480000	12.3910000	12.4480000	10.4870000	7.6286000	7.0798000	9.3219000	10.0530000	10.2460000	12.6410000	7.6754000	7.9855000	9.2184000	12.1720000	7.8861000	7.9630000	4.8845000	7.6059000	11.4030000	7.6514000	6.0742000	11.2740000	9.6317000	9.2465000	7.0112000	7.8187000	8.2499000	13.2400000	6.4309000	7.5791000	10.5540000	9.4540000	11.3020000	8.8251000	9.3441000	7.2997000	9.0013000	10.9320000	9.8608000	7.0529000	7.1475000	10.5540000	9.3098000	8.3141000	8.9002000	9.7340000	10.5010000	8.2394000	13.1830000	10.0230000	9.9257000	7.5945000	7.1637000	7.4927000	10.5280000	11.5550000	11.0480000	9.7574000	7.4638000	7.9130000	11.3350000	7.6899000	12.8940000
