cheY	cstA	fliS	motB	glnK	deoC	cheW	fliD	yhjH	dadA	aceF	yrdB	artI	flgN	flgM	yjdA	bioD	nac	trg	cheZ	pck	motA	hcaR	fadA	udp	cheA	yeeD	cbpM	ymgC	appB	ves	ccmD	yjjZ	tar	cheR	ymgA	cadB	fadB	yjdI	flxA	yjcH	fhuF	atpC	ksgA	flgL	livH	ycgZ	hyaE	dmsA	fliZ	modC	nupG	ryhB	cheB	cycA	appC	betA	yjcZ	tap	yghZ	fliC	ycgR	ycdZ	bioC	actP	yjjI	betI	tsr	modB	rimN	bcsF	hyaB	flgK	aldA	flgD
7.6228000	9.2287667	6.8553000	7.0039333	7.7241667	9.4490333	7.6377000	5.6777667	7.9460667	9.1405667	9.9347333	8.6502000	9.4863333	6.3661667	6.9012333	5.8515000	8.3120333	7.6138000	7.2369333	7.6998667	8.5069333	7.2701667	7.4405333	7.6673667	10.4953333	7.7503667	11.7513333	10.6163333	4.6923333	11.2253333	7.2836667	8.4924000	6.4698667	7.7849333	7.8007667	6.0463333	7.5633333	6.5119667	9.1771000	6.9676000	6.7023333	8.3375667	11.1570000	10.2554333	8.3095333	9.7851000	6.9376333	11.0120000	9.4474333	6.3922667	8.1135000	7.7396333	7.4765333	7.1762333	10.5010000	11.6293333	7.5590000	7.8535000	6.8844333	8.2576667	8.8762000	6.8367667	9.6513000	8.4929667	7.6567333	7.4595000	6.9165667	7.6582667	8.7194000	9.5771000	8.0576000	10.5176667	6.3279333	7.3591000	7.2318333
8.1503333	9.0897667	7.9333333	7.8916000	13.2336667	8.0146000	8.7718333	8.2058667	8.6714667	9.6722333	10.3312000	8.6727000	10.0149667	8.5489333	7.9105667	7.8547000	8.2796667	12.5190000	8.7197333	9.1670000	10.1011333	7.8064333	8.2635333	8.3566000	8.6664333	8.0117667	9.1756333	8.4100667	4.7711000	7.9358667	8.4341667	7.3571667	6.7339667	9.8575000	8.5971667	7.9874000	7.7226667	8.3680667	8.4717000	8.4948000	8.0962667	8.1577667	9.5997333	8.5754667	8.7357333	9.0663000	7.8923667	8.2910333	8.0727000	7.5351000	8.4929000	7.7612667	6.9271667	7.6373000	9.2695333	9.0953000	8.9421333	8.6944000	8.5175667	8.8670333	8.8207667	7.0634667	7.3151667	7.6650000	7.8125333	8.0762667	8.7114000	9.0719667	8.3473667	8.1729000	6.7513333	9.1321667	7.1902333	7.7532667	8.1923333
