cheY	cstA	fliS	motB	glnK	deoC	cheW	fliD	yhjH	dadA	aceF	yrdB	artI	flgN	flgM	yjdA	bioD	nac	trg	cheZ	pck	motA	hcaR	fadA	udp	cheA	yeeD	cbpM	ymgC	appB	ves	ccmD	yjjZ	tar	cheR	ymgA	cadB	fadB	yjdI	flxA	yjcH	fhuF	atpC	ksgA	flgL	livH	ycgZ	hyaE	dmsA	fliZ	modC	nupG	ryhB	cheB	cycA	appC	betA	yjcZ	tap	yghZ	fliC	ycgR	ycdZ	bioC	actP	yjjI	betI	tsr	modB	rimN	bcsF	hyaB	flgK	aldA	flgD
8.2874333	11.8753333	7.4172667	7.4523000	6.9643333	11.4126667	7.7481667	6.0282000	8.1554000	11.0916667	9.3938667	8.7362667	8.5014000	6.7859333	6.7889000	6.6175333	7.7116333	7.7059667	8.4242333	7.7170333	9.1075667	7.8829667	8.4445000	9.5307333	9.5630667	7.9487667	9.4803667	9.1958333	6.1436000	9.0614000	8.0457333	7.2267333	10.3750000	8.4434000	7.7548667	8.9555667	8.1031000	9.3836667	9.8728000	7.3123667	8.0108000	9.4261333	10.0027333	10.9433333	9.3569000	9.0876000	10.8980000	8.8587000	7.7291667	6.6433000	8.2711000	8.6339333	11.0086667	7.8453333	9.8832000	9.3314333	7.9647333	8.2246333	7.7887667	10.7580000	9.9322667	7.2398667	9.7279000	8.0401000	8.5109000	7.5875333	7.9092667	8.6618333	8.4138667	8.8714667	7.6996333	8.9813333	6.9044000	10.6223333	7.9267000
8.8001333	10.1324667	8.0053000	7.5837000	7.7240333	11.4650000	8.3789000	7.2006000	7.7759667	10.5944333	12.1473333	8.9473000	9.8133000	8.5878000	8.8297000	7.2489000	7.8817000	7.3308000	8.7667000	7.9967000	10.3663000	6.9768000	8.4364333	8.3492333	11.5496667	8.2367000	8.0746000	8.2597333	5.0150333	7.8379333	8.6127333	7.4161333	6.7090333	8.7592000	7.6973333	9.2231000	6.9673333	8.4600333	8.4108333	7.6062667	7.5922667	9.4274667	10.6396667	9.9625667	8.2325667	9.0746000	9.2457000	7.8171333	7.9127000	7.5413000	8.3856333	9.9298667	7.7070667	7.6746000	9.1013000	8.5144000	9.2466000	8.1864000	8.8066000	8.9708667	8.3800000	6.7026667	10.0180000	7.8443667	7.4754667	7.6314333	9.3838667	9.0483667	8.5781667	9.6228667	7.8594333	8.3873333	7.5532333	9.8875667	9.6607667
