araG	betI	ymgA	actP	aceF
7.8589000	8.4085000	8.7005000	9.4958000	9.5626000
7.5750250	8.9722750	8.6051250	7.3797750	11.6402500
