araG	betI	ymgA	actP	aceF
7.8507500	8.8293500	8.1742000	7.0687000	11.3330000
7.5470000	9.4929000	9.0771000	8.6409000	10.3980000
