araG	betI	ymgA	actP	aceF
6.7881000	10.6210000	10.4850000	7.0057000	8.0590000
7.4239333	10.6096667	10.6186667	7.7132333	11.0513333
