araG	betI	ymgA	actP	aceF
7.0438500	9.5300500	8.8929500	7.2063500	12.4170000
7.2554000	10.4990000	8.3931000	7.4959000	9.4226000
