araG	betI	ymgA	actP	aceF
10.5320000	8.0400000	8.2242500	7.7430500	12.6275000
9.7662000	8.1151000	10.5770000	9.6270000	9.7055000
