araG	betI	ymgA	actP	aceF
7.8507500	8.8293500	8.1742000	7.0687000	11.3330000
7.5470000	9.4929000	9.0771000	8.6409000	10.3980000
7.0438500	9.5300500	8.8929500	7.2063500	12.4170000
7.2554000	10.4990000	8.3931000	7.4959000	9.4226000
6.7881000	10.6210000	10.4850000	7.0057000	8.0590000
7.4239333	10.6096667	10.6186667	7.7132333	11.0513333
10.5320000	8.0400000	8.2242500	7.7430500	12.6275000
9.7662000	8.1151000	10.5770000	9.6270000	9.7055000
