araG	betI	ymgA	actP	aceF
7.8589000	8.4085000	8.7005000	9.4958000	9.5626000
7.8507500	8.8293500	8.1742000	7.0687000	11.3330000
7.5470000	9.4929000	9.0771000	8.6409000	10.3980000
7.0438500	9.5300500	8.8929500	7.2063500	12.4170000
7.2554000	10.4990000	8.3931000	7.4959000	9.4226000
7.5750250	8.9722750	8.6051250	7.3797750	11.6402500
10.5320000	8.0400000	8.2242500	7.7430500	12.6275000
9.7662000	8.1151000	10.5770000	9.6270000	9.7055000
