araG	betI	ymgA	actP	aceF
7.8589000	8.4085000	8.7005000	9.4958000	9.5626000
7.8507500	8.8293500	8.1742000	7.0687000	11.3330000
7.5470000	9.4929000	9.0771000	8.6409000	10.3980000
7.0438500	9.5300500	8.8929500	7.2063500	12.4170000
7.2554000	10.4990000	8.3931000	7.4959000	9.4226000
6.7881000	10.6210000	10.4850000	7.0057000	8.0590000
7.5750250	8.9722750	8.6051250	7.3797750	11.6402500
7.4239333	10.6096667	10.6186667	7.7132333	11.0513333
