fliC	motB	yhjH	araB	betB	yjcH
11.8935000	8.8307000	10.4920000	8.6699000	10.7500000	9.7496000
13.6635000	11.1070000	11.0430000	7.9613500	8.8463500	6.5571000
