fliC	motB	yhjH	araB	betB	yjcH
8.8207667	7.8916000	8.6714667	8.8943000	8.2941333	8.0962667
8.8209000	6.9767000	8.3626000	8.0172000	8.5990000	8.9353000
