fliC	motB	yhjH	araB	betB	yjcH
13.3250000	10.4130000	11.9130000	8.1547000	9.4440000	8.5279000
10.0792000	7.9523000	8.3469000	8.1081000	9.3909000	6.1164333
