fliC	motB	yhjH	araB	betB	yjcH
8.8762000	7.0039333	7.9460667	7.5203000	7.7158000	6.7023333
13.1830000	12.3290000	12.5280000	7.8929000	10.1870000	6.4309000
