fliC	motB	yhjH	araB	betB	yjcH
7.7777500	6.8184500	8.7132500	13.7405000	8.2016500	7.4726000
13.8090000	10.4430000	12.5340000	8.7440000	10.1170000	11.0780000
