fliC	motB	yhjH	araB	betB	yjcH
8.8762000	7.0039333	7.9460667	7.5203000	7.7158000	6.7023333
8.8207667	7.8916000	8.6714667	8.8943000	8.2941333	8.0962667
8.8209000	6.9767000	8.3626000	8.0172000	8.5990000	8.9353000
7.7777500	6.8184500	8.7132500	13.7405000	8.2016500	7.4726000
13.3250000	10.4130000	11.9130000	8.1547000	9.4440000	8.5279000
13.1830000	12.3290000	12.5280000	7.8929000	10.1870000	6.4309000
10.0792000	7.9523000	8.3469000	8.1081000	9.3909000	6.1164333
13.8090000	10.4430000	12.5340000	8.7440000	10.1170000	11.0780000
