betA	fadJ	flgK	dadA	dctA	deoC	ymgA	artQ	ycgR	cheA	trg	ryhB	ycgZ	ves	fecI	tar	yjdA	yhjH	nupG	ompW	ansB	yqeF	yjdJ	motB	mglB	ymgC	rimN	udp	modC	fliC	ybhJ	nudB	fadB	flgM	yebK	dadX	flxA	feaR	flgN	flgL	yjjI	fliD	pykF	tsr	fliT	cycA	artI	astA	cheB	pncA	fliZ	cstA	modA	atpC	fhuF	entB	astC	cheZ	modB	fliA	betT	betI	aceK	bcsE	astB	yrdB	cheR	yjcZ	tap	cheY	glnK	aceB	motA	bcsF	fadA	cheW	cadB
8.4551500	9.4250500	12.2095000	10.0306000	10.4030000	9.4337000	7.5966500	9.5229000	11.0550000	12.8700000	10.9275000	7.5162000	7.5217000	10.0775000	8.2173500	13.4835000	11.1185000	12.4010000	7.3934000	10.7050000	12.8030000	8.2359500	10.5285000	11.0060000	11.1760000	4.4695500	8.6426500	11.0330000	9.5318500	14.2830000	7.6153000	10.2310000	7.7594500	12.6260000	9.2639500	9.2942000	10.4355000	6.9776500	12.5735000	11.4710000	9.6379000	12.7025000	10.6865000	10.2895000	11.4390000	8.2534500	10.5295000	8.5701000	11.0950000	8.2523000	11.9605000	10.8830000	10.5990000	9.7007500	7.6359500	8.2356500	8.3912500	11.5160000	10.4070000	12.8250000	8.7196000	8.5592000	8.4037500	8.5452500	8.2645000	8.2766500	10.3885000	10.7645000	11.6250000	11.7115000	7.4301000	12.8775000	11.2815000	7.6578000	7.7396500	12.6380000	9.3842000
9.3335000	9.8210000	10.4140000	11.4970000	11.5760000	9.2226000	7.9435000	8.7332000	9.0328000	11.7910000	9.8705000	8.2763000	7.4585000	9.3909000	9.0186000	11.3640000	9.3847000	10.6220000	7.9735000	8.4956000	7.8966000	9.0372000	8.4707000	10.0670000	12.8310000	4.4689000	9.8921000	9.7047000	8.7823000	13.2000000	7.8099000	10.4110000	9.1306000	11.5310000	9.9908000	10.4110000	10.5990000	6.7287000	11.4460000	10.3220000	7.5858000	11.2490000	9.2153000	10.9450000	10.2850000	8.6709000	9.4512000	8.8395000	10.6650000	9.2678000	10.5500000	10.9680000	9.3072000	11.2390000	9.3150000	8.6350000	8.5850000	10.4680000	9.0673000	11.7130000	9.2199000	9.4456000	8.8532000	8.5422000	8.4436000	8.6803000	9.4442000	8.8045000	10.5440000	11.7130000	8.1193000	11.6710000	9.8770000	8.0236000	8.6962000	11.1200000	7.6919000
