betA	fadJ	flgK	dadA	dctA	deoC	ymgA	artQ	ycgR	cheA	trg	ryhB	ycgZ	ves	fecI	tar	yjdA	yhjH	nupG	ompW	ansB	yqeF	yjdJ	motB	mglB	ymgC	rimN	udp	modC	fliC	ybhJ	nudB	fadB	flgM	yebK	dadX	flxA	feaR	flgN	flgL	yjjI	fliD	pykF	tsr	fliT	cycA	artI	astA	cheB	pncA	fliZ	cstA	modA	atpC	fhuF	entB	astC	cheZ	modB	fliA	betT	betI	aceK	bcsE	astB	yrdB	cheR	yjcZ	tap	cheY	glnK	aceB	motA	bcsF	fadA	cheW	cadB
9.4135000	8.5605000	10.1860000	8.8805000	9.1332000	9.3503000	8.0263000	9.3203000	8.8528000	11.7360000	9.0484000	8.4191000	7.8100000	9.3557000	9.3373000	10.9760000	8.7881000	11.0810000	7.3977000	7.3330000	8.0294000	8.2293000	8.0760000	10.2560000	8.7176000	4.5557000	10.0330000	9.7571000	8.9202000	12.7520000	7.8032000	11.1620000	8.2651000	11.4570000	9.1726000	8.7321000	10.8380000	6.6464000	11.3320000	10.4880000	7.7493000	11.1380000	10.8180000	11.7300000	10.5710000	8.5300000	10.0920000	8.5475000	10.5900000	9.5862000	9.6797000	9.0431000	9.2643000	11.8210000	9.5879000	8.8750000	7.9993000	10.4170000	9.1313000	10.8010000	9.2245000	9.6102000	8.2883000	8.6037000	8.2513000	8.9009000	9.5798000	8.9536000	10.3160000	11.4090000	7.9352000	9.0448000	10.1760000	7.7684000	8.2320000	11.2640000	7.3086000
9.2495000	10.7640000	7.2948000	11.9600000	9.6966000	9.8997000	9.5642000	9.7172000	6.8280000	7.9829000	8.9860000	8.2838000	8.7287000	8.3650000	7.8593000	8.6644000	7.7351000	7.9307000	8.0946000	7.6639000	7.9746000	9.4967000	11.8130000	7.3681000	11.9730000	6.2247000	9.0900000	11.1240000	8.5603000	8.7313000	7.5149000	9.7443000	10.1460000	8.2796000	9.2466000	10.7160000	8.2428000	7.3418000	7.8214000	8.0516000	7.5059000	6.5124000	10.5480000	8.9906000	8.1823000	9.8967000	11.2790000	10.6830000	7.9049000	8.9661000	6.6153000	12.1330000	8.7642000	11.8120000	7.7629000	8.1782000	11.7480000	7.8652000	8.5581000	7.2613000	9.5329000	9.3044000	9.6335000	9.6058000	10.3670000	8.5640000	7.8376000	8.4298000	8.7271000	8.7673000	7.7421000	13.6860000	7.1838000	9.0695000	9.6806000	8.1365000	6.9840000
