betA	fadJ	flgK	dadA	dctA	deoC	ymgA	artQ	ycgR	cheA	trg	ryhB	ycgZ	ves	fecI	tar	yjdA	yhjH	nupG	ompW	ansB	yqeF	yjdJ	motB	mglB	ymgC	rimN	udp	modC	fliC	ybhJ	nudB	fadB	flgM	yebK	dadX	flxA	feaR	flgN	flgL	yjjI	fliD	pykF	tsr	fliT	cycA	artI	astA	cheB	pncA	fliZ	cstA	modA	atpC	fhuF	entB	astC	cheZ	modB	fliA	betT	betI	aceK	bcsE	astB	yrdB	cheR	yjcZ	tap	cheY	glnK	aceB	motA	bcsF	fadA	cheW	cadB
9.4761000	11.0650000	7.3378000	12.0440000	12.5310000	8.8679000	8.1903000	8.2859000	7.3129000	8.6438000	9.4018000	9.7203000	8.0485000	9.0578000	8.1229000	9.5955000	7.6419000	8.5680000	7.6053000	7.7701000	7.4073000	8.5120000	8.6691000	7.9301000	9.9343000	4.6721000	9.2310000	8.9478000	8.3523000	8.6765000	8.0354000	8.8196000	11.9200000	8.6258000	9.9142000	10.9480000	8.0992000	8.8217000	8.1726000	8.2419000	7.9767000	6.9800000	8.7805000	9.8499000	8.5902000	10.0710000	9.2498000	11.3180000	8.6016000	8.1388000	6.6035000	12.7190000	8.2910000	10.0840000	9.1037000	8.6242000	12.3110000	8.1712000	7.9592000	7.9381000	9.4092000	8.9173000	8.3418000	7.6474000	10.5510000	8.3355000	8.0472000	9.0754000	9.4002000	9.1663000	7.9140000	11.0480000	7.3492000	6.4619000	11.3020000	8.8265000	7.5267000
8.3362667	10.1857000	7.6528333	9.1355667	10.5336667	8.2387000	6.9280000	8.4212667	7.4916333	8.1752333	9.0439333	7.3761667	6.9491333	8.6536667	8.4726000	9.6130333	8.7100667	8.9639333	8.5006000	10.1184333	7.8658667	7.5397333	8.6893333	7.6237000	9.2404333	4.4178667	8.3062333	8.8367667	7.9594000	10.0793000	8.1316000	8.0068667	8.6179667	8.3260667	8.5605667	8.3793000	8.1634000	7.3514667	8.6782333	9.0358000	8.1275000	7.8573333	7.6460000	8.7533333	9.3321000	9.5573000	8.6570667	8.4236333	7.6986333	8.3759667	7.0423667	12.7830000	8.2758667	9.0401333	7.7933667	8.3619333	8.6589667	9.8773000	8.9662000	8.5098667	8.3028667	8.5144333	9.0981667	8.5497667	8.4966000	8.8236667	8.3803333	8.5596333	8.3492667	8.0616333	7.9790333	13.2223333	7.6780333	6.7302000	8.8727333	8.5647333	7.9167000
