betA	fadJ	flgK	dadA	dctA	deoC	ymgA	artQ	ycgR	cheA	trg	ryhB	ycgZ	ves	fecI	tar	yjdA	yhjH	nupG	ompW	ansB	yqeF	yjdJ	motB	mglB	ymgC	rimN	udp	modC	fliC	ybhJ	nudB	fadB	flgM	yebK	dadX	flxA	feaR	flgN	flgL	yjjI	fliD	pykF	tsr	fliT	cycA	artI	astA	cheB	pncA	fliZ	cstA	modA	atpC	fhuF	entB	astC	cheZ	modB	fliA	betT	betI	aceK	bcsE	astB	yrdB	cheR	yjcZ	tap	cheY	glnK	aceB	motA	bcsF	fadA	cheW	cadB
9.4938667	8.9147667	7.2617333	10.5006667	8.1089000	8.8719333	10.6186667	9.1685000	7.2746000	8.1538667	9.1014667	8.5985667	8.9311667	8.4663333	8.6356000	9.4159333	7.3215000	8.5315000	7.2129333	7.9474667	7.9003000	7.8093000	9.3596000	7.8688000	8.6469667	5.4114667	8.5674667	8.9515667	8.3949000	8.8854000	7.6539000	9.4945333	7.9135333	8.1345333	8.3053667	9.1050667	8.0209000	6.6905000	8.6874333	8.5981333	7.7588000	7.8507000	10.7066667	8.8944333	9.1446333	9.1381000	10.9356667	10.9466667	7.4873000	8.1726333	7.4596333	9.1262333	7.8947333	9.2705000	9.2437667	8.7483667	12.4816667	8.8292000	8.0904667	8.0076000	9.3442333	10.6096667	8.5940333	8.1114333	10.1436667	8.6743000	8.3697000	8.2167333	8.2640333	8.0860333	13.0733333	12.9743333	7.6502333	6.6261333	7.8249333	8.5324000	7.3943667
10.3590000	8.1476000	10.0700000	8.3101000	9.0506000	8.3334000	10.8760000	7.7970000	10.0760000	11.2360000	9.1565000	9.5564000	10.6910000	10.1710000	11.4500000	10.4240000	10.2400000	11.7470000	7.3850000	9.2648000	9.2051000	10.0290000	8.1923000	11.0440000	10.2780000	7.7838000	8.8466000	8.9340000	8.9971000	12.7190000	6.9341000	8.9674000	7.2895000	12.7400000	8.0972000	7.9551000	13.4070000	5.9790000	12.7420000	10.8100000	7.0607000	9.0630000	8.9212000	11.0160000	9.1166000	9.6075000	8.2226000	7.5437000	8.8099000	7.7163000	9.9653000	10.3690000	10.3950000	10.6330000	12.4280000	10.6410000	7.6813000	9.6204000	10.2470000	10.6860000	10.5430000	10.8630000	7.8255000	9.6132000	7.5403000	9.0521000	8.9515000	8.7138000	10.0760000	9.4998000	7.1854000	9.0051000	11.7440000	8.8956000	7.5082000	10.5600000	7.2578000
