aer	betI	acs	carA
8.4629	8.241733333333334	7.5402999999999984	12.063333333333333
9.779066666666667	8.7114	8.051933333333332	9.032933333333332
9.961933333333334	9.273666666666664	7.636666666666668	8.453966666666666
11.198	9.2396	8.7099	9.5315
8.607266666666668	9.2169	7.893433333333332	8.793333333333335
8.926	9.5682	9.1709	8.5109
10.99	10.863	6.6024	8.1241
8.707833333333333	8.964699999999997	8.4736	9.661
9.01664	10.2956	8.00038	9.28084
9.106	9.4908	8.5006	8.9136
8.8898	10.251	7.9884	9.5557
