trg	artQ	isrC	astA	appB	dctA	ycgZ	yeeD	yedL	fhuF	flgM	apaH	hyaE	cheZ	ymgC	yjcZ	fliC	bioB	pykF	tyrA	cheB	tar	flgK	cheW	yjdA	hcaR	hyaF	ryhB	cheR	astB	tsr	deoC	cheY	dadX	fliA	aceF	astE	modC	mglB	fliD	udp	fliZ	cheA	ccmD	cysP	motA	hyaB	cadA	flgL	glnK	yhjH	bcsA	fadA	ycgR	motB	yjdI	hyaD	fecI	ksgA	bioD	fliT	fliS	feaR	tap	flxA	hyaC	ves	ybiT	nupG	flgD	fadB	ymgA	pncA	cstA	astD	flgN
8.9075500	9.4104000	3.6296000	8.4205000	7.5573500	8.9682500	7.6160000	8.7322000	7.5324500	9.4647500	11.4190000	8.3526500	7.6809000	10.3560000	4.5200500	8.9374500	12.8260000	8.2804500	10.7925000	8.2672000	10.5840000	11.0260000	10.3300000	11.1680000	8.7918000	7.7692500	7.5384000	8.5904000	9.4351000	8.1526000	11.6160000	9.2148500	11.3820000	8.6722500	10.8130000	12.5195000	6.7391500	8.7294500	8.8018500	11.1095000	8.9676500	9.6175500	11.7765000	7.6458000	8.7390500	10.3555000	8.4184500	8.1204000	10.5260000	8.0169000	11.2125000	8.4361000	8.0170500	8.8078000	10.3940000	8.3108000	7.9654500	9.0049500	10.2365000	7.9887500	10.5035000	10.4575000	6.5083000	10.3950000	10.9415000	7.5410500	9.4235500	9.9735000	7.3495500	12.0680000	8.2620500	8.0373000	9.6301500	9.0565500	7.7659500	11.2450000
9.1121000	7.6695000	4.0529000	8.7827000	7.7084000	9.7539000	8.6497000	8.1966000	7.3257000	7.9231000	8.2694000	7.9259000	7.6606000	7.7949000	4.4895000	8.3936000	8.9481000	8.1492000	8.6153000	8.1297000	7.9943000	8.8591000	6.9811000	8.3938000	7.3601000	9.2165000	7.6311000	8.1459000	7.9828000	7.9086000	9.4381000	9.0837000	8.6914000	9.6547000	7.4655000	9.2284000	6.6274000	8.3267000	12.0520000	6.9906000	9.3478000	6.1872000	8.1564000	7.2182000	8.8481000	7.1611000	8.2962000	7.6182000	8.1685000	7.7553000	8.1992000	8.4852000	8.6199000	6.8207000	7.5029000	8.3859000	8.0782000	7.8889000	9.1095000	7.9268000	8.3343000	8.1507000	6.6761000	8.8219000	8.1167000	7.4805000	8.6559000	9.0447000	8.0996000	8.6545000	9.1043000	8.8002000	8.2897000	10.8730000	7.8486000	7.8761000
