trg	artQ	isrC	astA	appB	dctA	ycgZ	yeeD	yedL	fhuF	flgM	apaH	hyaE	cheZ	ymgC	yjcZ	fliC	bioB	pykF	tyrA	cheB	tar	flgK	cheW	yjdA	hcaR	hyaF	ryhB	cheR	astB	tsr	deoC	cheY	dadX	fliA	aceF	astE	modC	mglB	fliD	udp	fliZ	cheA	ccmD	cysP	motA	hyaB	cadA	flgL	glnK	yhjH	bcsA	fadA	ycgR	motB	yjdI	hyaD	fecI	ksgA	bioD	fliT	fliS	feaR	tap	flxA	hyaC	ves	ybiT	nupG	flgD	fadB	ymgA	pncA	cstA	astD	flgN
9.1565000	7.7970000	3.6072000	7.5437000	6.6510000	9.0506000	10.6910000	7.2678000	7.2561000	12.4280000	12.7400000	8.0934000	6.2952000	9.6204000	7.7838000	8.7138000	12.7190000	7.1543000	8.9212000	8.3808000	8.8099000	10.4240000	10.0700000	10.5600000	10.2400000	7.3948000	5.8529000	9.5564000	8.9515000	7.5403000	11.0160000	8.3334000	9.4998000	7.9551000	10.6860000	10.3040000	5.7250000	8.9971000	10.2780000	9.0630000	8.9340000	9.9653000	11.2360000	6.7381000	8.0952000	11.7440000	6.8205000	7.5149000	10.8100000	7.1854000	11.7470000	8.5726000	7.5082000	10.0760000	11.0440000	7.6525000	6.7185000	11.4500000	8.7508000	6.8685000	9.1166000	8.6806000	5.9790000	10.0760000	13.4070000	6.3330000	10.1710000	9.7187000	7.3850000	10.0710000	7.2895000	10.8760000	7.7163000	10.3690000	6.6489000	12.7420000
9.1014667	9.1685000	3.5387667	10.9466667	8.4464333	8.1089000	8.9311667	10.2950000	10.4626667	9.2437667	8.1345333	8.2996000	7.8277667	8.8292000	5.4114667	8.2167333	8.8854000	10.9623333	10.7066667	8.1757000	7.4873000	9.4159333	7.2617333	8.5324000	7.3215000	8.2140667	7.5257333	8.5985667	8.3697000	10.1436667	8.8944333	8.8719333	8.0860333	9.1050667	8.0076000	11.0513333	7.2061000	8.3949000	8.6469667	7.8507000	8.9515667	7.4596333	8.1538667	7.1008000	10.0653333	7.6502333	8.7138000	7.8010000	8.5981333	13.0733333	8.5315000	8.7987333	7.8249333	7.2746000	7.8688000	8.6308333	8.0387667	8.6356000	9.7062000	8.6823000	9.1446333	7.8161000	6.6905000	8.2640333	8.0209000	7.8126667	8.4663333	8.9884000	7.2129333	8.4388000	7.9135333	10.6186667	8.1726333	9.1262333	9.5955000	8.6874333
