betB	ycgR	yhjH	ymgA	fliC	carB
8.8821000	6.7667000	8.3630000	8.6996000	8.4930000	8.3040000
11.2260000	7.8921000	9.2270000	10.2860000	9.9244000	7.8721000
