betB	ycgR	yhjH	ymgA	fliC	carB
9.9805000	6.3385000	8.5761000	7.9655500	7.5885000	8.5053000
8.0496000	6.5909000	8.5946000	10.2150000	8.6081000	8.4957000
