betB	ycgR	yhjH	ymgA	fliC	carB
9.7049000	7.2683500	8.0860000	11.3150000	8.9329000	8.7624500
10.0410000	10.4930000	11.9230000	8.0351000	13.4320000	9.1738000
