betB	ycgR	yhjH	ymgA	fliC	carB
9.1895667	6.7026667	7.7759667	9.2231000	8.3800000	8.3799333
10.9303333	6.9185667	8.4148667	9.1953000	8.4483333	9.3707667
