betB	ycgR	yhjH	ymgA	fliC	carB
9.3054667	6.4918000	7.8334333	8.7795333	8.4390333	10.6393333
8.2941333	7.0634667	8.6714667	7.9874000	8.8207667	9.1701000
