betB	ycgR	yhjH	ymgA	fliC	carB
9.7049000	7.2683500	8.0860000	11.3150000	8.9329000	8.7624500
10.0410000	10.4930000	11.9230000	8.0351000	13.4320000	9.1738000
8.8821000	6.7667000	8.3630000	8.6996000	8.4930000	8.3040000
11.2260000	7.8921000	9.2270000	10.2860000	9.9244000	7.8721000
9.1895667	6.7026667	7.7759667	9.2231000	8.3800000	8.3799333
10.9303333	6.9185667	8.4148667	9.1953000	8.4483333	9.3707667
9.9805000	6.3385000	8.5761000	7.9655500	7.5885000	8.5053000
8.0496000	6.5909000	8.5946000	10.2150000	8.6081000	8.4957000
