betA	carB	fadJ	flgK	tyrA	deoC	ymgA	ycgR	cheA	trg	ryhB	ycgZ	ves	fecI	tar	hyaD	yjdA	yhjH	nupG	ompW	ansB	hyaE	hyaF	motB	ymgC	rimN	udp	modC	fliC	fadB	flgM	appC	dadX	flxA	feaR	appB	flgN	flgL	yjjI	fliD	pyrB	pykF	tsr	fliT	ksgA	aceF	astA	cheB	pncA	fliZ	cstA	modA	atpC	hyaC	fhuF	entB	astC	cheZ	modB	fliA	betT	betI	aceK	astB	yrdB	cheR	yjcZ	tap	yghZ	cysP	hyaB	cheY	glnK	aceB	pyrI	motA	fadA	cheW	cadB
9.2111000	12.9960000	9.4859000	11.7810000	7.9885000	9.5326000	8.4951000	11.5700000	12.9390000	11.0280000	8.6259000	7.7385000	10.9390000	8.2270000	12.8820000	8.4508000	10.7190000	12.4630000	7.6572000	10.0790000	10.0030000	8.0537000	7.7073000	10.7570000	4.3598000	8.4048000	9.4909000	9.1259000	13.8090000	10.3350000	12.9290000	8.6822000	10.1060000	11.8650000	7.2750000	8.0646000	12.3470000	12.1610000	8.2940000	12.1410000	13.7070000	9.8592000	10.9150000	10.9720000	9.4585000	10.9300000	9.3071000	10.8120000	8.6143000	11.3970000	10.8370000	9.7865000	11.6620000	7.8670000	8.2571000	8.4474000	10.0660000	11.0570000	9.3808000	11.9540000	9.0005000	9.3560000	8.6034000	8.5436000	7.5878000	9.7307000	11.1310000	11.3210000	9.6326000	10.7790000	8.7607000	11.9580000	9.3271000	12.6510000	13.2120000	10.6710000	9.5456000	12.8140000	7.0488000
8.5640000	10.6240000	10.1980000	6.6133000	8.3403000	8.6708000	7.7578000	6.7760000	7.7965000	8.3261000	9.5060000	7.3923000	8.1158000	9.6888000	8.2242000	7.5414000	7.3451000	8.5247000	7.6775000	7.5315000	7.4162000	7.3322000	7.2935000	6.6705000	4.3465000	10.1450000	9.3807000	8.0430000	8.4311000	8.4687000	8.2547000	9.0340000	8.6862000	7.9199000	6.7727000	7.6196000	8.3722000	7.8933000	7.2990000	7.3164000	12.4790000	10.1850000	8.7984000	8.6919000	9.7445000	10.7890000	8.3554000	7.3873000	9.1164000	6.9362000	12.0810000	8.3613000	12.0020000	7.2958000	10.6050000	9.7990000	8.1484000	8.1079000	8.9673000	6.9296000	8.6210000	8.1144000	9.7160000	8.5939000	9.4068000	7.8142000	8.2970000	8.3498000	9.2354000	9.4883000	8.0414000	8.4029000	7.6400000	12.8180000	11.4430000	7.4871000	8.7766000	8.1825000	7.3419000
