betA	carB	fadJ	flgK	tyrA	deoC	ymgA	ycgR	cheA	trg	ryhB	ycgZ	ves	fecI	tar	hyaD	yjdA	yhjH	nupG	ompW	ansB	hyaE	hyaF	motB	ymgC	rimN	udp	modC	fliC	fadB	flgM	appC	dadX	flxA	feaR	appB	flgN	flgL	yjjI	fliD	pyrB	pykF	tsr	fliT	ksgA	aceF	astA	cheB	pncA	fliZ	cstA	modA	atpC	hyaC	fhuF	entB	astC	cheZ	modB	fliA	betT	betI	aceK	astB	yrdB	cheR	yjcZ	tap	yghZ	cysP	hyaB	cheY	glnK	aceB	pyrI	motA	fadA	cheW	cadB
8.4551500	8.6335500	9.4250500	12.2095000	7.7930000	9.4337000	7.5966500	11.0550000	12.8700000	10.9275000	7.5162000	7.5217000	10.0775000	8.2173500	13.4835000	10.3385000	11.1185000	12.4010000	7.3934000	10.7050000	12.8030000	9.2968500	9.2363000	11.0060000	4.4695500	8.6426500	11.0330000	9.5318500	14.2830000	7.7594500	12.6260000	9.8256000	9.2942000	10.4355000	6.9776500	8.6098000	12.5735000	11.4710000	9.6379000	12.7025000	8.8218000	10.6865000	10.2895000	11.4390000	9.9212500	11.1375000	8.5701000	11.0950000	8.2523000	11.9605000	10.8830000	10.5990000	9.7007500	10.6125000	7.6359500	8.2356500	8.3912500	11.5160000	10.4070000	12.8250000	8.7196000	8.5592000	8.4037500	8.2645000	8.2766500	10.3885000	10.7645000	11.6250000	10.2115000	8.8479500	10.3445000	11.7115000	7.4301000	12.8775000	8.1264500	11.2815000	7.7396500	12.6380000	9.3842000
9.1536333	9.2759667	9.4571000	10.5403333	8.1360000	9.6358333	8.2044000	9.7138333	11.9850000	10.4688333	8.2759333	7.5387000	10.4476667	8.3147333	11.9140000	8.2901000	10.1926667	12.0260000	9.3563333	9.2094333	8.5957667	7.9215333	7.6513333	10.8990000	4.3728667	8.9897000	12.1333333	9.1683333	13.1226667	8.2828667	11.9753333	8.5915000	9.8942333	11.3696667	7.2102333	7.9927333	11.8786667	10.7943333	7.8960000	10.9506667	9.0003667	10.4440000	11.6193333	10.4720000	9.6453667	10.9681333	8.6002667	10.3000000	8.8871000	10.5926667	10.2907000	9.5980000	11.7490000	7.7539333	8.5898000	8.5150333	8.1755333	11.2783333	9.9322333	11.5323333	8.9594333	9.0176667	8.0037667	8.3156333	8.3311667	9.7291667	9.8419000	10.7303333	9.4774333	9.2540000	8.6638667	11.2573333	7.8359333	7.8863667	8.4184333	11.1786667	8.2518333	11.9260000	7.4518333
