betA	carB	fadJ	flgK	tyrA	deoC	ymgA	ycgR	cheA	trg	ryhB	ycgZ	ves	fecI	tar	hyaD	yjdA	yhjH	nupG	ompW	ansB	hyaE	hyaF	motB	ymgC	rimN	udp	modC	fliC	fadB	flgM	appC	dadX	flxA	feaR	appB	flgN	flgL	yjjI	fliD	pyrB	pykF	tsr	fliT	ksgA	aceF	astA	cheB	pncA	fliZ	cstA	modA	atpC	hyaC	fhuF	entB	astC	cheZ	modB	fliA	betT	betI	aceK	astB	yrdB	cheR	yjcZ	tap	yghZ	cysP	hyaB	cheY	glnK	aceB	pyrI	motA	fadA	cheW	cadB
8.9316000	8.7624500	9.5857500	7.8655500	7.8477000	9.8567000	11.3150000	7.2683500	8.2160500	9.1360500	8.0802500	11.2620000	8.6393000	8.3215500	8.8547500	11.5205000	7.2229000	8.0860000	7.2469000	12.6085000	8.3738500	10.5045000	9.9351500	7.7840000	7.0808500	8.9282500	10.2965000	8.2358000	8.9329000	8.3705500	8.4637500	10.7690000	10.1961500	7.8267000	7.2502500	9.6340500	7.9961000	8.2774500	8.4405000	6.8120500	8.8150000	10.9675000	9.2387000	8.5256000	11.0270000	11.0715000	9.9106000	7.5968500	8.7325000	6.9872000	11.0770000	8.5180000	9.7145000	11.7035000	8.4170000	8.4899500	10.5370000	7.8264000	8.2510500	7.4338500	9.2279000	9.7114000	10.0902500	9.3243000	8.2473500	7.7136500	8.1130500	8.5768500	9.4682500	9.9545500	11.5305000	8.7340000	7.4477500	14.0125000	7.9847000	7.4249000	8.2432000	8.3629500	7.1875000
8.5847000	8.1348000	9.4159000	6.9483000	9.5864000	9.0393000	8.3117000	6.0288000	7.9728000	8.2912000	8.3725000	7.8517000	8.1895000	8.2760000	8.4148000	7.8841000	7.4981000	8.3626000	7.9391000	12.3470000	9.3545000	7.4608000	7.2274000	6.9767000	4.3556000	9.5270000	10.3530000	8.1688000	8.8209000	8.5685000	8.0896000	8.5895000	10.1960000	7.0996000	7.0482000	7.6277000	7.9012000	7.9712000	8.1984000	6.5004000	8.0755000	10.1590000	8.7994000	8.1668000	9.0856000	10.7680000	8.3802000	7.5208000	9.4955000	6.7259000	11.7490000	8.7776000	12.9600000	7.4922000	9.2414000	8.7588000	8.1900000	7.9966000	8.5167000	7.2486000	8.7720000	8.6366000	8.1859000	8.1954000	8.7296000	7.8908000	8.1273000	8.4491000	9.5872000	12.1020000	8.2783000	8.4416000	7.0856000	9.8799000	7.5186000	7.0922000	8.3788000	8.3399000	7.1331000
