cheY	cstA	fliS	pykF	motB	glnK	deoC	cheW	fliD	yhjH	dadA	aceF	flgN	flgM	yjdA	bioD	nac	trg	cheZ	pck	motA	hcaR	fadA	udp	cheA	yeeD	cbpM	ymgC	appB	ves	ucpA	ccmD	tar	cheR	ymgA	cadB	fadB	yjdI	flxA	yjcH	atpC	artQ	ksgA	flgL	livH	ycgZ	hyaE	dmsA	fliZ	modC	nupG	cheB	cycA	arnB	appC	betA	yjcZ	tap	yghZ	fliC	ycgR	ycdZ	bioC	actP	yjjI	betI	tsr	modB	bcsF	hyaB	flgK	aldA	flgD
9.3942000	9.3904000	8.9076000	8.9306000	9.9807000	8.0676000	12.8140000	9.8443000	8.4605000	10.2610000	8.6214000	8.6906000	10.1800000	10.3800000	8.5432000	8.1853000	7.3480000	9.5079000	8.1481000	10.5600000	9.6515000	7.7094000	8.7649000	11.6770000	10.5680000	7.7972000	8.4464000	4.8832000	8.6739000	8.9790000	10.0900000	7.1446000	9.5219000	8.1256000	9.5752000	7.9435000	8.9042000	8.5259000	10.9990000	7.3458000	10.1370000	7.8177000	9.2793000	9.6701000	8.9316000	8.2115000	8.0459000	8.2129000	9.7898000	8.4733000	8.2642000	8.1887000	8.0387000	7.1883000	9.6798000	9.2166000	8.6703000	9.4684000	9.0610000	12.1620000	7.7652000	9.7377000	8.0415000	7.5930000	8.2300000	9.6726000	10.3240000	7.9504000	8.0964000	8.9125000	8.7784000	8.0073000	10.7380000
11.3625000	10.5820000	11.5200000	10.6335000	10.9090000	7.7495000	10.1815000	11.4790000	11.9145000	12.2925000	10.4185000	11.3330000	12.6765000	12.7350000	11.2495000	7.7312000	7.5815000	10.4310000	11.5590000	10.9400000	11.3230000	8.3129000	7.9286500	10.3000000	11.9725000	8.0318500	10.5320000	4.5290000	9.7575500	10.0680000	10.2245000	7.8019000	13.1680000	10.6105000	8.1742000	10.6095000	8.0849000	10.7895000	10.2368500	6.5248000	9.1163500	8.7023000	10.4270000	11.0990000	9.0422000	7.9533000	11.0410000	10.8835000	10.8285000	9.4270000	7.2382000	10.9960000	8.4173000	7.6930500	11.0335000	8.6088500	10.4320000	11.4115000	9.8037500	13.7475000	10.7570000	8.1321500	7.8004000	7.0687000	9.6018000	8.8293500	9.8696500	10.2565000	7.3034000	12.3985000	11.8680000	8.5041500	8.7997500
