cheY	cstA	fliS	pykF	motB	glnK	deoC	cheW	fliD	yhjH	dadA	aceF	flgN	flgM	yjdA	bioD	nac	trg	cheZ	pck	motA	hcaR	fadA	udp	cheA	yeeD	cbpM	ymgC	appB	ves	ucpA	ccmD	tar	cheR	ymgA	cadB	fadB	yjdI	flxA	yjcH	atpC	artQ	ksgA	flgL	livH	ycgZ	hyaE	dmsA	fliZ	modC	nupG	cheB	cycA	arnB	appC	betA	yjcZ	tap	yghZ	fliC	ycgR	ycdZ	bioC	actP	yjjI	betI	tsr	modB	bcsF	hyaB	flgK	aldA	flgD
11.6686667	9.3490000	11.1453333	9.7060333	11.5936667	8.4440667	8.3399333	11.7626667	12.2103333	11.1740000	9.1978000	11.6003333	11.7196667	11.9120000	9.9461667	8.9605333	7.2747333	9.1221333	12.3773333	9.8820333	11.3636667	8.1210667	8.3714333	8.7011000	12.3030000	10.0172333	7.9970333	4.3034000	7.5651667	9.1854667	8.5652667	7.7626333	12.9966667	11.0143333	6.5089333	7.5762667	8.3312667	7.7968333	9.0304333	8.0378667	10.9236667	9.3612667	10.1240000	11.0973333	10.4065000	6.6111333	7.6613000	8.2398667	11.5903333	8.2628333	7.7675667	11.1823333	9.0081000	7.8693000	8.8105333	8.5464667	9.6361000	11.7670000	8.4078333	13.9420000	8.9202333	7.8072667	8.4838667	8.1072000	8.1490667	8.5291667	12.0413333	9.1273667	6.9552000	8.2646000	11.8630000	8.2412000	13.5023333
9.1663000	12.7190000	8.8667000	8.7805000	7.9301000	7.9140000	8.8679000	8.8265000	6.9800000	8.5680000	12.0440000	9.9955000	8.1726000	8.6258000	7.6419000	8.2451000	7.4072000	9.4018000	8.1712000	9.9699000	7.3492000	9.2510000	11.3020000	8.9478000	8.6438000	9.6505000	8.9636000	4.6721000	7.7355000	9.0578000	11.0990000	7.0724000	9.5955000	8.0472000	8.1903000	7.5267000	11.9200000	8.5901000	8.0992000	9.7748000	10.0840000	8.2859000	8.9228000	8.2419000	9.6079000	8.0485000	8.0693000	8.5361000	6.6035000	8.3523000	7.6053000	8.6016000	10.0710000	7.3352000	9.1177000	9.4761000	9.0754000	9.4002000	10.2370000	8.6765000	7.3129000	9.1296000	8.2422000	9.5033000	7.9767000	8.9173000	9.8499000	7.9592000	6.4619000	8.9457000	7.3378000	12.4530000	9.2585000
