cheY	cstA	fliS	pykF	motB	glnK	deoC	cheW	fliD	yhjH	dadA	aceF	flgN	flgM	yjdA	bioD	nac	trg	cheZ	pck	motA	hcaR	fadA	udp	cheA	yeeD	cbpM	ymgC	appB	ves	ucpA	ccmD	tar	cheR	ymgA	cadB	fadB	yjdI	flxA	yjcH	atpC	artQ	ksgA	flgL	livH	ycgZ	hyaE	dmsA	fliZ	modC	nupG	cheB	cycA	arnB	appC	betA	yjcZ	tap	yghZ	fliC	ycgR	ycdZ	bioC	actP	yjjI	betI	tsr	modB	bcsF	hyaB	flgK	aldA	flgD
9.4998000	10.3690000	8.6806000	8.9212000	11.0440000	7.1854000	8.3334000	10.5600000	9.0630000	11.7470000	8.3101000	10.3040000	12.7420000	12.7400000	10.2400000	6.8685000	7.3888000	9.1565000	9.6204000	9.7831000	11.7440000	7.3948000	7.5082000	8.9340000	11.2360000	7.2678000	8.5188000	7.7838000	6.6510000	10.1710000	9.1704000	6.7381000	10.4240000	8.9515000	10.8760000	7.2578000	7.2895000	7.6525000	13.4070000	5.5497000	10.6330000	7.7970000	8.7508000	10.8100000	8.8349000	10.6910000	6.2952000	8.0673000	9.9653000	8.9971000	7.3850000	8.8099000	9.6075000	7.4412000	7.4778000	10.3590000	8.7138000	10.0760000	7.9123000	12.7190000	10.0760000	9.9743000	6.3931000	6.6229000	7.0607000	10.8630000	11.0160000	10.2470000	8.8956000	6.8205000	10.0700000	7.9993000	10.0710000
11.8180000	12.6420000	11.5600000	9.4192000	10.4430000	8.0622000	9.3613000	12.1460000	11.9210000	12.5340000	12.1090000	11.0900000	12.2870000	12.7210000	10.9500000	7.8612000	7.4395000	11.3680000	11.0190000	12.4010000	10.9250000	10.3800000	10.3600000	9.6607000	12.3580000	10.5660000	8.7868000	4.6267000	7.7263000	10.7160000	11.1630000	7.6135000	12.7400000	9.8051000	8.1345000	6.9155000	11.5770000	9.0592000	11.8900000	11.0780000	11.3690000	8.9551000	9.8488000	12.0420000	9.2782000	7.9013000	7.8547000	8.4740000	11.6670000	9.2918000	8.3938000	10.9430000	10.1630000	7.1476000	8.6365000	9.5806000	10.5170000	11.2970000	10.6250000	13.8090000	11.3340000	8.3498000	7.8800000	10.5290000	7.7179000	9.8268000	10.6590000	9.7046000	7.3495000	8.4205000	11.4230000	11.8530000	12.8010000
