aer	betI	acs
7.2824	7.418233333333332	7.550366666666666
9.2581	8.8082	8.6458
9.7651	8.82935	7.8578
10.697	9.9519	9.344
9.3445	9.6682	7.736499999999999
9.3447	10.321	9.1283
10.99	10.863	6.6024
8.693333333333333	8.962466666666666	8.537366666666665
9.1158	10.609666666666667	7.683233333333334
8.8496	8.0375	7.6087500000000015
8.5361	8.2442	12.526
