bcsE	dadA	ryhB	araA	entB	cheY	artI	hyaD	araB	fliD	ymgA	motA	betA	fadJ	yrdB	flgD	feaR	fliA	ymgC	yjcZ	rimN	betI	isrA	ves	fhuF	flgN	modC	cstA	modA	hyaF	nupG	yjdA	tap	argW	fliS	fliQ	araD	yhjH	fliZ	ycgR	bioD	tyrA	fadA	appB	ycgZ	modB	glnK	cheW	dsrB	nac	udp	flgK	fliT	cheA	deoC	trg	appC	fliC	aceF	flxA	yedL	artQ	cadB	bioB	flgB	tar	hyaE	cheZ	yjdI	flgM	flgL	hyaB	motB	cheR	fecI	tsr	cheB	hcaR
8.5570000	9.5282000	6.8445000	7.5535000	8.0221000	8.1864000	8.4326000	7.5200000	7.2109000	7.0759000	10.4850000	11.0290000	8.5770000	8.9784000	9.2362000	8.2997000	5.8885000	8.7192000	6.4098000	8.3222000	10.0990000	10.6210000	9.2114000	8.8847000	8.2415000	9.5206000	8.6095000	10.0870000	9.3584000	6.9217000	6.7449000	9.8428000	8.5875000	7.9512000	7.1289000	7.9257000	8.2015000	10.6670000	7.3859000	8.6217000	6.9572000	9.4736000	8.2356000	7.5399000	10.1030000	9.6027000	7.1066000	9.0867000	8.0850000	7.0232000	8.0529000	8.3700000	7.7286000	10.0340000	8.7037000	9.1494000	8.3616000	11.2640000	8.0590000	11.3220000	6.8236000	8.0025000	6.9738000	7.3837000	6.8570000	8.8054000	7.1200000	8.0887000	7.6818000	9.5027000	8.9631000	7.7183000	10.1360000	7.6899000	8.1815000	10.4240000	7.4737000	7.5518000
8.1114333	10.5006667	8.5985667	9.2259667	8.7483667	8.0860333	10.9356667	8.0387667	8.7669667	7.8507000	10.6186667	7.6502333	9.4938667	8.9147667	8.6743000	8.4388000	6.6905000	8.0076000	5.4114667	8.2167333	8.5674667	10.6096667	8.6815667	8.4663333	9.2437667	8.6874333	8.3949000	9.1262333	7.8947333	7.5257333	7.2129333	7.3215000	8.2640333	6.5379000	7.8161000	8.0392667	9.6756333	8.5315000	7.4596333	7.2746000	8.6823000	8.1757000	7.8249333	8.4464333	8.9311667	8.0904667	13.0733333	8.5324000	9.0873667	12.9866667	8.9515667	7.2617333	9.1446333	8.1538667	8.8719333	9.1014667	9.8968000	8.8854000	11.0513333	8.0209000	10.4626667	9.1685000	7.3943667	10.9623333	6.9769000	9.4159333	7.8277667	8.8292000	8.6308333	8.1345333	8.5981333	8.7138000	7.8688000	8.3697000	8.6356000	8.8944333	7.4873000	8.2140667
