bcsE	dadA	ryhB	araA	entB	cheY	artI	hyaD	araB	fliD	ymgA	motA	betA	fadJ	yrdB	flgD	feaR	fliA	ymgC	yjcZ	rimN	betI	isrA	ves	fhuF	flgN	modC	cstA	modA	hyaF	nupG	yjdA	tap	argW	fliS	fliQ	araD	yhjH	fliZ	ycgR	bioD	tyrA	fadA	appB	ycgZ	modB	glnK	cheW	dsrB	nac	udp	flgK	fliT	cheA	deoC	trg	appC	fliC	aceF	flxA	yedL	artQ	cadB	bioB	flgB	tar	hyaE	cheZ	yjdI	flgM	flgL	hyaB	motB	cheR	fecI	tsr	cheB	hcaR
8.6681000	8.4067000	8.2311000	13.7365000	7.9596000	8.0984000	9.0533500	8.4034500	13.6875000	7.3149000	8.2242500	7.2762500	8.6195000	9.6456500	9.7309500	7.9177000	6.6470500	7.4097500	4.7423000	8.3316500	9.7785000	8.0400000	5.5069000	8.1445500	7.8676500	7.8546500	7.8403500	9.3510500	8.0570000	7.6065500	8.4511500	8.0253000	8.1146000	6.2249000	7.5672500	7.2444000	12.9825000	8.7933000	6.9466500	6.7835500	7.7578000	7.7030500	8.0226500	7.4605500	7.8072500	8.2724500	7.9351000	7.7689000	9.0030000	6.8032000	11.6675000	6.6669500	8.5305500	8.3681500	10.1350000	8.4686000	8.5777000	8.0430500	12.6275000	7.7275500	7.3785000	8.5286500	8.8589500	7.9132000	6.4104500	8.1299500	7.5287500	7.8736500	9.1647500	7.8399000	8.1227500	8.0254000	6.8490000	7.4201000	8.3638000	8.9364000	7.5061500	7.5340500
8.3172000	9.2751000	9.4045000	10.7060000	9.7323000	8.3011000	9.8998000	8.0040000	10.1850000	7.3082000	10.5770000	7.4490000	8.4277000	10.0450000	9.0666000	7.8830000	7.3413000	7.1466000	6.0624000	8.1955000	9.6072000	8.1151000	5.5286000	7.9527000	10.3260000	8.2178000	7.9411000	12.3800000	8.1982000	7.1474000	7.7400000	7.7844000	8.2869000	5.6047000	7.7310000	7.6953000	10.5990000	8.7593000	6.9571000	6.4301000	8.1798000	8.0355000	8.5371000	7.5162000	9.7687000	8.8221000	8.2047000	8.1950000	9.7874000	7.6411000	8.5912000	6.7678000	8.8987000	7.6922000	8.2243000	8.5813000	9.4612000	8.4177000	9.7055000	8.9177000	7.4983000	8.9573000	7.4412000	9.4297000	6.8587000	8.3739000	7.2479000	8.3370000	10.4190000	8.0224000	8.1402000	8.1183000	6.8302000	7.9397000	9.2684000	8.6464000	7.4863000	9.2280000
