bcsE	dadA	ryhB	araA	entB	cheY	artI	hyaD	araB	fliD	ymgA	motA	betA	fadJ	yrdB	flgD	feaR	fliA	ymgC	yjcZ	rimN	betI	isrA	ves	fhuF	flgN	modC	cstA	modA	hyaF	nupG	yjdA	tap	argW	fliS	fliQ	araD	yhjH	fliZ	ycgR	bioD	tyrA	fadA	appB	ycgZ	modB	glnK	cheW	dsrB	nac	udp	flgK	fliT	cheA	deoC	trg	appC	fliC	aceF	flxA	yedL	artQ	cadB	bioB	flgB	tar	hyaE	cheZ	yjdI	flgM	flgL	hyaB	motB	cheR	fecI	tsr	cheB	hcaR
9.0901667	9.0083667	8.5708333	7.9161333	9.7390000	8.7381667	10.4240000	7.8601000	8.0178000	7.0239000	8.3854667	7.1047000	9.0448000	9.1583333	8.7827667	8.6999000	6.4354667	7.6179000	4.7246667	7.9862667	9.6799333	9.3308000	9.1166667	8.3427333	10.4053333	8.2442333	8.2380000	10.1142333	8.6240333	7.2390667	7.1379333	7.1756333	8.6400667	7.1020333	7.8876667	7.0007667	8.6952000	8.0201000	6.8591000	6.6806667	8.9475667	9.3058000	8.1526667	7.7309000	7.9513667	8.3269333	8.8394000	8.2730000	9.1699000	7.8662667	9.8454000	7.0788667	8.3731000	7.9201000	9.2716333	8.4811333	8.5646000	8.2767000	11.7126667	7.7303667	7.9459000	9.2564667	6.9636333	10.6396667	7.6395667	8.5867000	7.5008000	7.9374000	9.5709000	8.4639667	8.0230667	8.4526333	7.4894667	7.9136333	9.4122333	8.7870333	7.6842667	8.2202667
8.3994000	12.1840000	9.5034000	8.9342000	9.0278000	8.2805000	9.1495000	8.9214000	8.4570000	7.8691000	8.7005000	7.8043000	9.0711000	10.3470000	9.2483000	8.1134000	7.3673000	8.2386000	4.9631000	8.3604000	8.3999000	8.4085000	10.1430000	8.9072000	8.6062000	8.7728000	7.8069000	13.0390000	8.1203000	8.1259000	8.0066000	8.1926000	8.3005000	6.6545000	7.8791000	8.5615000	9.4030000	9.1117000	8.2934000	7.0644000	8.7281000	7.6766000	8.3828000	8.2141000	9.2886000	8.9508000	8.6209000	8.6726000	9.2904000	7.3098000	8.1692000	7.0908000	9.8525000	8.5211000	9.1551000	9.0570000	9.4214000	9.2031000	9.5626000	8.5507000	7.7626000	8.2707000	8.0566000	8.9731000	7.3069000	9.2396000	7.9935000	8.8000000	8.7895000	8.5197000	8.9051000	9.0327000	7.2624000	7.9622000	8.5603000	8.7406000	7.7239000	8.3044000
