bcsE	dadA	ryhB	araA	entB	cheY	artI	hyaD	araB	fliD	ymgA	motA	betA	fadJ	yrdB	flgD	feaR	fliA	ymgC	yjcZ	rimN	betI	isrA	ves	fhuF	flgN	modC	cstA	modA	hyaF	nupG	yjdA	tap	argW	fliS	fliQ	araD	yhjH	fliZ	ycgR	bioD	tyrA	fadA	appB	ycgZ	modB	glnK	cheW	dsrB	nac	udp	flgK	fliT	cheA	deoC	trg	appC	fliC	aceF	flxA	yedL	artQ	cadB	bioB	flgB	tar	hyaE	cheZ	yjdI	flgM	flgL	hyaB	motB	cheR	fecI	tsr	cheB	hcaR
8.1014500	10.4185000	7.7392000	8.5106500	8.2813000	11.3625000	9.7505500	12.3125000	8.4086000	11.9145000	8.1742000	11.3230000	8.6088500	9.4494000	8.6101500	8.7997500	6.6417500	12.1325000	4.5290000	10.4320000	8.8595000	8.8293500	9.3630000	10.0680000	7.7990500	12.6765000	9.4270000	10.5820000	10.5070000	11.0855000	7.2382000	11.2495000	11.4115000	5.9507000	11.5200000	7.0662500	8.8950500	12.2925000	10.8285000	10.7570000	7.7312000	7.7819500	7.9286500	9.7575500	7.9533000	10.2565000	7.7495000	11.4790000	9.0440500	7.5815000	10.3000000	11.8680000	10.5560000	11.9725000	10.1815000	10.4310000	11.0335000	13.7475000	11.3330000	10.2368500	7.8369500	8.7023000	10.6095000	8.2210500	7.6073000	13.1680000	11.0410000	11.5590000	10.7895000	12.7350000	11.0990000	12.3985000	10.9090000	10.6105000	7.8063000	9.8696500	10.9960000	8.3129000
8.3815000	10.4830000	8.7400000	8.1843000	8.4155000	10.7680000	10.5130000	7.8825000	8.2650000	9.6498000	9.0771000	10.4140000	9.3456000	9.1410000	8.3932000	10.4420000	6.7377000	9.0557000	5.3623000	8.6886000	9.2205000	9.4929000	8.4857000	8.9260000	9.2207000	10.9270000	8.5429000	10.0350000	9.1928000	7.7307000	8.3585000	8.5231000	10.6570000	6.6010000	9.5850000	7.8395000	9.0388000	11.4230000	8.6096000	9.1506000	7.9741000	7.8772000	9.4196000	7.7011000	8.6011000	8.9279000	7.8252000	11.3460000	9.3956000	7.0307000	11.5710000	9.8903000	9.3228000	11.4160000	9.2837000	9.4777000	8.4655000	12.5790000	10.3980000	9.9757000	7.7716000	9.6214000	7.3055000	8.3187000	9.5473000	11.2860000	7.6420000	10.5990000	8.1557000	10.9920000	10.4650000	8.4317000	10.1970000	9.6758000	8.7918000	11.0450000	10.2870000	8.3784000
