bcsE	dadA	ryhB	araA	entB	cheY	artI	hyaD	araB	fliD	ymgA	motA	betA	fadJ	yrdB	flgD	feaR	fliA	ymgC	yjcZ	rimN	betI	isrA	ves	fhuF	flgN	modC	cstA	modA	hyaF	nupG	yjdA	tap	argW	fliS	fliQ	araD	yhjH	fliZ	ycgR	bioD	tyrA	fadA	appB	ycgZ	modB	glnK	cheW	dsrB	nac	udp	flgK	fliT	cheA	deoC	trg	appC	fliC	aceF	flxA	yedL	artQ	cadB	bioB	flgB	tar	hyaE	cheZ	yjdI	flgM	flgL	hyaB	motB	cheR	fecI	tsr	cheB	hcaR
8.2668000	9.0651000	8.4829000	8.0917500	8.5299500	8.8650500	10.2170000	7.9360500	7.9579000	7.7893500	8.8929500	7.9624000	9.6411000	8.8053500	9.3092000	10.2815000	6.4051500	9.5463500	4.5240500	7.9782000	9.8154500	9.5300500	9.1538000	8.1710500	9.3856500	9.5682500	8.2504500	8.9094500	8.6982000	7.2531500	7.9130500	7.5982500	8.5443500	7.9462500	8.3999500	7.8352000	8.8480000	8.8351500	8.1826000	7.2724000	7.7845000	8.2652500	8.0584500	7.5888000	8.7945500	8.6954000	7.6459000	8.9312500	9.2700500	6.8556500	9.8402500	8.1514500	8.2646500	9.1465000	9.9178500	8.4105000	8.4409500	9.4723500	12.4170000	8.3029500	7.1898500	9.4148500	7.1364000	8.4899500	9.7463500	8.8648500	7.5270000	7.9797500	8.3345500	9.6635500	8.9076000	8.2370000	7.9892500	7.6432000	9.1349000	9.2417500	8.1267500	7.7743500
7.7519000	10.5240000	8.5134000	7.9439000	8.0540000	8.9969000	8.3433000	7.9847000	8.0837000	8.0904000	8.3931000	10.8930000	8.6074000	9.3280000	8.1553000	10.1680000	6.5073000	10.5760000	4.2752000	8.4588000	8.8912000	10.4990000	9.6110000	10.1110000	8.3317000	11.3190000	8.5754000	10.4180000	9.3042000	7.2073000	8.4935000	8.5896000	9.0780000	8.8879000	8.5060000	7.1043000	8.8211000	11.0570000	8.8991000	9.0343000	7.8700000	8.2947000	8.1918000	7.6411000	8.2517000	8.9868000	7.2420000	8.9920000	9.3036000	6.9038000	10.2860000	9.1724000	8.4679000	9.5820000	10.3080000	9.4964000	8.3434000	11.7710000	9.4226000	11.8260000	7.5344000	7.6104000	7.1395000	8.0187000	9.1622000	9.6003000	7.5135000	8.2204000	8.1158000	11.4590000	9.4650000	8.1361000	10.0750000	7.8934000	8.1253000	10.5190000	8.2438000	8.5953000
