motB	motA	fliC	yhjH	cheZ	flxA	fhuF	ycgR
7.4542667	7.0183000	8.2767333	7.9731333	7.8449000	7.6387000	11.5013333	6.6109000
7.9686667	8.0051000	8.8142333	9.1450000	9.2063333	8.5135333	8.2789000	7.6136000
