motB	motA	fliC	yhjH	cheZ	flxA	fhuF	ycgR
7.4543000	7.3127000	9.0536000	7.8600000	8.0238000	8.0827000	7.8666000	6.9993000
10.1270000	10.2060000	13.2350000	11.0940000	10.7810000	10.7110000	8.5183000	9.1621000
