motB	motA	fliC	yhjH	cheZ	flxA	fhuF	ycgR
11.9470000	12.6000000	13.2590000	12.5110000	10.1450000	13.2700000	7.5388000	9.3030000
7.8072500	7.3789000	8.0180500	7.9965000	7.7657500	7.8907500	9.5868500	7.0015000
