motB	motA	fliC	yhjH	cheZ	flxA	fhuF	ycgR
7.0907000	7.5964000	8.5325667	8.6019333	8.3803000	8.0989000	8.7803333	6.7560000
10.6950000	10.2610000	12.5750000	11.6310000	7.9724000	11.7490000	8.1582000	8.1079000
