motB	motA	fliC	yhjH	cheZ	flxA	fhuF	ycgR
10.3940000	10.3555000	12.8260000	11.2125000	10.3560000	10.9415000	9.4647500	8.8078000
10.3170000	11.1940000	11.3780000	11.0800000	8.3487000	11.6180000	8.9960000	9.1882000
