motB	motA	fliC	yhjH	cheZ	flxA	fhuF	ycgR
7.4542667	7.0183000	8.2767333	7.9731333	7.8449000	7.6387000	11.5013333	6.6109000
7.9686667	8.0051000	8.8142333	9.1450000	9.2063333	8.5135333	8.2789000	7.6136000
7.4543000	7.3127000	9.0536000	7.8600000	8.0238000	8.0827000	7.8666000	6.9993000
10.1270000	10.2060000	13.2350000	11.0940000	10.7810000	10.7110000	8.5183000	9.1621000
10.3940000	10.3555000	12.8260000	11.2125000	10.3560000	10.9415000	9.4647500	8.8078000
10.3170000	11.1940000	11.3780000	11.0800000	8.3487000	11.6180000	8.9960000	9.1882000
11.9470000	12.6000000	13.2590000	12.5110000	10.1450000	13.2700000	7.5388000	9.3030000
7.8072500	7.3789000	8.0180500	7.9965000	7.7657500	7.8907500	9.5868500	7.0015000
