yjcH	aceF	flxA	ycgR	cheW	cheA	yhjH
6.7836500	12.9385000	7.8270000	6.7861500	8.4341000	8.3588000	8.0825500
7.4940000	8.7055000	7.9471000	6.4958000	8.1307000	7.9980000	7.9890000
