yjcH	aceF	flxA	ycgR	cheW	cheA	yhjH
9.2962500	10.6875000	8.1876500	7.0696000	8.3935000	8.2569000	7.9291500
8.5591000	11.0620000	10.9220000	9.0777000	10.8630000	11.4040000	11.4520000
