yjcH	aceF	flxA	ycgR	cheW	cheA	yhjH
5.6818000	9.6737000	9.0150000	7.8979000	8.8067000	9.5629000	9.2247000
7.4157000	11.0513333	8.0209000	7.2746000	8.5324000	8.1538667	8.5315000
