yjcH	aceF	flxA	ycgR	cheW	cheA	yhjH
7.9886333	11.5390000	7.8326333	6.4918000	8.1513000	7.7571667	7.8334333
8.6212000	9.5626000	8.5507000	7.0644000	8.6726000	8.5211000	9.1117000
