yjcH	aceF	flxA	ycgR	cheW	cheA	yhjH
7.1985000	8.0257000	11.7490000	8.1079000	10.1050000	11.0780000	11.6310000
9.6742000	10.7890000	7.9199000	6.7760000	8.1825000	7.7965000	8.5247000
