yjcH	aceF	flxA	ycgR	cheW	cheA	yhjH
7.9886333	11.5390000	7.8326333	6.4918000	8.1513000	7.7571667	7.8334333
8.6212000	9.5626000	8.5507000	7.0644000	8.6726000	8.5211000	9.1117000
9.2962500	10.6875000	8.1876500	7.0696000	8.3935000	8.2569000	7.9291500
8.5591000	11.0620000	10.9220000	9.0777000	10.8630000	11.4040000	11.4520000
6.7836500	12.9385000	7.8270000	6.7861500	8.4341000	8.3588000	8.0825500
7.4940000	8.7055000	7.9471000	6.4958000	8.1307000	7.9980000	7.9890000
5.6818000	9.6737000	9.0150000	7.8979000	8.8067000	9.5629000	9.2247000
7.4157000	11.0513333	8.0209000	7.2746000	8.5324000	8.1538667	8.5315000
