yjcH	aceF	flxA	ycgR	cheW	cheA	yhjH
7.9886333	11.5390000	7.8326333	6.4918000	8.1513000	7.7571667	7.8334333
8.6212000	9.5626000	8.5507000	7.0644000	8.6726000	8.5211000	9.1117000
9.2962500	10.6875000	8.1876500	7.0696000	8.3935000	8.2569000	7.9291500
8.5591000	11.0620000	10.9220000	9.0777000	10.8630000	11.4040000	11.4520000
6.7836500	12.9385000	7.8270000	6.7861500	8.4341000	8.3588000	8.0825500
7.4940000	8.7055000	7.9471000	6.4958000	8.1307000	7.9980000	7.9890000
7.1985000	8.0257000	11.7490000	8.1079000	10.1050000	11.0780000	11.6310000
9.6742000	10.7890000	7.9199000	6.7760000	8.1825000	7.7965000	8.5247000
