fliC	yjjI	trg	modC	betA	fliD	fliZ	cheA	artQ	ccmD	bioB	motB	pykF	yjdI	hyaD	fecI	isrC	astA	appB	tyrA	bioD	nudB	cheB	dctA	tar	flgK	fliT	cheW	cycA	yedL	yjdA	bcsE	hcaR	fhuF	flgM	ompW	hyaF	motA	fliS	hyaE	feaR	tap	flxA	ryhB	hyaC	ves	dmsA	cheR	astB	yrdB	tsr	hyaB	rimN	ybiT	cadA	betI	cheZ	flgL	flgD	fadB	cheY	glnK	argW	pncA	cstA	yhjH	dadX	astD	fadA	flgN	fliA	ycgR	aceF	yjcZ	astE
8.9481000	7.5457000	9.1121000	8.3267000	8.7950000	6.9906000	6.1872000	8.1564000	7.6695000	7.2182000	8.1492000	7.5029000	8.6153000	8.3859000	8.0782000	7.8889000	4.0529000	8.7827000	7.7084000	8.1297000	7.9268000	9.7550000	7.9943000	9.7539000	8.8591000	6.9811000	8.3343000	8.3938000	9.5505000	7.3257000	7.3601000	7.6473000	9.2165000	7.9231000	8.2694000	8.3434000	7.6311000	7.1611000	8.1507000	7.6606000	6.6761000	8.8219000	8.1167000	8.1459000	7.4805000	8.6559000	7.9645000	7.9828000	7.9086000	8.3369000	9.4381000	8.2962000	8.5790000	9.0447000	7.6182000	10.3210000	7.7949000	8.1685000	8.6545000	9.1043000	8.6914000	7.7553000	8.0052000	8.2897000	10.8730000	8.1992000	9.6547000	7.8486000	8.6199000	7.8761000	7.4655000	6.8207000	9.2284000	8.3936000	6.6274000
12.7190000	7.0607000	9.1565000	8.9971000	10.3590000	9.0630000	9.9653000	11.2360000	7.7970000	6.7381000	7.1543000	11.0440000	8.9212000	7.6525000	6.7185000	11.4500000	3.6072000	7.5437000	6.6510000	8.3808000	6.8685000	8.9674000	8.8099000	9.0506000	10.4240000	10.0700000	9.1166000	10.5600000	9.6075000	7.2561000	10.2400000	9.6132000	7.3948000	12.4280000	12.7400000	9.2648000	5.8529000	11.7440000	8.6806000	6.2952000	5.9790000	10.0760000	13.4070000	9.5564000	6.3330000	10.1710000	8.0673000	8.9515000	7.5403000	9.0521000	11.0160000	6.8205000	8.8466000	9.7187000	7.5149000	10.8630000	9.6204000	10.8100000	10.0710000	7.2895000	9.4998000	7.1854000	9.1685000	7.7163000	10.3690000	11.7470000	7.9551000	6.6489000	7.5082000	12.7420000	10.6860000	10.0760000	10.3040000	8.7138000	5.7250000
