fliC	yjjI	trg	modC	betA	fliD	fliZ	cheA	artQ	ccmD	bioB	motB	pykF	yjdI	hyaD	fecI	isrC	astA	appB	tyrA	bioD	nudB	cheB	dctA	tar	flgK	fliT	cheW	cycA	yedL	yjdA	bcsE	hcaR	fhuF	flgM	ompW	hyaF	motA	fliS	hyaE	feaR	tap	flxA	ryhB	hyaC	ves	dmsA	cheR	astB	yrdB	tsr	hyaB	rimN	ybiT	cadA	betI	cheZ	flgL	flgD	fadB	cheY	glnK	argW	pncA	cstA	yhjH	dadX	astD	fadA	flgN	fliA	ycgR	aceF	yjcZ	astE
8.9402667	7.5551000	6.6999000	8.6250000	7.5528333	5.9768667	6.4311333	7.8070667	10.5423333	8.2059333	8.8675333	6.9877333	11.4103333	8.8978333	9.9205667	7.6814667	3.7647000	8.4266667	9.9838667	10.2152000	8.8454000	10.7690000	6.9100667	9.1905000	7.7951333	5.7377333	6.8891667	7.6340667	10.8940000	8.3132667	6.6398667	8.9209000	7.5742333	8.8119667	7.2076667	10.8951667	9.9576333	7.4012333	5.9662667	9.5693000	6.3151667	6.2800333	7.1470333	7.7543000	9.9856000	7.1121333	9.2541000	7.4351333	8.5152333	8.3349000	7.4310333	9.5722333	9.8371333	10.1209000	7.4253667	7.4182333	7.8334667	8.0267667	7.4381333	7.0218000	7.5741667	8.7473333	8.3221000	9.2515000	9.3021333	7.8953333	8.4409667	7.8711333	7.9227333	6.8683667	6.6768000	6.5110667	10.7606667	7.9693000	6.7254000
8.4234000	7.6930000	9.1248000	7.8574000	8.7867000	7.8607000	7.4189000	7.9216000	8.4127000	7.8267000	8.9159000	7.1260000	8.5111000	9.1242000	8.4782000	8.2355000	3.5434000	8.6018000	7.5563000	7.5646000	8.1728000	8.3360000	7.6186000	8.2630000	9.0008000	7.1081000	9.2822000	8.6517000	9.2039000	7.4794000	7.8810000	8.2114000	8.6475000	8.4105000	8.0818000	8.2855000	7.7410000	7.7312000	7.8625000	7.6830000	7.3200000	8.3571000	9.1381000	9.1382000	7.6617000	8.4119000	8.3215000	8.0252000	8.8309000	8.7611000	9.0921000	8.6305000	8.3656000	8.9328000	8.3273000	8.8082000	8.8763000	8.4634000	8.1256000	8.0894000	8.1123000	8.1263000	5.8878000	8.8682000	10.8840000	9.4889000	8.1605000	7.7100000	7.7934000	8.5655000	7.5468000	6.8242000	8.9408000	8.4384000	6.7975000
