fliC	yjjI	trg	modC	betA	fliD	fliZ	cheA	artQ	ccmD	bioB	motB	pykF	yjdI	hyaD	fecI	isrC	astA	appB	tyrA	bioD	nudB	cheB	dctA	tar	flgK	fliT	cheW	cycA	yedL	yjdA	bcsE	hcaR	fhuF	flgM	ompW	hyaF	motA	fliS	hyaE	feaR	tap	flxA	ryhB	hyaC	ves	dmsA	cheR	astB	yrdB	tsr	hyaB	rimN	ybiT	cadA	betI	cheZ	flgL	flgD	fadB	cheY	glnK	argW	pncA	cstA	yhjH	dadX	astD	fadA	flgN	fliA	ycgR	aceF	yjcZ	astE
13.7475000	9.6018000	10.4310000	9.4270000	8.6088500	11.9145000	10.8285000	11.9725000	8.7023000	7.8019000	8.2210500	10.9090000	10.6335000	10.7895000	12.3125000	7.8063000	3.6446000	8.7960500	9.7575500	7.7819500	7.7312000	9.9065000	10.9960000	9.3377000	13.1680000	11.8680000	10.5560000	11.4790000	8.4173000	7.8369500	11.2495000	8.1014500	8.3129000	7.7990500	12.7350000	9.8256000	11.0855000	11.3230000	11.5200000	11.0410000	6.6417500	11.4115000	10.2368500	7.7392000	12.6260000	10.0680000	10.8835000	10.6105000	8.1376000	8.6101500	9.8696500	12.3985000	8.8595000	8.8590500	10.4515000	8.8293500	11.5590000	11.0990000	8.7997500	8.0849000	11.3625000	7.7495000	5.9507000	8.0326000	10.5820000	12.2925000	9.5026500	7.8919500	7.9286500	12.6765000	12.1325000	10.7570000	11.3330000	10.4320000	6.7689000
12.8260000	7.6831000	8.9075500	8.7294500	9.5233000	11.1095000	9.6175500	11.7765000	9.4104000	7.6458000	8.2804500	10.3940000	10.7925000	8.3108000	7.9654500	9.0049500	3.6296000	8.4205000	7.5573500	8.2672000	7.9887500	11.0500000	10.5840000	8.9682500	11.0260000	10.3300000	10.5035000	11.1680000	8.5396000	7.5324500	8.7918000	8.1517500	7.7692500	9.4647500	11.4190000	7.4227000	7.5384000	10.3555000	10.4575000	7.6809000	6.5083000	10.3950000	10.9415000	8.5904000	7.5410500	9.4235500	8.0609000	9.4351000	8.1526000	9.1012000	11.6160000	8.4184500	10.1440000	9.9735000	8.1204000	9.6682000	10.3560000	10.5260000	12.0680000	8.2620500	11.3820000	8.0169000	7.2028500	9.6301500	9.0565500	11.2125000	8.6722500	7.7659500	8.0170500	11.2450000	10.8130000	8.8078000	12.5195000	8.9374500	6.7391500
