fliC	yjjI	trg	modC	betA	fliD	fliZ	cheA	artQ	ccmD	bioB	motB	pykF	yjdI	hyaD	fecI	isrC	astA	appB	tyrA	bioD	nudB	cheB	dctA	tar	flgK	fliT	cheW	cycA	yedL	yjdA	bcsE	hcaR	fhuF	flgM	ompW	hyaF	motA	fliS	hyaE	feaR	tap	flxA	ryhB	hyaC	ves	dmsA	cheR	astB	yrdB	tsr	hyaB	rimN	ybiT	cadA	betI	cheZ	flgL	flgD	fadB	cheY	glnK	argW	pncA	cstA	yhjH	dadX	astD	fadA	flgN	fliA	ycgR	aceF	yjcZ	astE
8.3481333	7.7113333	8.9413667	8.3871000	8.8599333	7.2018333	7.0461667	8.2921000	8.9732333	7.6499333	8.5188333	7.6494667	10.6583333	8.1671000	8.1768667	8.7939667	3.6809000	8.6860000	7.8932333	8.2908333	8.0393667	11.1503333	7.9411000	11.6100000	8.8061333	7.4491000	8.5344667	8.4006000	8.4581667	7.4741000	7.3796333	8.6303333	8.6126000	8.9061333	8.4576000	8.4093000	7.6756333	7.2446333	7.9542667	7.9454333	7.0805667	8.9561333	7.6779333	7.7500333	7.7998000	8.7360333	8.0957000	7.8712333	8.3438000	8.7035667	9.1246667	8.5295000	9.5263000	9.5510667	7.4868667	8.9624667	7.7945000	8.2006333	9.4048000	8.6124000	8.9085667	7.7959000	6.9338667	9.9381000	10.2089667	7.9865000	9.7622333	7.8668000	8.5109333	8.0947667	8.1563000	6.9120667	11.3096667	8.2698667	6.9948667
8.8854000	7.7588000	9.1014667	8.3949000	9.4938667	7.8507000	7.4596333	8.1538667	9.1685000	7.1008000	10.9623333	7.8688000	10.7066667	8.6308333	8.0387667	8.6356000	3.5387667	10.9466667	8.4464333	8.1757000	8.6823000	9.4945333	7.4873000	8.1089000	9.4159333	7.2617333	9.1446333	8.5324000	9.1381000	10.4626667	7.3215000	8.1114333	8.2140667	9.2437667	8.1345333	7.9474667	7.5257333	7.6502333	7.8161000	7.8277667	6.6905000	8.2640333	8.0209000	8.5985667	7.8126667	8.4663333	8.0520333	8.3697000	10.1436667	8.6743000	8.8944333	8.7138000	8.5674667	8.9884000	7.8010000	10.6096667	8.8292000	8.5981333	8.4388000	7.9135333	8.0860333	13.0733333	6.5379000	8.1726333	9.1262333	8.5315000	9.1050667	9.5955000	7.8249333	8.6874333	8.0076000	7.2746000	11.0513333	8.2167333	7.2061000
