fliC	yjjI	trg	modC	betA	fliD	fliZ	cheA	artQ	ccmD	bioB	motB	pykF	yjdI	hyaD	fecI	isrC	astA	appB	tyrA	bioD	nudB	cheB	dctA	tar	flgK	fliT	cheW	cycA	yedL	yjdA	bcsE	hcaR	fhuF	flgM	ompW	hyaF	motA	fliS	hyaE	feaR	tap	flxA	ryhB	hyaC	ves	dmsA	cheR	astB	yrdB	tsr	hyaB	rimN	ybiT	cadA	betI	cheZ	flgL	flgD	fadB	cheY	glnK	argW	pncA	cstA	yhjH	dadX	astD	fadA	flgN	fliA	ycgR	aceF	yjcZ	astE
7.7777500	7.4841000	8.3630000	7.6806000	8.5362500	7.0294500	6.7859000	8.0810000	8.4942000	7.0380000	7.9874000	6.8184500	11.1645000	9.2297000	8.4378500	8.6298000	3.5625500	7.8836500	7.3646500	7.6718000	7.4957500	10.2905000	7.4032000	8.6986500	8.0277000	6.5341000	8.3129000	7.7230000	8.4884000	6.9894500	7.9509500	9.3089000	7.5409500	8.1984500	7.7519500	7.4994000	7.5224000	7.0252500	7.4915500	7.6490500	6.8904500	7.9713000	7.5178000	8.0851500	7.9926000	7.9626500	8.1669000	7.3767000	7.8258500	9.5261500	9.0438500	8.3815500	9.7709500	8.5571500	9.7643000	8.0375000	7.7769000	7.8644500	7.4995500	8.3432500	8.0661500	7.9094500	6.2145500	8.4558500	9.1894000	8.7132500	7.8587500	7.0815500	8.1497000	7.8860500	7.0563500	6.5101500	12.5675000	8.4731000	5.9074500
8.9179000	6.9313000	8.3195000	8.1508000	8.4666000	6.9812000	6.8050000	7.7908000	9.8969000	7.5542000	10.6590000	6.7170000	11.3300000	10.2710000	7.7459000	10.0690000	3.6170000	9.9792000	8.9235000	7.9372000	9.0435000	9.7150000	7.3778000	10.4420000	8.1765000	6.8744000	8.3283000	7.9061000	10.0190000	7.5728000	7.1891000	9.8313000	9.4147000	10.9040000	8.3744000	7.5004000	7.2232000	7.1271000	7.6867000	7.3874000	7.6072000	8.2132000	8.2053000	9.9208000	7.2986000	8.0496000	7.6153000	7.6311000	9.6651000	9.1768000	8.5128000	8.0624000	9.9580000	9.4072000	7.1232000	8.2442000	7.8801000	8.1498000	8.0064000	9.9843000	8.3654000	7.3185000	5.8301000	9.5376000	11.9240000	8.0090000	8.8378000	9.0362000	9.7205000	8.1931000	6.5953000	6.5621000	10.3950000	7.8948000	7.6846000
