araG	araB	betB	yjcH
6.6041000	7.5203000	7.7158000	6.7023333
10.5935000	13.7405000	8.2016500	7.4726000
