araG	araB	betB	yjcH
8.1451333	9.2355000	8.1824667	8.0108000
9.9178000	9.5789000	8.0671000	9.6742000
