araG	araB	betB	yjcH
7.1826667	7.9229333	9.5855333	8.5473667
7.6265000	8.1081000	9.3909000	6.1164333
