araG	araB	betB	yjcH
7.0911000	8.3322000	10.1026667	6.7512000
7.9388000	8.7440000	10.1170000	11.0780000
