araG	araB	betB	yjcH
7.4990667	7.9902333	9.1895667	7.5922667
8.1226667	8.8943000	8.2941333	8.0962667
