araG	araB	betB	yjcH
7.1826667	7.9229333	9.5855333	8.5473667
8.1451333	9.2355000	8.1824667	8.0108000
9.9178000	9.5789000	8.0671000	9.6742000
6.6041000	7.5203000	7.7158000	6.7023333
7.0911000	8.3322000	10.1026667	6.7512000
10.5935000	13.7405000	8.2016500	7.4726000
7.6265000	8.1081000	9.3909000	6.1164333
7.9388000	8.7440000	10.1170000	11.0780000
