aceK	trg	artQ	astA	appB	dctA	ycgZ	yeeD	bcsE	fhuF	flgM	hyaE	dmsA	cheZ	ymgC	yjcZ	fliC	pykF	tyrA	cheB	tar	flgK	cheW	yjdA	hcaR	hyaF	ryhB	cheR	astB	tsr	deoC	betI	cheY	dadX	fliA	aceF	astE	modC	fliD	udp	fliZ	cheA	aceB	cysP	ompW	motA	hyaB	cadA	flgL	yhjH	bcsA	fadA	ycgR	yjjI	betA	artI	motB	yjdI	hyaD	fecI	fliT	cycA	fliS	feaR	tap	flxA	hyaC	ves	ybiT	nupG	flgD	fadB	ymgA	cstA	astD	flgN
7.8255000	9.1565000	7.7970000	7.5437000	6.6510000	9.0506000	10.6910000	7.2678000	9.6132000	12.4280000	12.7400000	6.2952000	8.0673000	9.6204000	7.7838000	8.7138000	12.7190000	8.9212000	8.3808000	8.8099000	10.4240000	10.0700000	10.5600000	10.2400000	7.3948000	5.8529000	9.5564000	8.9515000	7.5403000	11.0160000	8.3334000	10.8630000	9.4998000	7.9551000	10.6860000	10.3040000	5.7250000	8.9971000	9.0630000	8.9340000	9.9653000	11.2360000	9.0051000	8.0952000	9.2648000	11.7440000	6.8205000	7.5149000	10.8100000	11.7470000	8.5726000	7.5082000	10.0760000	7.0607000	10.3590000	8.2226000	11.0440000	7.6525000	6.7185000	11.4500000	9.1166000	9.6075000	8.6806000	5.9790000	10.0760000	13.4070000	6.3330000	10.1710000	9.7187000	7.3850000	10.0710000	7.2895000	10.8760000	10.3690000	6.6489000	12.7420000
8.5940333	9.1014667	9.1685000	10.9466667	8.4464333	8.1089000	8.9311667	10.2950000	8.1114333	9.2437667	8.1345333	7.8277667	8.0520333	8.8292000	5.4114667	8.2167333	8.8854000	10.7066667	8.1757000	7.4873000	9.4159333	7.2617333	8.5324000	7.3215000	8.2140667	7.5257333	8.5985667	8.3697000	10.1436667	8.8944333	8.8719333	10.6096667	8.0860333	9.1050667	8.0076000	11.0513333	7.2061000	8.3949000	7.8507000	8.9515667	7.4596333	8.1538667	12.9743333	10.0653333	7.9474667	7.6502333	8.7138000	7.8010000	8.5981333	8.5315000	8.7987333	7.8249333	7.2746000	7.7588000	9.4938667	10.9356667	7.8688000	8.6308333	8.0387667	8.6356000	9.1446333	9.1381000	7.8161000	6.6905000	8.2640333	8.0209000	7.8126667	8.4663333	8.9884000	7.2129333	8.4388000	7.9135333	10.6186667	9.1262333	9.5955000	8.6874333
