cstA	deoC	artI	flgM	araE	udp	araD	fliZ	nupG	ryhB	tsr	rimN	flgK	araF	fliS	fliD	dadA	yjdA	hcaR	yeeD	araA	appB	ucpA	araH	aceB	dmsA	fliC	ycgR	ycdZ	actP	yjjI	modB	bcsF	hyaB	araB	pykF	cheW	yhjH	flgN	trg	cheA	cbpM	ves	aceK	yjjZ	tar	cheR	cadB	flgL	modC	appC	yjcZ	tap	flgD	cheY	aldA	motB	yrdB	bioD	cheZ	pck	motA	fadA	ygeA	agaD	bglG	flxA	yjcH	fhuF	atpC	livH	hyaE	cheB	cycA	arnB	fadB
10.1324667	11.4650000	9.8133000	8.8297000	8.0790667	11.5496667	8.6422333	7.5413000	9.9298667	7.7070667	9.0483667	9.6228667	7.5532333	7.9765000	8.0053000	7.2006000	10.5944333	7.2489000	8.4364333	8.0746000	7.7818667	7.8379333	10.1801000	7.4721667	9.9643333	7.9127000	8.3800000	6.7026667	10.0180000	7.4754667	7.6314333	8.5781667	7.8594333	8.3873333	7.9902333	10.4420000	8.3789000	7.7759667	8.5878000	8.7667000	8.2367000	8.2597333	8.6127333	8.1922333	6.7090333	8.7592000	7.6973333	6.9673333	8.2325667	8.3856333	8.5144000	8.1864000	8.8066000	9.6607667	8.8001333	9.8875667	7.5837000	8.9473000	7.8817000	7.9967000	10.3663000	6.9768000	8.3492333	8.1580667	6.8977000	6.5703333	7.6062667	7.5922667	9.4274667	10.6396667	9.0746000	7.8171333	7.6746000	9.1013000	7.2117000	8.4600333
12.7190000	8.8679000	9.2498000	8.6258000	8.0394000	8.9478000	9.4959000	6.6035000	7.6053000	9.7203000	9.8499000	9.2310000	7.3378000	8.1000000	8.8667000	6.9800000	12.0440000	7.6419000	9.2510000	9.6505000	8.7752000	7.7355000	11.0990000	7.3745000	11.0480000	8.5361000	8.6765000	7.3129000	9.1296000	9.5033000	7.9767000	7.9592000	6.4619000	8.9457000	8.9259000	8.7805000	8.8265000	8.5680000	8.1726000	9.4018000	8.6438000	8.9636000	9.0578000	8.3418000	8.4185000	9.5955000	8.0472000	7.5267000	8.2419000	8.3523000	9.1177000	9.0754000	9.4002000	9.2585000	9.1663000	12.4530000	7.9301000	8.3355000	8.2451000	8.1712000	9.9699000	7.3492000	11.3020000	7.9695000	7.2143000	6.7657000	8.0992000	9.7748000	9.1037000	10.0840000	9.6079000	8.0693000	8.6016000	10.0710000	7.3352000	11.9200000
