cstA	deoC	artI	flgM	araE	udp	araD	fliZ	nupG	ryhB	tsr	rimN	flgK	araF	fliS	fliD	dadA	yjdA	hcaR	yeeD	araA	appB	ucpA	araH	aceB	dmsA	fliC	ycgR	ycdZ	actP	yjjI	modB	bcsF	hyaB	araB	pykF	cheW	yhjH	flgN	trg	cheA	cbpM	ves	aceK	yjjZ	tar	cheR	cadB	flgL	modC	appC	yjcZ	tap	flgD	cheY	aldA	motB	yrdB	bioD	cheZ	pck	motA	fadA	ygeA	agaD	bglG	flxA	yjcH	fhuF	atpC	livH	hyaE	cheB	cycA	arnB	fadB
10.3343333	9.3139000	10.4513333	8.5453333	7.7355000	9.8988333	8.5685333	6.7828333	7.2423000	10.8430000	8.7119000	9.7205333	6.9587667	7.5627000	7.7874333	6.8812000	9.0728667	7.2197000	8.2187333	10.2413333	7.8378667	7.7168000	8.6901667	7.1379667	13.1096667	7.6104333	8.2767333	6.6109000	8.6871000	8.1766000	7.3541333	8.4691667	8.6249667	8.2377000	7.9229333	10.7840000	8.1953000	7.9731333	8.2513000	8.5265000	7.8541000	8.7690000	8.2290333	9.3469333	11.4736667	8.4187333	7.7904333	6.9270333	7.9544667	8.1908667	8.5975333	7.8455667	8.4633333	8.4140000	8.6256000	9.4783000	7.4542667	8.8520667	9.1984667	7.8449000	9.0976000	7.0183000	8.5323333	8.3297000	6.8571667	6.0859333	7.6387000	8.5473667	11.5013333	11.1383333	11.2986667	7.4710667	7.5441667	9.3753667	7.8277333	9.1580000
9.5407000	9.6238000	8.4480000	12.4480000	8.0230000	9.2184000	8.5225000	10.9320000	7.0529000	7.1475000	11.5550000	9.7574000	11.3350000	7.8519000	10.3160000	10.7210000	9.1231000	10.4870000	7.6754000	7.8861000	7.6612000	7.6059000	9.7527000	7.4151000	9.4599000	9.0013000	13.1830000	10.0230000	9.9257000	7.1637000	7.4927000	11.0480000	7.4638000	7.9130000	7.8929000	8.9283000	11.4500000	12.5280000	12.3910000	9.3219000	12.1720000	7.9630000	11.4030000	7.5879000	6.0742000	11.2740000	9.6317000	7.0112000	11.3020000	9.8608000	8.3141000	9.7340000	10.5010000	12.8940000	10.9020000	7.6899000	12.3290000	8.9834000	7.6286000	10.0530000	10.2460000	12.6410000	7.9855000	7.9537000	6.7690000	6.0338000	13.2400000	6.4309000	7.5791000	10.5540000	8.8251000	7.2997000	10.5540000	9.3098000	7.0794000	7.8187000
