cstA	deoC	artI	flgM	araE	udp	araD	fliZ	nupG	ryhB	tsr	rimN	flgK	araF	fliS	fliD	dadA	yjdA	hcaR	yeeD	araA	appB	ucpA	araH	aceB	dmsA	fliC	ycgR	ycdZ	actP	yjjI	modB	bcsF	hyaB	araB	pykF	cheW	yhjH	flgN	trg	cheA	cbpM	ves	aceK	yjjZ	tar	cheR	cadB	flgL	modC	appC	yjcZ	tap	flgD	cheY	aldA	motB	yrdB	bioD	cheZ	pck	motA	fadA	ygeA	agaD	bglG	flxA	yjcH	fhuF	atpC	livH	hyaE	cheB	cycA	arnB	fadB
10.9815000	9.8118000	10.4195000	8.5764500	8.0684000	10.5860000	8.8938000	7.1638000	7.1592500	7.8502500	9.1461500	8.9611500	7.8014000	8.5582500	7.6963000	6.8319000	11.2655000	7.2865500	8.8172000	9.3350000	8.6011000	9.9087000	9.1590500	7.8336000	13.9400000	9.3345500	8.9850500	7.1080500	8.1236500	7.8996500	8.6204000	8.1494500	7.0090000	11.8195000	8.5734000	10.8275000	8.4266000	7.9855000	8.1872500	8.8968000	8.1552500	9.6711000	8.5389500	10.0228000	6.5823500	8.8825000	7.7335500	7.0515500	8.1824500	8.3285500	11.0795000	8.0802500	8.5912500	8.3416000	8.8132000	9.6295000	7.7466000	8.2611500	7.5150000	8.0378500	10.0163500	7.5946500	8.1295500	8.1658500	7.0481500	6.2712500	7.8800000	8.2034000	8.2414000	9.6904000	8.4812000	10.7490000	7.6816000	9.0793000	8.4354000	8.1736000
9.2287667	9.4490333	9.4863333	6.9012333	8.9505333	10.4953333	7.3403333	6.3922667	7.7396333	7.4765333	7.6582667	9.5771000	6.3279333	7.0284333	6.8553000	5.6777667	9.1405667	5.8515000	7.4405333	11.7513333	7.7699333	11.2253333	8.6079667	8.1494333	10.2492667	9.4474333	8.8762000	6.8367667	9.6513000	7.6567333	7.4595000	8.7194000	8.0576000	10.5176667	7.5203000	10.7253333	7.6377000	7.9460667	6.3661667	7.2369333	7.7503667	10.6163333	7.2836667	8.1395667	6.4698667	7.7849333	7.8007667	7.5633333	8.3095333	8.1135000	11.6293333	7.8535000	6.8844333	7.2318333	7.6228000	7.3591000	7.0039333	8.6502000	8.3120333	7.6998667	8.5069333	7.2701667	7.6673667	8.4501000	7.6196000	5.6976333	6.9676000	6.7023333	8.3375667	11.1570000	9.7851000	11.0120000	7.1762333	10.5010000	7.9909667	6.5119667
