cstA	deoC	artI	flgM	araE	udp	araD	fliZ	nupG	ryhB	tsr	rimN	flgK	araF	fliS	fliD	dadA	yjdA	hcaR	yeeD	araA	appB	ucpA	araH	aceB	dmsA	fliC	ycgR	ycdZ	actP	yjjI	modB	bcsF	hyaB	araB	pykF	cheW	yhjH	flgN	trg	cheA	cbpM	ves	aceK	yjjZ	tar	cheR	cadB	flgL	modC	appC	yjcZ	tap	flgD	cheY	aldA	motB	yrdB	bioD	cheZ	pck	motA	fadA	ygeA	agaD	bglG	flxA	yjcH	fhuF	atpC	livH	hyaE	cheB	cycA	arnB	fadB
9.3490000	8.3399333	9.5583333	11.9120000	7.8341000	8.7011000	9.4403333	11.5903333	7.7675667	7.4278667	12.0413333	9.3893333	11.8630000	7.4550333	11.1453333	12.2103333	9.1978000	9.9461667	8.1210667	10.0172333	8.6371000	7.5651667	8.5652667	7.7842667	12.5566667	8.2398667	13.9420000	8.9202333	7.8072667	8.1072000	8.1490667	9.1273667	6.9552000	8.2646000	8.0342000	9.7060333	11.7626667	11.1740000	11.7196667	9.1221333	12.3030000	7.9970333	9.1854667	10.2556667	6.9964333	12.9966667	11.0143333	7.5762667	11.0973333	8.2628333	8.8105333	9.6361000	11.7670000	13.5023333	11.6686667	8.2412000	11.5936667	8.9197000	8.9605333	12.3773333	9.8820333	11.3636667	8.3714333	7.5995667	6.8824667	7.2666667	9.0304333	8.0378667	9.1057667	10.9236667	10.4065000	7.6613000	11.1823333	9.0081000	7.8693000	8.3312667
12.6420000	9.3613000	10.1360000	12.7210000	8.4542000	9.6607000	9.0495000	11.6670000	8.3938000	7.9434000	10.6590000	8.5368000	11.4230000	8.9674000	11.5600000	11.9210000	12.1090000	10.9500000	10.3800000	10.5660000	8.5458000	7.7263000	11.1630000	8.1524000	13.3270000	8.4740000	13.8090000	11.3340000	8.3498000	10.5290000	7.7179000	9.7046000	7.3495000	8.4205000	8.7440000	9.4192000	12.1460000	12.5340000	12.2870000	11.3680000	12.3580000	8.7868000	10.7160000	9.2032000	6.6392000	12.7400000	9.8051000	6.9155000	12.0420000	9.2918000	8.6365000	10.5170000	11.2970000	12.8010000	11.8180000	11.8530000	10.4430000	8.1308000	7.8612000	11.0190000	12.4010000	10.9250000	10.3600000	8.3466000	7.0987000	6.4995000	11.8900000	11.0780000	8.6859000	11.3690000	9.2782000	7.8547000	10.9430000	10.1630000	7.1476000	11.5770000
