betA	carB	fadJ	flgK	dadA	tyrA	dctA	deoC	artQ	ycgR	cheA	trg	ryhB	ves	fecI	tar	hyaD	yjdA	yhjH	nupG	ompW	ansB	hyaE	yqeF	hyaF	motB	mglB	rimN	modC	fliC	nudB	fadB	flgM	appC	dadX	flxA	feaR	appB	flgN	flgL	yjjI	fliD	pyrB	tsr	fliT	cycA	artI	ksgA	aceF	cheB	fliZ	cstA	modA	atpC	hyaC	fhuF	entB	modB	cheZ	fliA	betT	betI	aceK	bcsE	yrdB	cheR	yjcZ	tap	hyaB	cheY	bioD	aceB	pyrI	motA	bcsF	fadA	cheW	livG	cadB
8.6088500	8.4885000	9.4494000	11.8680000	10.4185000	7.7819500	9.3377000	10.1815000	8.7023000	10.7570000	11.9725000	10.4310000	7.7392000	10.0680000	7.8063000	13.1680000	12.3125000	11.2495000	12.2925000	7.2382000	9.8256000	11.9370000	11.0410000	7.9664500	11.0855000	10.9090000	9.1489000	8.8595000	9.4270000	13.7475000	9.9065000	8.0849000	12.7350000	11.0335000	9.5026500	10.2368500	6.6417500	9.7575500	12.6765000	11.0990000	9.6018000	11.9145000	8.4983000	9.8696500	10.5560000	8.4173000	9.7505500	10.4270000	11.3330000	10.9960000	10.8285000	10.5820000	10.5070000	9.1163500	12.6260000	7.7990500	8.2813000	10.2565000	11.5590000	12.1325000	9.0923500	8.8293500	8.1845000	8.1014500	8.6101500	10.6105000	10.4320000	11.4115000	12.3985000	11.3625000	7.7312000	12.4760000	7.8771500	11.3230000	7.3034000	7.9286500	11.4790000	8.4857500	10.6095000
8.8765000	9.3348500	8.4846000	11.2720000	10.2970000	8.9819000	8.5058000	8.5445500	9.6511000	9.0778000	11.8135000	9.0966000	8.4976500	9.8489500	9.9936500	11.7535000	11.4030000	9.5861000	11.0430000	7.3148500	9.0771000	8.0393500	10.4785000	7.7866000	10.4520000	11.1070000	8.5981500	10.1595000	8.8414000	13.6635000	10.9270000	7.8249500	11.7290000	11.9940000	9.5028000	10.8595000	6.4685000	10.5770000	11.7815000	11.2675000	7.5916500	11.5905000	10.6200000	11.7270000	10.7155000	9.3584000	10.2585000	10.3660000	12.2580000	10.8135000	10.6220000	9.2533500	9.2126500	12.0520000	11.2265000	10.7805000	8.6828000	9.5653500	11.4820000	11.1420000	8.9823500	8.7748000	8.9485500	8.0753000	9.1318500	10.3835000	9.5590000	10.8230000	11.5000000	11.6905000	8.1065500	11.3710000	10.0220000	11.3035000	7.3927000	7.8764500	11.4985000	10.5255000	7.0395000
