betA	carB	fadJ	flgK	dadA	tyrA	dctA	deoC	artQ	ycgR	cheA	trg	ryhB	ves	fecI	tar	hyaD	yjdA	yhjH	nupG	ompW	ansB	hyaE	yqeF	hyaF	motB	mglB	rimN	modC	fliC	nudB	fadB	flgM	appC	dadX	flxA	feaR	appB	flgN	flgL	yjjI	fliD	pyrB	tsr	fliT	cycA	artI	ksgA	aceF	cheB	fliZ	cstA	modA	atpC	hyaC	fhuF	entB	modB	cheZ	fliA	betT	betI	aceK	bcsE	yrdB	cheR	yjcZ	tap	hyaB	cheY	bioD	aceB	pyrI	motA	bcsF	fadA	cheW	livG	cadB
9.0845333	9.7352000	11.0459333	7.5810667	11.0326667	8.6133000	11.7058667	9.5393333	9.4653333	7.4733000	8.5091333	8.8938000	7.5883333	8.3591667	8.0532000	9.0396333	9.1631667	8.3002000	8.3326333	9.0154000	12.5933333	8.0702667	8.5614667	8.8927667	8.3582667	7.7590333	11.7328333	9.2662667	8.4090667	9.5986333	10.8816667	11.0953667	8.7664000	9.8326667	9.7591000	8.0718333	7.9587667	8.8884667	8.4566000	8.4815000	7.8912000	7.2497667	9.6717667	9.4759667	8.3266667	10.3074333	10.9520667	9.2673667	10.8406667	8.0273000	6.9313667	12.8690000	9.1103000	10.9490000	8.8138667	7.7532000	8.2961000	8.6915333	8.0652667	7.7966667	9.3656000	9.5875333	9.8000667	8.4483667	8.4754000	7.8547333	8.3031667	8.7646333	9.3923333	8.8209667	7.9358000	13.6450000	8.8851667	7.3076667	7.8294667	10.3808667	8.3880667	10.6369333	7.1929000
8.3362667	9.0129667	10.1857000	7.6528333	9.1355667	8.0558667	10.5336667	8.2387000	8.4212667	7.4916333	8.1752333	9.0439333	7.3761667	8.6536667	8.4726000	9.6130333	8.2836333	8.7100667	8.9639333	8.5006000	10.1184333	7.8658667	7.9612333	7.5397333	7.8640000	7.6237000	9.2404333	8.3062333	7.9594000	10.0793000	8.0068667	8.6179667	8.3260667	8.8211000	8.3793000	8.1634000	7.3514667	7.7541000	8.6782333	9.0358000	8.1275000	7.8573333	9.6736000	8.7533333	9.3321000	9.5573000	8.6570667	8.5375000	9.2487667	7.6986333	7.0423667	12.7830000	8.2758667	9.0401333	8.0688000	7.7933667	8.3619333	8.9662000	9.8773000	8.5098667	8.3028667	8.5144333	9.0981667	8.5497667	8.8236667	8.3803333	8.5596333	8.3492667	8.4286333	8.0616333	8.2149667	13.2223333	8.1568333	7.6780333	6.7302000	8.8727333	8.5647333	8.6172333	7.9167000
