betA	carB	fadJ	flgK	dadA	tyrA	dctA	deoC	artQ	ycgR	cheA	trg	ryhB	ves	fecI	tar	hyaD	yjdA	yhjH	nupG	ompW	ansB	hyaE	yqeF	hyaF	motB	mglB	rimN	modC	fliC	nudB	fadB	flgM	appC	dadX	flxA	feaR	appB	flgN	flgL	yjjI	fliD	pyrB	tsr	fliT	cycA	artI	ksgA	aceF	cheB	fliZ	cstA	modA	atpC	hyaC	fhuF	entB	modB	cheZ	fliA	betT	betI	aceK	bcsE	yrdB	cheR	yjcZ	tap	hyaB	cheY	bioD	aceB	pyrI	motA	bcsF	fadA	cheW	livG	cadB
9.4938667	9.0085333	8.9147667	7.2617333	10.5006667	8.1757000	8.1089000	8.8719333	9.1685000	7.2746000	8.1538667	9.1014667	8.5985667	8.4663333	8.6356000	9.4159333	8.0387667	7.3215000	8.5315000	7.2129333	7.9474667	7.9003000	7.8277667	7.8093000	7.5257333	7.8688000	8.6469667	8.5674667	8.3949000	8.8854000	9.4945333	7.9135333	8.1345333	9.8968000	9.1050667	8.0209000	6.6905000	8.4464333	8.6874333	8.5981333	7.7588000	7.8507000	8.9337667	8.8944333	9.1446333	9.1381000	10.9356667	9.7062000	11.0513333	7.4873000	7.4596333	9.1262333	7.8947333	9.2705000	7.8126667	9.2437667	8.7483667	8.0904667	8.8292000	8.0076000	9.3442333	10.6096667	8.5940333	8.1114333	8.6743000	8.3697000	8.2167333	8.2640333	8.7138000	8.0860333	8.6823000	12.9743333	8.0660667	7.6502333	6.6261333	7.8249333	8.5324000	8.6527333	7.3943667
8.4499667	10.8546667	8.8606000	6.9905000	9.2618000	9.6315333	8.2450333	9.1471667	10.1813333	6.6589667	7.8801000	8.5277667	7.4860667	8.2597333	8.2272667	8.5486000	9.0055000	7.2055000	7.8862333	7.3283333	9.8249667	8.5907333	8.2440333	7.6225667	8.0167333	7.3994667	8.7872667	9.5243000	8.3783667	8.4165667	10.7053333	7.8922333	8.6280000	8.9889000	8.7807333	7.4309667	6.2136667	7.9036000	8.3324667	7.9949333	8.9283667	6.9717667	13.5696667	8.7721333	8.1456667	9.2254000	11.1643333	10.2236667	11.3623333	7.6280333	6.8289000	9.5714000	8.7540333	11.3266667	8.7650333	7.5021333	8.2090667	8.7735333	8.0140667	7.4484000	8.5299333	8.2417333	8.4304000	8.6625000	8.7591667	7.7252333	7.7940000	8.4587333	9.0948333	8.6344667	8.8769667	11.4733333	12.7430000	7.0634333	7.9100333	7.7990667	8.2727000	11.2016667	6.8757000
