betA	carB	fadJ	flgK	dadA	tyrA	dctA	deoC	artQ	ycgR	cheA	trg	ryhB	ves	fecI	tar	hyaD	yjdA	yhjH	nupG	ompW	ansB	hyaE	yqeF	hyaF	motB	mglB	rimN	modC	fliC	nudB	fadB	flgM	appC	dadX	flxA	feaR	appB	flgN	flgL	yjjI	fliD	pyrB	tsr	fliT	cycA	artI	ksgA	aceF	cheB	fliZ	cstA	modA	atpC	hyaC	fhuF	entB	modB	cheZ	fliA	betT	betI	aceK	bcsE	yrdB	cheR	yjcZ	tap	hyaB	cheY	bioD	aceB	pyrI	motA	bcsF	fadA	cheW	livG	cadB
8.3938000	8.3988000	8.9560000	11.2980000	9.0961000	8.1722000	9.2702000	10.0900000	7.7244000	9.4744000	11.1920000	9.4299000	7.8127000	11.5990000	8.1991000	10.9490000	7.8033000	10.8860000	12.4800000	8.1639000	9.7983000	9.9570000	7.5215000	8.1623000	7.0089000	11.8750000	10.4630000	8.8372000	9.5065000	13.0490000	9.9390000	7.8839000	12.7340000	8.3589000	8.6997000	13.2520000	6.1831000	7.5012000	12.3210000	11.3860000	8.9176000	9.6786000	9.6467000	11.0650000	8.9343000	8.8851000	8.5054000	8.9086000	9.7893000	9.9953000	10.5760000	10.0880000	11.4050000	10.1770000	7.3216000	8.5587000	8.2070000	10.7640000	9.3588000	11.8250000	9.1946000	10.5160000	7.7060000	7.5546000	8.1330000	9.1759000	9.8206000	10.0450000	7.9646000	10.3310000	7.6085000	9.2463000	8.6907000	12.4950000	6.8167000	8.0756000	10.2930000	8.0294000	7.0701000
9.2166000	8.7842000	9.2464000	8.7784000	8.6214000	8.3232000	9.0726000	12.8140000	7.8177000	7.7652000	10.5680000	9.5079000	8.5330000	8.9790000	7.9815000	9.5219000	8.4845000	8.5432000	10.2610000	8.2642000	7.4455000	8.0099000	8.0459000	7.9531000	7.8351000	9.9807000	12.9380000	8.3156000	8.4733000	12.1620000	11.4510000	8.9042000	10.3800000	9.6798000	8.9889000	10.9990000	6.6499000	8.6739000	10.1800000	9.6701000	8.2300000	8.4605000	8.4478000	10.3240000	9.3256000	8.0387000	8.5839000	9.2793000	8.6906000	8.1887000	9.7898000	9.3904000	8.8763000	10.1370000	7.6689000	8.3666000	7.9735000	7.9504000	8.1481000	10.5310000	8.9846000	9.6726000	8.2625000	8.5335000	7.7848000	8.1256000	8.6703000	9.4684000	8.9125000	9.3942000	8.1853000	9.3600000	7.6903000	9.6515000	8.0964000	8.7649000	9.8443000	8.6934000	7.9435000
