betA	carB	fadJ	flgK	dadA	tyrA	dctA	deoC	artQ	ycgR	cheA	trg	ryhB	ves	fecI	tar	hyaD	yjdA	yhjH	nupG	ompW	ansB	hyaE	yqeF	hyaF	motB	mglB	rimN	modC	fliC	nudB	fadB	flgM	appC	dadX	flxA	feaR	appB	flgN	flgL	yjjI	fliD	pyrB	tsr	fliT	cycA	artI	ksgA	aceF	cheB	fliZ	cstA	modA	atpC	hyaC	fhuF	entB	modB	cheZ	fliA	betT	betI	aceK	bcsE	yrdB	cheR	yjcZ	tap	hyaB	cheY	bioD	aceB	pyrI	motA	bcsF	fadA	cheW	livG	cadB
9.0926000	9.6978000	9.3635000	10.9460000	10.7930000	7.9654000	11.7800000	9.0553000	9.2261000	10.0150000	11.9640000	10.3910000	8.0368000	9.2134000	8.4281000	12.0520000	7.9271000	9.8236000	11.7460000	7.6181000	9.6370000	8.1836000	7.5677000	8.6336000	7.4596000	10.3360000	10.5930000	9.5788000	8.8834000	13.4000000	10.5540000	8.7952000	11.8660000	8.5015000	9.8464000	11.2320000	6.4452000	7.5973000	11.6450000	11.2050000	7.8695000	11.2730000	10.0160000	11.5810000	10.6780000	8.3817000	10.1770000	10.0470000	11.9620000	10.8960000	10.9170000	10.8890000	9.8566000	12.5570000	7.4491000	8.5786000	8.2630000	9.6966000	10.9580000	11.3170000	8.9326000	9.2732000	8.3231000	8.4601000	8.5884000	9.8578000	9.4641000	11.1570000	8.2305000	11.5490000	7.8310000	10.9300000	9.2289000	10.6790000	7.5502000	8.5709000	11.6890000	8.5283000	7.1721000
8.5847000	8.1348000	9.4159000	6.9483000	11.1510000	9.5864000	10.3860000	9.0393000	9.0478000	6.0288000	7.9728000	8.2912000	8.3725000	8.1895000	8.2760000	8.4148000	7.8841000	7.4981000	8.3626000	7.9391000	12.3470000	9.3545000	7.4608000	9.1442000	7.2274000	6.9767000	10.7420000	9.5270000	8.1688000	8.8209000	10.4000000	8.5685000	8.0896000	8.5895000	10.1960000	7.0996000	7.0482000	7.6277000	7.9012000	7.9712000	8.1984000	6.5004000	8.0755000	8.7994000	8.1668000	10.2050000	10.2700000	9.0856000	10.7680000	7.5208000	6.7259000	11.7490000	8.7776000	12.9600000	7.4922000	9.2414000	8.7588000	8.5167000	7.9966000	7.2486000	8.7720000	8.6366000	8.1859000	8.5577000	8.7296000	7.8908000	8.1273000	8.4491000	8.2783000	8.4416000	7.8220000	9.8799000	7.5186000	7.0922000	7.4941000	8.3788000	8.3399000	8.4815000	7.1331000
