cheY	cstA	fliS	pykF	motB	glnK	deoC	cheW	fliD	yhjH	dadA	artI	flgN	flgM	yjdA	nac	trg	cheZ	pck	astA	hcaR	motA	udp	cheA	yeeD	cbpM	ymgC	appB	ves	ucpA	ccmD	yjjZ	tar	cheR	ymgA	cadB	agaD	fadA	bglG	flxA	fadB	yjcH	fhuF	atpC	artQ	flgL	livH	ycgZ	hyaE	dmsA	fliZ	modC	nupG	ryhB	cheB	cycA	appC	betA	yjcZ	tap	yghZ	fliC	ycgR	astC	ycdZ	actP	yjjI	betI	astB	tsr	modB	hyaB	flgK	aldA	flgD
9.9974500	11.1520000	9.8577500	10.6665000	8.8307000	7.2851500	9.4647000	10.7935000	10.2520000	10.4920000	12.1700000	10.6080000	11.0290000	11.3555000	8.6601500	6.8959500	9.1919500	9.5712000	11.9170000	8.9255500	9.5683500	9.0618000	10.6175000	10.7795000	7.7341000	8.3816500	6.3985500	7.5896000	8.5678000	10.3125000	7.5959000	6.1386500	10.6510000	8.6521500	10.2660000	7.8517000	6.8061000	9.4339000	6.2485000	8.9225500	10.5965000	9.7496000	7.7355000	11.1720000	9.4868500	10.1545000	8.5983500	10.2445000	7.4038500	7.9464500	11.0080000	8.4038000	8.2152500	7.3229500	9.0076500	9.3007500	8.3853500	9.7940500	8.5021000	9.2822500	10.0555000	11.8935000	9.4310000	9.7776000	8.3299500	9.4758500	7.5237000	10.2895000	8.2602000	9.5997000	9.4248500	7.9574500	9.9712000	11.6315000	12.7085000
9.2457000	10.0100000	8.6487000	8.6368000	11.4010000	7.1649000	9.6578000	10.4720000	8.8539000	11.7390000	10.4240000	8.1176000	11.0630000	11.2960000	9.5889000	6.8141000	9.4788000	8.8880000	9.8755000	8.2952000	8.2540000	11.9110000	8.8013000	11.2240000	8.0686000	8.0598000	5.5037000	7.2798000	10.4930000	10.2950000	7.6501000	6.6229000	9.6212000	8.4955000	9.6644000	6.9537000	6.5863000	8.4045000	6.6208000	12.4700000	8.3221000	6.2995000	7.4843000	11.4320000	7.5503000	10.0540000	8.9930000	9.0887000	6.9895000	7.9109000	10.0010000	9.0509000	7.2103000	6.9496000	8.6495000	9.7873000	7.9571000	8.7827000	8.9692000	9.1477000	8.3615000	12.6670000	9.2740000	8.7864000	10.0990000	6.7939000	7.0161000	10.3990000	8.0726000	11.6210000	10.1030000	7.3250000	10.1470000	9.2233000	11.8810000
