cheY	cstA	fliS	pykF	motB	glnK	deoC	cheW	fliD	yhjH	dadA	artI	flgN	flgM	yjdA	nac	trg	cheZ	pck	astA	hcaR	motA	udp	cheA	yeeD	cbpM	ymgC	appB	ves	ucpA	ccmD	yjjZ	tar	cheR	ymgA	cadB	agaD	fadA	bglG	flxA	fadB	yjcH	fhuF	atpC	artQ	flgL	livH	ycgZ	hyaE	dmsA	fliZ	modC	nupG	ryhB	cheB	cycA	appC	betA	yjcZ	tap	yghZ	fliC	ycgR	astC	ycdZ	actP	yjjI	betI	astB	tsr	modB	hyaB	flgK	aldA	flgD
8.4029000	12.0810000	7.9132000	10.1850000	6.6705000	7.6400000	8.6708000	8.1825000	7.3164000	8.5247000	9.5107000	9.8879000	8.3722000	8.2547000	7.3451000	7.4490000	8.3261000	8.1079000	10.3390000	8.3554000	8.6796000	7.4871000	9.3807000	7.7965000	10.8630000	8.7099000	4.3465000	7.6196000	8.1158000	9.5566000	7.6986000	7.5988000	8.2242000	7.8142000	7.7578000	7.3419000	7.0058000	8.7766000	6.8699000	7.9199000	8.4687000	9.6742000	10.6050000	12.0020000	9.2488000	7.8933000	11.3200000	7.3923000	7.3322000	7.6726000	6.9362000	8.0430000	7.6775000	9.5060000	7.3873000	9.8758000	9.0340000	8.5640000	8.2970000	8.3498000	9.2354000	8.4311000	6.7760000	8.1484000	8.6559000	10.1450000	7.2990000	8.1144000	8.5939000	8.7984000	8.9673000	8.0414000	6.6133000	10.9100000	8.3278000
11.6686667	9.3490000	11.1453333	9.7060333	11.5936667	8.4440667	8.3399333	11.7626667	12.2103333	11.1740000	9.1978000	9.5583333	11.7196667	11.9120000	9.9461667	7.2747333	9.1221333	12.3773333	9.8820333	8.4790000	8.1210667	11.3636667	8.7011000	12.3030000	10.0172333	7.9970333	4.3034000	7.5651667	9.1854667	8.5652667	7.7626333	6.9964333	12.9966667	11.0143333	6.5089333	7.5762667	6.8824667	8.3714333	7.2666667	9.0304333	8.3312667	8.0378667	9.1057667	10.9236667	9.3612667	11.0973333	10.4065000	6.6111333	7.6613000	8.2398667	11.5903333	8.2628333	7.7675667	7.4278667	11.1823333	9.0081000	8.8105333	8.5464667	9.6361000	11.7670000	8.4078333	13.9420000	8.9202333	8.2670333	7.8072667	8.1072000	8.1490667	8.5291667	8.3313000	12.0413333	9.1273667	8.2646000	11.8630000	8.2412000	13.5023333
