cheY	cstA	fliS	pykF	motB	glnK	deoC	cheW	fliD	yhjH	dadA	artI	flgN	flgM	yjdA	nac	trg	cheZ	pck	astA	hcaR	motA	udp	cheA	yeeD	cbpM	ymgC	appB	ves	ucpA	ccmD	yjjZ	tar	cheR	ymgA	cadB	agaD	fadA	bglG	flxA	fadB	yjcH	fhuF	atpC	artQ	flgL	livH	ycgZ	hyaE	dmsA	fliZ	modC	nupG	ryhB	cheB	cycA	appC	betA	yjcZ	tap	yghZ	fliC	ycgR	astC	ycdZ	actP	yjjI	betI	astB	tsr	modB	hyaB	flgK	aldA	flgD
11.3625000	10.5820000	11.5200000	10.6335000	10.9090000	7.7495000	10.1815000	11.4790000	11.9145000	12.2925000	10.4185000	9.7505500	12.6765000	12.7350000	11.2495000	7.5815000	10.4310000	11.5590000	10.9400000	8.7960500	8.3129000	11.3230000	10.3000000	11.9725000	8.0318500	10.5320000	4.5290000	9.7575500	10.0680000	10.2245000	7.8019000	6.7390500	13.1680000	10.6105000	8.1742000	10.6095000	7.1549500	7.9286500	6.2311500	10.2368500	8.0849000	6.5248000	7.7990500	9.1163500	8.7023000	11.0990000	9.0422000	7.9533000	11.0410000	10.8835000	10.8285000	9.4270000	7.2382000	7.7392000	10.9960000	8.4173000	11.0335000	8.6088500	10.4320000	11.4115000	9.8037500	13.7475000	10.7570000	8.4380000	8.1321500	7.0687000	9.6018000	8.8293500	8.1376000	9.8696500	10.2565000	12.3985000	11.8680000	8.5041500	8.7997500
11.8180000	12.6420000	11.5600000	9.4192000	10.4430000	8.0622000	9.3613000	12.1460000	11.9210000	12.5340000	12.1090000	10.1360000	12.2870000	12.7210000	10.9500000	7.4395000	11.3680000	11.0190000	12.4010000	10.3870000	10.3800000	10.9250000	9.6607000	12.3580000	10.5660000	8.7868000	4.6267000	7.7263000	10.7160000	11.1630000	7.6135000	6.6392000	12.7400000	9.8051000	8.1345000	6.9155000	7.0987000	10.3600000	6.4995000	11.8900000	11.5770000	11.0780000	8.6859000	11.3690000	8.9551000	12.0420000	9.2782000	7.9013000	7.8547000	8.4740000	11.6670000	9.2918000	8.3938000	7.9434000	10.9430000	10.1630000	8.6365000	9.5806000	10.5170000	11.2970000	10.6250000	13.8090000	11.3340000	11.5930000	8.3498000	10.5290000	7.7179000	9.8268000	9.2442000	10.6590000	9.7046000	8.4205000	11.4230000	11.8530000	12.8010000
