cheY	cstA	fliS	pykF	motB	glnK	deoC	cheW	fliD	yhjH	dadA	artI	flgN	flgM	yjdA	nac	trg	cheZ	pck	astA	hcaR	motA	udp	cheA	yeeD	cbpM	ymgC	appB	ves	ucpA	ccmD	yjjZ	tar	cheR	ymgA	cadB	agaD	fadA	bglG	flxA	fadB	yjcH	fhuF	atpC	artQ	flgL	livH	ycgZ	hyaE	dmsA	fliZ	modC	nupG	ryhB	cheB	cycA	appC	betA	yjcZ	tap	yghZ	fliC	ycgR	astC	ycdZ	actP	yjjI	betI	astB	tsr	modB	hyaB	flgK	aldA	flgD
8.8267000	10.6250000	8.0398000	9.9392000	7.6258000	7.8707000	9.5801000	8.2315000	7.0691000	8.0842000	10.9170000	9.3126000	7.8119000	8.2020000	7.0303000	7.1822000	8.9070000	7.8998000	11.2360000	8.6463000	9.0572000	7.1486000	10.2500000	8.0465000	8.3133000	8.5276000	4.7605000	7.7208000	8.6604000	10.6280000	7.3918000	6.5955000	8.8861000	7.6453000	8.7403000	7.3261000	7.0671000	8.5725000	6.7383000	7.9672000	8.5530000	7.4220000	7.7879000	12.0440000	8.4700000	8.2341000	9.1763000	8.5280000	7.7618000	8.1029000	6.2268000	8.4115000	8.3675000	8.3329000	7.9039000	9.5285000	8.6345000	9.0644000	8.3261000	8.8090000	9.2419000	8.7269000	6.8833000	8.8852000	9.2290000	7.4984000	7.5734000	10.0900000	8.0926000	9.3434000	8.3508000	8.3305000	6.9371000	10.2660000	8.6634000
9.1663000	12.7190000	8.8667000	8.7805000	7.9301000	7.9140000	8.8679000	8.8265000	6.9800000	8.5680000	12.0440000	9.2498000	8.1726000	8.6258000	7.6419000	7.4072000	9.4018000	8.1712000	9.9699000	11.3180000	9.2510000	7.3492000	8.9478000	8.6438000	9.6505000	8.9636000	4.6721000	7.7355000	9.0578000	11.0990000	7.0724000	8.4185000	9.5955000	8.0472000	8.1903000	7.5267000	7.2143000	11.3020000	6.7657000	8.0992000	11.9200000	9.7748000	9.1037000	10.0840000	8.2859000	8.2419000	9.6079000	8.0485000	8.0693000	8.5361000	6.6035000	8.3523000	7.6053000	9.7203000	8.6016000	10.0710000	9.1177000	9.4761000	9.0754000	9.4002000	10.2370000	8.6765000	7.3129000	12.3110000	9.1296000	9.5033000	7.9767000	8.9173000	10.5510000	9.8499000	7.9592000	8.9457000	7.3378000	12.4530000	9.2585000
