acs	aer
7.550366666666666	7.2824
8.6458	9.2581
7.8578	9.7651
9.344	10.697
7.736499999999999	9.3445
9.1283	9.3447
6.6024	10.99
8.537366666666665	8.693333333333333
7.683233333333334	9.1158
7.6087500000000015	8.8496
12.526	8.5361
